Build started 04/02/2026 6:26:40 PM.
Logging verbosity is set to: Detailed.     0>Process = "C:\Program Files\dotnet\dotnet.exe"
       MSBuild executable path = "C:\Program Files\dotnet\sdk\8.0.417\MSBuild.dll"
       Command line arguments = "C:\Program Files\dotnet\sdk\8.0.417\MSBuild.dll -maxcpucount -verbosity:m -nologo -restore -consoleloggerparameters:Summary CosmoWhisper-Windows\CosmoWhisper\CosmoWhisper.csproj /fl -distributedlogger:Microsoft.DotNet.Tools.MSBuild.MSBuildLogger,C:\Program Files\dotnet\sdk\8.0.417\dotnet.dll*Microsoft.DotNet.Tools.MSBuild.MSBuildForwardingLogger,C:\Program Files\dotnet\sdk\8.0.417\dotnet.dll"
       Current directory = "C:\Users\louis\OneDrive\Documents\GitHub\CosmoWhisper-Native"
       MSBuild version = "17.11.48+02bf66295"
       Based on the Windows registry key LongPathsEnabled, the LongPaths feature is disabled.
       The SDK "Microsoft.NET.Sdk" was successfully resolved by the "DefaultSdkResolver" resolver to location "C:\Program Files\dotnet\sdk\8.0.417\Sdks\Microsoft.NET.Sdk\Sdk" and version "".
       Assembly loaded during Evaluation: Microsoft.NET.StringTools, Version=1.0.0.0, Culture=neutral, PublicKeyToken=b03f5f7f11d50a3a (location: C:\Program Files\dotnet\sdk\8.0.417\Microsoft.NET.StringTools.dll, MVID: a6df08db-4589-427d-8720-dbb53fdf37b0, AssemblyLoadContext: Default)
       Property 'MSBuildExtensionsPath' with value 'C:\Program Files\dotnet\sdk\8.0.417\' expanded from the environment.
       Property reassignment: $(MSBuildProjectExtensionsPath)="C:\Users\louis\OneDrive\Documents\GitHub\CosmoWhisper-Native\CosmoWhisper-Windows\CosmoWhisper\obj\" (previous value: "obj\") at C:\Program Files\dotnet\sdk\8.0.417\Current\Microsoft.Common.props (60,5)
       Property 'MSBuildUserExtensionsPath' with value 'C:\Users\louis\AppData\Local\Microsoft\MSBuild' expanded from the environment.
       Property reassignment: $(AssemblySearchPaths)="{CandidateAssemblyFiles};{HintPathFromItem}" (previous value: "{CandidateAssemblyFiles}") at C:\Program Files\dotnet\sdk\8.0.417\Sdks\Microsoft.NET.Sdk\targets\Microsoft.NET.Sdk.props (91,5)
       Property reassignment: $(AssemblySearchPaths)="{CandidateAssemblyFiles};{HintPathFromItem};{TargetFrameworkDirectory}" (previous value: "{CandidateAssemblyFiles};{HintPathFromItem}") at C:\Program Files\dotnet\sdk\8.0.417\Sdks\Microsoft.NET.Sdk\targets\Microsoft.NET.Sdk.props (92,5)
       Property reassignment: $(AssemblySearchPaths)="{CandidateAssemblyFiles};{HintPathFromItem};{TargetFrameworkDirectory};{RawFileName}" (previous value: "{CandidateAssemblyFiles};{HintPathFromItem};{TargetFrameworkDirectory}") at C:\Program Files\dotnet\sdk\8.0.417\Sdks\Microsoft.NET.Sdk\targets\Microsoft.NET.Sdk.props (93,5)
       The "DefaultSdkResolver" resolver attempted to resolve the SDK "Microsoft.NET.SDK.WorkloadAutoImportPropsLocator".
       Warnings: null
       Errors: MSB4276: The default SDK resolver failed to resolve SDK "Microsoft.NET.SDK.WorkloadAutoImportPropsLocator" because directory "C:\Program Files\dotnet\sdk\8.0.417\Sdks\Microsoft.NET.SDK.WorkloadAutoImportPropsLocator\Sdk" did not exist.
       Assembly loaded during Evaluation: Microsoft.Build.NuGetSdkResolver, Version=6.11.1.2, Culture=neutral, PublicKeyToken=31bf3856ad364e35 (location: C:\Program Files\dotnet\sdk\8.0.417\Microsoft.Build.NuGetSdkResolver.dll, MVID: ae254ffe-3ea7-4bba-8a74-0bd55e8cfe87, AssemblyLoadContext: MSBuild plugin C:\Program Files\dotnet\sdk\8.0.417\Microsoft.Build.NuGetSdkResolver.dll)
       Assembly loaded during Evaluation: Microsoft.NET.Sdk.WorkloadMSBuildSdkResolver, Version=8.0.417.0, Culture=neutral, PublicKeyToken=31bf3856ad364e35 (location: C:\Program Files\dotnet\sdk\8.0.417\Microsoft.NET.Sdk.WorkloadMSBuildSdkResolver.dll, MVID: fa967c6f-a811-43df-a656-6d7ebcbc8a5a, AssemblyLoadContext: MSBuild plugin C:\Program Files\dotnet\sdk\8.0.417\Microsoft.NET.Sdk.WorkloadMSBuildSdkResolver.dll)
       Assembly loaded during Evaluation: System.Reflection.Metadata, Version=8.0.0.0, Culture=neutral, PublicKeyToken=b03f5f7f11d50a3a (location: C:\Program Files\dotnet\shared\Microsoft.NETCore.App\8.0.23\System.Reflection.Metadata.dll, MVID: ce527145-39f4-4972-99c2-a1d5c7d0ad0e, AssemblyLoadContext: Default)
       Assembly loaded during Evaluation: Microsoft.DotNet.Cli.Utils, Version=8.0.417.0, Culture=neutral, PublicKeyToken=adb9793829ddae60 (location: C:\Program Files\dotnet\sdk\8.0.417\Microsoft.DotNet.Cli.Utils.dll, MVID: 43247955-3899-4a2d-9250-048c9ee2f668, AssemblyLoadContext: MSBuild plugin C:\Program Files\dotnet\sdk\8.0.417\Microsoft.NET.Sdk.WorkloadMSBuildSdkResolver.dll)
       Assembly loaded during Evaluation: Microsoft.NET.Sdk.WorkloadManifestReader, Version=8.0.417.0, Culture=neutral, PublicKeyToken=adb9793829ddae60 (location: C:\Program Files\dotnet\sdk\8.0.417\Microsoft.NET.Sdk.WorkloadManifestReader.dll, MVID: cb091d47-a527-4c8e-b8bf-7cbfbbb2ee97, AssemblyLoadContext: MSBuild plugin C:\Program Files\dotnet\sdk\8.0.417\Microsoft.NET.Sdk.WorkloadMSBuildSdkResolver.dll)
       Assembly loaded during Evaluation: Microsoft.Deployment.DotNet.Releases, Version=2.0.0.0, Culture=neutral, PublicKeyToken=31bf3856ad364e35 (location: C:\Program Files\dotnet\sdk\8.0.417\Microsoft.Deployment.DotNet.Releases.dll, MVID: 34f9f9be-a352-437d-b864-e54aac6740dd, AssemblyLoadContext: MSBuild plugin C:\Program Files\dotnet\sdk\8.0.417\Microsoft.NET.Sdk.WorkloadMSBuildSdkResolver.dll)
       The SDK "Microsoft.NET.SDK.WorkloadAutoImportPropsLocator" was successfully resolved by the "Microsoft.DotNet.MSBuildWorkloadSdkResolver" resolver to location "null" and version "null".
       Property reassignment: $(TargetsForTfmSpecificContentInPackage)=";PackTool;_PackProjectToolValidation" (previous value: ";PackTool") at C:\Program Files\dotnet\sdk\8.0.417\Sdks\Microsoft.NET.Sdk\targets\Microsoft.NET.PackProjectTool.props (15,5)
       Property reassignment: $(OutputType)="WinExe" (previous value: "Library") at C:\Users\louis\OneDrive\Documents\GitHub\CosmoWhisper-Native\CosmoWhisper-Windows\CosmoWhisper\CosmoWhisper.csproj (4,5)
       Property reassignment: $(AssemblyName)="CosmoWhisperNative" (previous value: "CosmoWhisper") at C:\Users\louis\OneDrive\Documents\GitHub\CosmoWhisper-Native\CosmoWhisper-Windows\CosmoWhisper\CosmoWhisper.csproj (10,5)
       Property reassignment: $(AllowUnsafeBlocks)="true" (previous value: "false") at C:\Users\louis\OneDrive\Documents\GitHub\CosmoWhisper-Native\CosmoWhisper-Windows\CosmoWhisper\CosmoWhisper.csproj (11,5)
       Property reassignment: $(NoWarn)="CS8618;CS8600;CS8601;CS8602;CS8604;CS0168;CS0219;CS0414" (previous value: "1701;1702") at C:\Users\louis\OneDrive\Documents\GitHub\CosmoWhisper-Native\CosmoWhisper-Windows\CosmoWhisper\CosmoWhisper.csproj (15,5)
       Property reassignment: $(PublishProfileImported)="false" (previous value: "true") at C:\Program Files\dotnet\sdk\8.0.417\Sdks\Microsoft.NET.Sdk\targets\Microsoft.NET.Sdk.ImportPublishProfile.targets (28,5)
       Assembly loaded during Evaluation: NuGet.Frameworks, Version=6.11.1.2, Culture=neutral, PublicKeyToken=31bf3856ad364e35 (location: C:\Program Files\dotnet\sdk\8.0.417\NuGet.Frameworks.dll, MVID: 36fa17a1-abb6-4cce-b85c-dd32a6dcc45f, AssemblyLoadContext: Assembly.LoadFile(C:\Program Files\dotnet\sdk\8.0.417\NuGet.Frameworks.dll))
       Property reassignment: $(TargetPlatformIdentifier)="Windows" (previous value: "windows") at C:\Program Files\dotnet\sdk\8.0.417\Sdks\Microsoft.NET.Sdk\targets\Microsoft.NET.TargetFrameworkInference.targets (71,5)
       Property reassignment: $(DefaultItemExcludes)=";bin\Debug\/**;obj\Debug\/**" (previous value: ";bin\Debug\/**") at C:\Program Files\dotnet\sdk\8.0.417\Sdks\Microsoft.NET.Sdk\targets\Microsoft.NET.DefaultOutputPaths.targets (122,5)
       Property reassignment: $(OutputPath)="bin\Debug\net8.0-windows10.0.19041.0\" (previous value: "bin\Debug\") at C:\Program Files\dotnet\sdk\8.0.417\Sdks\Microsoft.NET.Sdk\targets\Microsoft.NET.DefaultOutputPaths.targets (137,5)
       Property reassignment: $(IntermediateOutputPath)="obj\Debug\net8.0-windows10.0.19041.0\" (previous value: "obj\Debug\") at C:\Program Files\dotnet\sdk\8.0.417\Sdks\Microsoft.NET.Sdk\targets\Microsoft.NET.DefaultOutputPaths.targets (142,5)
       The "DefaultSdkResolver" resolver attempted to resolve the SDK "Microsoft.NET.SDK.WorkloadManifestTargetsLocator".
       Warnings: null
       Errors: MSB4276: The default SDK resolver failed to resolve SDK "Microsoft.NET.SDK.WorkloadManifestTargetsLocator" because directory "C:\Program Files\dotnet\sdk\8.0.417\Sdks\Microsoft.NET.SDK.WorkloadManifestTargetsLocator\Sdk" did not exist.
       The SDK "Microsoft.NET.SDK.WorkloadManifestTargetsLocator" was successfully resolved by the "Microsoft.DotNet.MSBuildWorkloadSdkResolver" resolver to location "C:\Program Files\dotnet\sdk-manifests\8.0.100\microsoft.net.sdk.android\34.0.43" and version "null".
       Property reassignment: $(_FrameworkIdentifierForImplicitDefine)="NET" (previous value: "NETCOREAPP") at C:\Program Files\dotnet\sdk\8.0.417\Sdks\Microsoft.NET.Sdk\targets\Microsoft.NET.Sdk.BeforeCommon.targets (187,5)
       Property reassignment: $(_FrameworkVersionForImplicitDefine)="8_0" (previous value: "8.0") at C:\Program Files\dotnet\sdk\8.0.417\Sdks\Microsoft.NET.Sdk\targets\Microsoft.NET.Sdk.BeforeCommon.targets (192,5)
       Property reassignment: $(CommandLineArgsForDesignTimeEvaluation)="-langversion:12.0 -define:TRACE" (previous value: "-langversion:12.0") at C:\Program Files\dotnet\sdk\8.0.417\Roslyn\Microsoft.CSharp.Core.targets (200,5)
       Assembly loaded during Evaluation: Microsoft.Build.Utilities.Core, Version=15.1.0.0, Culture=neutral, PublicKeyToken=b03f5f7f11d50a3a (location: C:\Program Files\dotnet\sdk\8.0.417\Microsoft.Build.Utilities.Core.dll, MVID: 3ef2c93a-1391-4e37-a4e3-a5d04b06a824, AssemblyLoadContext: Default)
       Property reassignment: $(_DebugSymbolsProduced)="true" (previous value: "false") at C:\Program Files\dotnet\sdk\8.0.417\Microsoft.Common.CurrentVersion.targets (175,5)
       Property reassignment: $(_DocumentationFileProduced)="false" (previous value: "true") at C:\Program Files\dotnet\sdk\8.0.417\Microsoft.Common.CurrentVersion.targets (185,5)
       Property reassignment: $(MSBuildCopyMarkerName)="CosmoWhi.E9C7E056" (previous value: "CosmoWhisper.csproj") at C:\Program Files\dotnet\sdk\8.0.417\Microsoft.Common.CurrentVersion.targets (392,5)
       Property reassignment: $(MSBuildCopyMarkerName)="CosmoWhi.E9C7E056.Up2Date" (previous value: "CosmoWhi.E9C7E056") at C:\Program Files\dotnet\sdk\8.0.417\Microsoft.Common.CurrentVersion.targets (393,5)
       Property reassignment: $(ProcessorArchitecture)="msil" (previous value: "") at C:\Program Files\dotnet\sdk\8.0.417\Microsoft.Common.CurrentVersion.targets (541,5)
       Property reassignment: $(DelaySign)="" (previous value: "false") at C:\Program Files\dotnet\sdk\8.0.417\Microsoft.Common.CurrentVersion.targets (580,5)
       Property 'LOCALAPPDATA' with value 'C:\Users\louis\AppData\Local' expanded from the environment.
       Property reassignment: $(_SGenGenerateSerializationAssembliesConfig)="Auto" (previous value: "") at C:\Program Files\dotnet\sdk\8.0.417\Microsoft.Common.CurrentVersion.targets (3896,5)
       Property reassignment: $(_SGenGenerateSerializationAssembliesConfig)="Off" (previous value: "Auto") at C:\Program Files\dotnet\sdk\8.0.417\Microsoft.Common.CurrentVersion.targets (3897,5)
       Property reassignment: $(_TargetsThatPrepareProjectReferences)="
             AssignProjectConfiguration;
             _SplitProjectReferencesByFileExistence
           " (previous value: "_SplitProjectReferencesByFileExistence") at C:\Program Files\dotnet\sdk\8.0.417\Microsoft.Common.CurrentVersion.targets (5099,5)
       Property 'MSBuildExtensionsPath32' with value 'C:\Program Files\dotnet\sdk\8.0.417' expanded from the environment.
       Assembly loaded during Evaluation: System.Threading.Tasks.Parallel, Version=8.0.0.0, Culture=neutral, PublicKeyToken=b03f5f7f11d50a3a (location: C:\Program Files\dotnet\shared\Microsoft.NETCore.App\8.0.23\System.Threading.Tasks.Parallel.dll, MVID: 699b82e1-d13f-432e-9a9a-581b57eef915, AssemblyLoadContext: Default)
       Property reassignment: $(ProjectAssetsFile)="C:\Users\louis\OneDrive\Documents\GitHub\CosmoWhisper-Native\CosmoWhisper-Windows\CosmoWhisper\obj\project.assets.json" (previous value: "C:\Users\louis\OneDrive\Documents\GitHub\CosmoWhisper-Native\CosmoWhisper-Windows\CosmoWhisper\obj\/project.assets.json") at C:\Program Files\dotnet\sdk\8.0.417\Sdks\Microsoft.NET.Sdk\targets\Microsoft.PackageDependencyResolution.targets (24,5)
       Property reassignment: $(ProjectAssetsCacheFile)="C:\Users\louis\OneDrive\Documents\GitHub\CosmoWhisper-Native\CosmoWhisper-Windows\CosmoWhisper\obj\Debug\net8.0-windows10.0.19041.0\CosmoWhisper.assets.cache" (previous value: "obj\Debug\net8.0-windows10.0.19041.0\CosmoWhisper.assets.cache") at C:\Program Files\dotnet\sdk\8.0.417\Sdks\Microsoft.NET.Sdk\targets\Microsoft.PackageDependencyResolution.targets (29,5)
       Property reassignment: $(ResolveAssemblyReferencesDependsOn)="
             
             ResolveProjectReferences;
             FindInvalidProjectReferences;
             GetFrameworkPaths;
             GetReferenceAssemblyPaths;
             PrepareForBuild;
             ResolveSDKReferences;
             ExpandSDKReferences;
           ;
             ResolvePackageDependenciesForBuild;
             _HandlePackageFileConflicts;
           " (previous value: "
             ResolveProjectReferences;
             FindInvalidProjectReferences;
             GetFrameworkPaths;
             GetReferenceAssemblyPaths;
             PrepareForBuild;
             ResolveSDKReferences;
             ExpandSDKReferences;
           ") at C:\Program Files\dotnet\sdk\8.0.417\Sdks\Microsoft.NET.Sdk\targets\Microsoft.PackageDependencyResolution.targets (80,5)
       Property reassignment: $(PrepareResourcesDependsOn)="
             ResolvePackageDependenciesForBuild;
             _HandlePackageFileConflicts;
             
             ;
             PrepareResourceNames;
             ResGen;
             CompileLicxFiles
           
           " (previous value: "
             ;
             PrepareResourceNames;
             ResGen;
             CompileLicxFiles
           ") at C:\Program Files\dotnet\sdk\8.0.417\Sdks\Microsoft.NET.Sdk\targets\Microsoft.PackageDependencyResolution.targets (86,5)
       Property reassignment: $(DefaultItemExcludes)=";bin\Debug\/**;obj\Debug\/**;bin\/**" (previous value: ";bin\Debug\/**;obj\Debug\/**") at C:\Program Files\dotnet\sdk\8.0.417\Sdks\Microsoft.NET.Sdk\targets\Microsoft.NET.Sdk.DefaultItems.targets (27,5)
       Property reassignment: $(DefaultItemExcludes)=";bin\Debug\/**;obj\Debug\/**;bin\/**;obj\/**" (previous value: ";bin\Debug\/**;obj\Debug\/**;bin\/**") at C:\Program Files\dotnet\sdk\8.0.417\Sdks\Microsoft.NET.Sdk\targets\Microsoft.NET.Sdk.DefaultItems.targets (29,5)
       Property reassignment: $(DefaultItemExcludes)=";bin\Debug\/**;obj\Debug\/**;bin\/**;obj\/**;**/*.user" (previous value: ";bin\Debug\/**;obj\Debug\/**;bin\/**;obj\/**") at C:\Program Files\dotnet\sdk\8.0.417\Sdks\Microsoft.NET.Sdk\targets\Microsoft.NET.Sdk.DefaultItems.targets (32,5)
       Property reassignment: $(DefaultItemExcludes)=";bin\Debug\/**;obj\Debug\/**;bin\/**;obj\/**;**/*.user;**/*.*proj" (previous value: ";bin\Debug\/**;obj\Debug\/**;bin\/**;obj\/**;**/*.user") at C:\Program Files\dotnet\sdk\8.0.417\Sdks\Microsoft.NET.Sdk\targets\Microsoft.NET.Sdk.DefaultItems.targets (33,5)
       Property reassignment: $(DefaultItemExcludes)=";bin\Debug\/**;obj\Debug\/**;bin\/**;obj\/**;**/*.user;**/*.*proj;**/*.sln" (previous value: ";bin\Debug\/**;obj\Debug\/**;bin\/**;obj\/**;**/*.user;**/*.*proj") at C:\Program Files\dotnet\sdk\8.0.417\Sdks\Microsoft.NET.Sdk\targets\Microsoft.NET.Sdk.DefaultItems.targets (34,5)
       Property reassignment: $(DefaultItemExcludes)=";bin\Debug\/**;obj\Debug\/**;bin\/**;obj\/**;**/*.user;**/*.*proj;**/*.sln;**/*.vssscc" (previous value: ";bin\Debug\/**;obj\Debug\/**;bin\/**;obj\/**;**/*.user;**/*.*proj;**/*.sln") at C:\Program Files\dotnet\sdk\8.0.417\Sdks\Microsoft.NET.Sdk\targets\Microsoft.NET.Sdk.DefaultItems.targets (35,5)
       Property reassignment: $(DefaultItemExcludes)=";bin\Debug\/**;obj\Debug\/**;bin\/**;obj\/**;**/*.user;**/*.*proj;**/*.sln;**/*.vssscc;**/.DS_Store" (previous value: ";bin\Debug\/**;obj\Debug\/**;bin\/**;obj\/**;**/*.user;**/*.*proj;**/*.sln;**/*.vssscc") at C:\Program Files\dotnet\sdk\8.0.417\Sdks\Microsoft.NET.Sdk\targets\Microsoft.NET.Sdk.DefaultItems.targets (36,5)
       Property reassignment: $(ResolveAssemblyReferencesDependsOn)="
             
             
             ResolveProjectReferences;
             FindInvalidProjectReferences;
             GetFrameworkPaths;
             GetReferenceAssemblyPaths;
             PrepareForBuild;
             ResolveSDKReferences;
             ExpandSDKReferences;
           ;
             ResolvePackageDependenciesForBuild;
             _HandlePackageFileConflicts;
           ;
             ResolveTargetingPackAssets;
           " (previous value: "
             
             ResolveProjectReferences;
             FindInvalidProjectReferences;
             GetFrameworkPaths;
             GetReferenceAssemblyPaths;
             PrepareForBuild;
             ResolveSDKReferences;
             ExpandSDKReferences;
           ;
             ResolvePackageDependenciesForBuild;
             _HandlePackageFileConflicts;
           ") at C:\Program Files\dotnet\sdk\8.0.417\Sdks\Microsoft.NET.Sdk\targets\Microsoft.NET.Sdk.FrameworkReferenceResolution.targets (14,5)
       Property reassignment: $(_GenerateRuntimeConfigurationPropertyInputsCache)="C:\Users\louis\OneDrive\Documents\GitHub\CosmoWhisper-Native\CosmoWhisper-Windows\CosmoWhisper\obj\Debug\net8.0-windows10.0.19041.0\CosmoWhisper.genruntimeconfig.cache" (previous value: "obj\Debug\net8.0-windows10.0.19041.0\CosmoWhisper.genruntimeconfig.cache") at C:\Program Files\dotnet\sdk\8.0.417\Sdks\Microsoft.NET.Sdk\targets\Microsoft.NET.Sdk.targets (44,5)
       Property reassignment: $(_GeneratePublishDependencyFilePropertyInputsCache)="C:\Users\louis\OneDrive\Documents\GitHub\CosmoWhisper-Native\CosmoWhisper-Windows\CosmoWhisper\obj\Debug\net8.0-windows10.0.19041.0\CosmoWhisper.genpublishdeps.cache" (previous value: "obj\Debug\net8.0-windows10.0.19041.0\CosmoWhisper.genpublishdeps.cache") at C:\Program Files\dotnet\sdk\8.0.417\Sdks\Microsoft.NET.Sdk\targets\Microsoft.NET.Sdk.targets (46,5)
       Property reassignment: $(_GenerateSingleFileBundlePropertyInputsCache)="C:\Users\louis\OneDrive\Documents\GitHub\CosmoWhisper-Native\CosmoWhisper-Windows\CosmoWhisper\obj\Debug\net8.0-windows10.0.19041.0\CosmoWhisper.genbundle.cache" (previous value: "obj\Debug\net8.0-windows10.0.19041.0\CosmoWhisper.genbundle.cache") at C:\Program Files\dotnet\sdk\8.0.417\Sdks\Microsoft.NET.Sdk\targets\Microsoft.NET.Sdk.targets (48,5)
       Property reassignment: $(GenerateRuntimeConfigDevFile)="false" (previous value: "true") at C:\Program Files\dotnet\sdk\8.0.417\Sdks\Microsoft.NET.Sdk\targets\Microsoft.NET.Sdk.targets (81,5)
       Property 'USERPROFILE' with value 'C:\Users\louis' expanded from the environment.
       Property reassignment: $(_DefaultUserProfileRuntimeStorePath)="C:\Users\louis" (previous value: "") at C:\Program Files\dotnet\sdk\8.0.417\Sdks\Microsoft.NET.Sdk\targets\Microsoft.NET.Sdk.targets (97,5)
       Property reassignment: $(_DefaultUserProfileRuntimeStorePath)="C:\Users\louis\.dotnet\store" (previous value: "C:\Users\louis") at C:\Program Files\dotnet\sdk\8.0.417\Sdks\Microsoft.NET.Sdk\targets\Microsoft.NET.Sdk.targets (98,5)
       Property reassignment: $(AvailablePlatforms)="Any CPU,x86,x64,ARM32" (previous value: "Any CPU,x86,x64") at C:\Program Files\dotnet\sdk\8.0.417\Sdks\Microsoft.NET.Sdk\targets\Microsoft.NET.Sdk.targets (136,5)
       Property reassignment: $(AvailablePlatforms)="Any CPU,x86,x64,ARM32,ARM64" (previous value: "Any CPU,x86,x64,ARM32") at C:\Program Files\dotnet\sdk\8.0.417\Sdks\Microsoft.NET.Sdk\targets\Microsoft.NET.Sdk.targets (140,5)
       Property reassignment: $(CoreBuildDependsOn)="
             _CheckForBuildWithNoBuild;
             
             BuildOnlySettings;
             PrepareForBuild;
             PreBuildEvent;
             ResolveReferences;
             PrepareResources;
             ResolveKeySource;
             Compile;
             ExportWindowsMDFile;
             UnmanagedUnregistration;
             GenerateSerializationAssemblies;
             CreateSatelliteAssemblies;
             GenerateManifests;
             GetTargetPath;
             PrepareForRun;
             UnmanagedRegistration;
             IncrementalClean;
             PostBuildEvent
           ;
             GenerateBuildDependencyFile;
             GenerateBuildRuntimeConfigurationFiles
           " (previous value: "
             BuildOnlySettings;
             PrepareForBuild;
             PreBuildEvent;
             ResolveReferences;
             PrepareResources;
             ResolveKeySource;
             Compile;
             ExportWindowsMDFile;
             UnmanagedUnregistration;
             GenerateSerializationAssemblies;
             CreateSatelliteAssemblies;
             GenerateManifests;
             GetTargetPath;
             PrepareForRun;
             UnmanagedRegistration;
             IncrementalClean;
             PostBuildEvent
           ") at C:\Program Files\dotnet\sdk\8.0.417\Sdks\Microsoft.NET.Sdk\targets\Microsoft.NET.Sdk.targets (197,5)
       Property reassignment: $(CoreCleanDependsOn)="
             _SdkBeforeClean;
             
           " (previous value: "") at C:\Program Files\dotnet\sdk\8.0.417\Sdks\Microsoft.NET.Sdk\targets\Microsoft.NET.Sdk.targets (206,5)
       Property reassignment: $(RebuildDependsOn)="
             _SdkBeforeRebuild;
             
             BeforeRebuild;
             Clean;
             Build;
             AfterRebuild;
           
           " (previous value: "
             BeforeRebuild;
             Clean;
             Build;
             AfterRebuild;
           ") at C:\Program Files\dotnet\sdk\8.0.417\Sdks\Microsoft.NET.Sdk\targets\Microsoft.NET.Sdk.targets (213,5)
       Property reassignment: $(CompileDependsOn)="
             
             ResolveReferences;
             ResolveKeySource;
             SetWin32ManifestProperties;
             _SetPreferNativeArm64Win32ManifestProperties;
             FindReferenceAssembliesForReferences;
             _GenerateCompileInputs;
             BeforeCompile;
             _TimeStampBeforeCompile;
             _GenerateCompileDependencyCache;
             CoreCompile;
             _TimeStampAfterCompile;
             AfterCompile;
           ;
             _CreateAppHost;
             _CreateComHost;
             _GetIjwHostPaths;
           " (previous value: "
             ResolveReferences;
             ResolveKeySource;
             SetWin32ManifestProperties;
             _SetPreferNativeArm64Win32ManifestProperties;
             FindReferenceAssembliesForReferences;
             _GenerateCompileInputs;
             BeforeCompile;
             _TimeStampBeforeCompile;
             _GenerateCompileDependencyCache;
             CoreCompile;
             _TimeStampAfterCompile;
             AfterCompile;
           ") at C:\Program Files\dotnet\sdk\8.0.417\Sdks\Microsoft.NET.Sdk\targets\Microsoft.NET.Sdk.targets (679,5)
       Property reassignment: $(CreateSatelliteAssembliesDependsOn)="
             
             ;
             _GenerateSatelliteAssemblyInputs;
             ComputeIntermediateSatelliteAssemblies;
             GenerateSatelliteAssemblies
           ;
             CoreGenerateSatelliteAssemblies
           " (previous value: "
             ;
             _GenerateSatelliteAssemblyInputs;
             ComputeIntermediateSatelliteAssemblies;
             GenerateSatelliteAssemblies
           ") at C:\Program Files\dotnet\sdk\8.0.417\Sdks\Microsoft.NET.Sdk\targets\Microsoft.NET.Sdk.targets (1065,5)
       Property reassignment: $(SourceLinkUrlInitializerTargets)=";_InitializeGitHubSourceLinkUrl;_InitializeGitLabSourceLinkUrl" (previous value: ";_InitializeGitHubSourceLinkUrl") at C:\Program Files\dotnet\sdk\8.0.417\Sdks\Microsoft.SourceLink.GitLab\build\Microsoft.SourceLink.GitLab.targets (12,5)
       Property reassignment: $(SourceControlManagerUrlTranslationTargets)=";TranslateGitHubUrlsInSourceControlInformation;TranslateGitLabUrlsInSourceControlInformation" (previous value: ";TranslateGitHubUrlsInSourceControlInformation") at C:\Program Files\dotnet\sdk\8.0.417\Sdks\Microsoft.SourceLink.GitLab\build\Microsoft.SourceLink.GitLab.targets (13,5)
       Property reassignment: $(SourceLinkUrlInitializerTargets)=";_InitializeGitHubSourceLinkUrl;_InitializeGitLabSourceLinkUrl;_InitializeAzureReposGitSourceLinkUrl" (previous value: ";_InitializeGitHubSourceLinkUrl;_InitializeGitLabSourceLinkUrl") at C:\Program Files\dotnet\sdk\8.0.417\Sdks\Microsoft.SourceLink.AzureRepos.Git\build\Microsoft.SourceLink.AzureRepos.Git.targets (12,5)
       Property reassignment: $(SourceControlManagerUrlTranslationTargets)=";TranslateGitHubUrlsInSourceControlInformation;TranslateGitLabUrlsInSourceControlInformation;TranslateAzureReposGitUrlsInSourceControlInformation" (previous value: ";TranslateGitHubUrlsInSourceControlInformation;TranslateGitLabUrlsInSourceControlInformation") at C:\Program Files\dotnet\sdk\8.0.417\Sdks\Microsoft.SourceLink.AzureRepos.Git\build\Microsoft.SourceLink.AzureRepos.Git.targets (13,5)
       Property reassignment: $(SourceLinkUrlInitializerTargets)=";_InitializeGitHubSourceLinkUrl;_InitializeGitLabSourceLinkUrl;_InitializeAzureReposGitSourceLinkUrl;_InitializeBitbucketGitSourceLinkUrl" (previous value: ";_InitializeGitHubSourceLinkUrl;_InitializeGitLabSourceLinkUrl;_InitializeAzureReposGitSourceLinkUrl") at C:\Program Files\dotnet\sdk\8.0.417\Sdks\Microsoft.SourceLink.Bitbucket.Git\build\Microsoft.SourceLink.Bitbucket.Git.targets (12,5)
       Property reassignment: $(SourceControlManagerUrlTranslationTargets)=";TranslateGitHubUrlsInSourceControlInformation;TranslateGitLabUrlsInSourceControlInformation;TranslateAzureReposGitUrlsInSourceControlInformation;TranslateBitbucketGitUrlsInSourceControlInformation" (previous value: ";TranslateGitHubUrlsInSourceControlInformation;TranslateGitLabUrlsInSourceControlInformation;TranslateAzureReposGitUrlsInSourceControlInformation") at C:\Program Files\dotnet\sdk\8.0.417\Sdks\Microsoft.SourceLink.Bitbucket.Git\build\Microsoft.SourceLink.Bitbucket.Git.targets (13,5)
       Property reassignment: $(DesignerRuntimeImplementationProjectOutputGroupDependsOn)="
             
             ;
             
             ;
             BuildOnlySettings;
             PrepareForBuild;
             AssignTargetPaths;
             ResolveReferences
           
           ;
             _GenerateDesignerDepsFile;
             _GenerateDesignerRuntimeConfigFile;
             GetCopyToOutputDirectoryItems;
             _GatherDesignerShadowCopyFiles;
           " (previous value: "
             ;
             
             ;
             BuildOnlySettings;
             PrepareForBuild;
             AssignTargetPaths;
             ResolveReferences
           
           ") at C:\Program Files\dotnet\sdk\8.0.417\Sdks\Microsoft.NET.Sdk\targets\Microsoft.NET.DesignerSupport.targets (21,5)
       Property reassignment: $(_GenerateToolsSettingsFileCacheFile)="C:\Users\louis\OneDrive\Documents\GitHub\CosmoWhisper-Native\CosmoWhisper-Windows\CosmoWhisper\obj\Debug\net8.0-windows10.0.19041.0\CosmoWhisper.toolssettingsinput.cache" (previous value: "obj\Debug\net8.0-windows10.0.19041.0\CosmoWhisper.toolssettingsinput.cache") at C:\Program Files\dotnet\sdk\8.0.417\Sdks\Microsoft.NET.Sdk\targets\Microsoft.NET.PackTool.targets (68,5)
       Property reassignment: $(_ShimInputCacheFile)="C:\Users\louis\OneDrive\Documents\GitHub\CosmoWhisper-Native\CosmoWhisper-Windows\CosmoWhisper\obj\Debug\net8.0-windows10.0.19041.0\CosmoWhisper.shiminput.cache" (previous value: "obj\Debug\net8.0-windows10.0.19041.0\CosmoWhisper.shiminput.cache") at C:\Program Files\dotnet\sdk\8.0.417\Sdks\Microsoft.NET.Sdk\targets\Microsoft.NET.PackTool.targets (137,5)
       Property reassignment: $(_ShimCreatedSentinelFile)="C:\Users\louis\OneDrive\Documents\GitHub\CosmoWhisper-Native\CosmoWhisper-Windows\CosmoWhisper\obj\Debug\net8.0-windows10.0.19041.0\CosmoWhisper.shimcreated.sentinel" (previous value: "obj\Debug\net8.0-windows10.0.19041.0\CosmoWhisper.shimcreated.sentinel") at C:\Program Files\dotnet\sdk\8.0.417\Sdks\Microsoft.NET.Sdk\targets\Microsoft.NET.PackTool.targets (139,5)
       Property reassignment: $(DefineConstants)="TRACE;DEBUG" (previous value: "TRACE") at C:\Program Files\dotnet\sdk\8.0.417\Sdks\Microsoft.NET.Sdk\targets\Microsoft.NET.Sdk.CSharp.targets (31,5)
       Property reassignment: $(DefineConstants)="TRACE;DEBUG;NET;NET8_0;NETCOREAPP" (previous value: "TRACE;DEBUG") at C:\Program Files\dotnet\sdk\8.0.417\Sdks\Microsoft.NET.Sdk\targets\Microsoft.NET.Sdk.CSharp.targets (34,5)
       Property reassignment: $(WarningsAsErrors)=";NU1605;SYSLIB0011" (previous value: ";NU1605") at C:\Program Files\dotnet\sdk\8.0.417\Sdks\Microsoft.NET.Sdk\targets\Microsoft.NET.Sdk.CSharp.targets (48,5)
       Property reassignment: $(SupportedOSPlatformVersion)="10.0.19041.0" (previous value: "") at C:\Program Files\dotnet\sdk\8.0.417\Sdks\Microsoft.NET.Sdk\targets\Microsoft.NET.Windows.targets (44,5)
       Property reassignment: $(TargetPlatformMinVersion)="10.0.19041.0" (previous value: "") at C:\Program Files\dotnet\sdk\8.0.417\Sdks\Microsoft.NET.Sdk\targets\Microsoft.NET.Windows.targets (45,5)
       Property reassignment: $(_TargetFrameworkVersionValue)="8.0" (previous value: "0.0") at C:\Program Files\dotnet\sdk\8.0.417\Sdks\Microsoft.NET.Sdk.WindowsDesktop\targets\Microsoft.NET.Sdk.WindowsDesktop.targets (51,5)
       Property reassignment: $(PrepareResourceNamesDependsOn)="
                           AssignWinFXEmbeddedResource;
                           
             AssignTargetPaths;
             SplitResourcesByCulture;
             CreateManifestResourceNames;
             CreateCustomManifestResourceNames
           
             " (previous value: "
             AssignTargetPaths;
             SplitResourcesByCulture;
             CreateManifestResourceNames;
             CreateCustomManifestResourceNames
           ") at C:\Program Files\dotnet\sdk\8.0.417\Sdks\Microsoft.NET.Sdk.WindowsDesktop\targets\Microsoft.WinFX.targets (61,7)
       Property reassignment: $(PrepareResourcesDependsOn)="
                       MarkupCompilePass1;
                       AfterMarkupCompilePass1;
                       MarkupCompilePass2ForMainAssembly;
                       FileClassification;
                       MainResourcesGeneration;
                       
             ResolvePackageDependenciesForBuild;
             _HandlePackageFileConflicts;
             
             ;
             PrepareResourceNames;
             ResGen;
             CompileLicxFiles
           
           
             " (previous value: "
             ResolvePackageDependenciesForBuild;
             _HandlePackageFileConflicts;
             
             ;
             PrepareResourceNames;
             ResGen;
             CompileLicxFiles
           
           ") at C:\Program Files\dotnet\sdk\8.0.417\Sdks\Microsoft.NET.Sdk.WindowsDesktop\targets\Microsoft.WinFX.targets (69,7)
       Property reassignment: $(CompileDependsOn)="
               
             
             ResolveReferences;
             ResolveKeySource;
             SetWin32ManifestProperties;
             _SetPreferNativeArm64Win32ManifestProperties;
             FindReferenceAssembliesForReferences;
             _GenerateCompileInputs;
             BeforeCompile;
             _TimeStampBeforeCompile;
             _GenerateCompileDependencyCache;
             CoreCompile;
             _TimeStampAfterCompile;
             AfterCompile;
           ;
             _CreateAppHost;
             _CreateComHost;
             _GetIjwHostPaths;
           ;
               _AfterCompileWinFXInternal
           " (previous value: "
             
             ResolveReferences;
             ResolveKeySource;
             SetWin32ManifestProperties;
             _SetPreferNativeArm64Win32ManifestProperties;
             FindReferenceAssembliesForReferences;
             _GenerateCompileInputs;
             BeforeCompile;
             _TimeStampBeforeCompile;
             _GenerateCompileDependencyCache;
             CoreCompile;
             _TimeStampAfterCompile;
             AfterCompile;
           ;
             _CreateAppHost;
             _CreateComHost;
             _GetIjwHostPaths;
           ") at C:\Program Files\dotnet\sdk\8.0.417\Sdks\Microsoft.NET.Sdk.WindowsDesktop\targets\Microsoft.WinFX.targets (136,5)
       Property reassignment: $(PublishBuildDependsOn)="
                   BuildOnlySettings;
                   PrepareForBuild;
                   ResolveReferences;
                   PrepareResources;
                   ResolveKeySource;
                   PrepareResourcesForSatelliteAssemblies;
                   GenerateSerializationAssemblies;
                   CreateSatelliteAssemblies;
               " (previous value: "
             BuildOnlySettings;
             PrepareForBuild;
             ResolveReferences;
             PrepareResources;
             ResolveKeySource;
             GenerateSerializationAssemblies;
             CreateSatelliteAssemblies;
           ") at C:\Program Files\dotnet\sdk\8.0.417\Sdks\Microsoft.NET.Sdk.WindowsDesktop\targets\Microsoft.WinFX.targets (802,9)
       Property reassignment: $(PackageDescription)="Package Description" (previous value: "") at C:\Program Files\dotnet\sdk\8.0.417\Sdks\NuGet.Build.Tasks.Pack\build\NuGet.Build.Tasks.Pack.targets (34,5)
       Property reassignment: $(GenerateNuspecDependsOn)="Build;_LoadPackInputItems; _GetTargetFrameworksOutput; _WalkEachTargetPerFramework; _GetPackageFiles; " (previous value: "_LoadPackInputItems; _GetTargetFrameworksOutput; _WalkEachTargetPerFramework; _GetPackageFiles; ") at C:\Program Files\dotnet\sdk\8.0.417\Sdks\NuGet.Build.Tasks.Pack\build\NuGet.Build.Tasks.Pack.targets (59,5)
       Property reassignment: $(_IsNotSetContainersTargetsDir)="true" (previous value: "false") at C:\Program Files\dotnet\sdk\8.0.417\Sdks\Microsoft.NET.Sdk\Sdk\Sdk.targets (59,5)
       Property reassignment: $(_IsSDKContainerAllowedVersion)="true" (previous value: "false") at C:\Program Files\dotnet\sdk\8.0.417\Containers\build\Microsoft.NET.Build.Containers.targets (5,5)
       Property reassignment: $(_ContainerIsTargetingNet8TFM)="true" (previous value: "false") at C:\Program Files\dotnet\sdk\8.0.417\Containers\build\Microsoft.NET.Build.Containers.targets (15,5)
       Assembly loaded during Evaluation: System.Reflection.Emit.Lightweight, Version=8.0.0.0, Culture=neutral, PublicKeyToken=b03f5f7f11d50a3a (location: C:\Program Files\dotnet\shared\Microsoft.NETCore.App\8.0.23\System.Reflection.Emit.Lightweight.dll, MVID: ef5649d3-c553-4f50-bde1-11d8c70a60d9, AssemblyLoadContext: Default)
       Assembly loaded during Evaluation: System.Reflection.Emit.ILGeneration, Version=8.0.0.0, Culture=neutral, PublicKeyToken=b03f5f7f11d50a3a (location: C:\Program Files\dotnet\shared\Microsoft.NETCore.App\8.0.23\System.Reflection.Emit.ILGeneration.dll, MVID: 0222b89e-e5dd-4c39-87c6-a7849cc2986e, AssemblyLoadContext: Default)
       Assembly loaded during Evaluation: System.Reflection.Primitives, Version=8.0.0.0, Culture=neutral, PublicKeyToken=b03f5f7f11d50a3a (location: C:\Program Files\dotnet\shared\Microsoft.NETCore.App\8.0.23\System.Reflection.Primitives.dll, MVID: fa77c8b4-edf0-4188-aed7-d6aa13285370, AssemblyLoadContext: Default)
       Overriding target "ResolveFrameworkReferences" in project "C:\Program Files\dotnet\sdk\8.0.417\Microsoft.Common.CurrentVersion.targets" with target "ResolveFrameworkReferences" from project "C:\Program Files\dotnet\sdk\8.0.417\Sdks\Microsoft.NET.Sdk\targets\Microsoft.NET.Sdk.FrameworkReferenceResolution.targets".
       Overriding target "Run" in project "C:\Program Files\dotnet\sdk\8.0.417\Microsoft.Common.CurrentVersion.targets" with target "Run" from project "C:\Program Files\dotnet\sdk\8.0.417\Sdks\Microsoft.NET.Sdk\targets\Microsoft.NET.Sdk.targets".
       Overriding target "GenerateSupportedTargetFrameworkAlias" in project "C:\Program Files\dotnet\sdk\8.0.417\Microsoft.Common.CurrentVersion.targets" with target "GenerateSupportedTargetFrameworkAlias" from project "C:\Program Files\dotnet\sdk\8.0.417\Sdks\Microsoft.NET.Sdk\targets\Microsoft.NET.Sdk.targets".
       Overriding target "GetReferenceAssemblyPaths" in project "C:\Program Files\dotnet\sdk\8.0.417\Microsoft.Common.CurrentVersion.targets" with target "GetReferenceAssemblyPaths" from project "C:\Program Files\dotnet\sdk\8.0.417\Sdks\Microsoft.NET.Sdk\targets\Microsoft.NET.DisableStandardFrameworkResolution.targets".
       Overriding target "GetFrameworkPaths" in project "C:\Program Files\dotnet\sdk\8.0.417\Microsoft.Common.CurrentVersion.targets" with target "GetFrameworkPaths" from project "C:\Program Files\dotnet\sdk\8.0.417\Sdks\Microsoft.NET.Sdk\targets\Microsoft.NET.DisableStandardFrameworkResolution.targets".
       Overriding target "DesignerRuntimeImplementationProjectOutputGroup" in project "C:\Program Files\dotnet\sdk\8.0.417\Microsoft.Common.CurrentVersion.targets" with target "DesignerRuntimeImplementationProjectOutputGroup" from project "C:\Program Files\dotnet\sdk\8.0.417\Sdks\Microsoft.NET.Sdk\targets\Microsoft.NET.DesignerSupport.targets".
       Overriding target "Publish" in project "C:\Program Files\dotnet\sdk\8.0.417\Microsoft.Common.CurrentVersion.targets" with target "Publish" from project "C:\Program Files\dotnet\sdk\8.0.417\Sdks\Microsoft.NET.Sdk\targets\Microsoft.NET.Publish.targets".
       Overriding target "ResolveReadyToRunCompilers" in project "C:\Program Files\dotnet\sdk\8.0.417\Sdks\Microsoft.NET.Sdk\targets\Microsoft.NET.CrossGen.targets" with target "ResolveReadyToRunCompilers" from project "C:\Program Files\dotnet\sdk\8.0.417\Sdks\Microsoft.NET.Sdk\targets\Microsoft.NET.Publish.targets".
       Overriding target "GetCopyToPublishDirectoryItems" in project "C:\Program Files\dotnet\sdk\8.0.417\Microsoft.Common.CurrentVersion.targets" with target "GetCopyToPublishDirectoryItems" from project "C:\Program Files\dotnet\sdk\8.0.417\Sdks\Microsoft.NET.Sdk\targets\Microsoft.NET.Publish.targets".
       Overriding target "SatelliteDllsProjectOutputGroup" in project "C:\Program Files\dotnet\sdk\8.0.417\Microsoft.Common.CurrentVersion.targets" with target "SatelliteDllsProjectOutputGroup" from project "C:\Program Files\dotnet\sdk\8.0.417\Sdks\Microsoft.NET.Sdk.WindowsDesktop\targets\Microsoft.WinFX.targets".
     1>Project "C:\Users\louis\OneDrive\Documents\GitHub\CosmoWhisper-Native\CosmoWhisper-Windows\CosmoWhisper\CosmoWhisper.csproj" on node 1 (Restore target(s)).
     1>Target "_LoadRestoreGraphEntryPoints" in file "C:\Program Files\dotnet\sdk\8.0.417\NuGet.targets" from project "C:\Users\louis\OneDrive\Documents\GitHub\CosmoWhisper-Native\CosmoWhisper-Windows\CosmoWhisper\CosmoWhisper.csproj" (target "_FilterRestoreGraphProjectInputItems" depends on it):
     1>Task "GetRestoreSolutionProjectsTask" skipped, due to false condition; ( $(MSBuildProjectFullPath.EndsWith('.metaproj')) == 'true' AND @(RestoreGraphProjectInputItems) == '' ) was evaluated as ( False == 'true' AND C:\Users\louis\OneDrive\Documents\GitHub\CosmoWhisper-Native\CosmoWhisper-Windows\CosmoWhisper\CosmoWhisper.csproj == '' ).
     1>Done building target "_LoadRestoreGraphEntryPoints" in project "CosmoWhisper.csproj".
     1>Target "_FilterRestoreGraphProjectInputItems" in file "C:\Program Files\dotnet\sdk\8.0.417\NuGet.targets" from project "C:\Users\louis\OneDrive\Documents\GitHub\CosmoWhisper-Native\CosmoWhisper-Windows\CosmoWhisper\CosmoWhisper.csproj" (target "_GenerateRestoreGraph" depends on it):
       Using "RemoveDuplicates" task from assembly "Microsoft.Build.Tasks.Core, Version=15.1.0.0, Culture=neutral, PublicKeyToken=b03f5f7f11d50a3a".
       Task "RemoveDuplicates"
       Done executing task "RemoveDuplicates".
       Using "MSBuild" task from assembly "Microsoft.Build.Tasks.Core, Version=15.1.0.0, Culture=neutral, PublicKeyToken=b03f5f7f11d50a3a".
       Task "MSBuild"
         Global Properties:
           ExcludeRestorePackageImports=true
     0>Property 'MSBuildExtensionsPath' with value 'C:\Program Files\dotnet\sdk\8.0.417\' expanded from the environment.
       Property reassignment: $(MSBuildProjectExtensionsPath)="C:\Users\louis\OneDrive\Documents\GitHub\CosmoWhisper-Native\CosmoWhisper-Windows\CosmoWhisper\obj\" (previous value: "obj\") at C:\Program Files\dotnet\sdk\8.0.417\Current\Microsoft.Common.props (60,5)
       Property 'MSBuildUserExtensionsPath' with value 'C:\Users\louis\AppData\Local\Microsoft\MSBuild' expanded from the environment.
       Property reassignment: $(AssemblySearchPaths)="{CandidateAssemblyFiles};{HintPathFromItem}" (previous value: "{CandidateAssemblyFiles}") at C:\Program Files\dotnet\sdk\8.0.417\Sdks\Microsoft.NET.Sdk\targets\Microsoft.NET.Sdk.props (91,5)
       Property reassignment: $(AssemblySearchPaths)="{CandidateAssemblyFiles};{HintPathFromItem};{TargetFrameworkDirectory}" (previous value: "{CandidateAssemblyFiles};{HintPathFromItem}") at C:\Program Files\dotnet\sdk\8.0.417\Sdks\Microsoft.NET.Sdk\targets\Microsoft.NET.Sdk.props (92,5)
       Property reassignment: $(AssemblySearchPaths)="{CandidateAssemblyFiles};{HintPathFromItem};{TargetFrameworkDirectory};{RawFileName}" (previous value: "{CandidateAssemblyFiles};{HintPathFromItem};{TargetFrameworkDirectory}") at C:\Program Files\dotnet\sdk\8.0.417\Sdks\Microsoft.NET.Sdk\targets\Microsoft.NET.Sdk.props (93,5)
       Property reassignment: $(TargetsForTfmSpecificContentInPackage)=";PackTool;_PackProjectToolValidation" (previous value: ";PackTool") at C:\Program Files\dotnet\sdk\8.0.417\Sdks\Microsoft.NET.Sdk\targets\Microsoft.NET.PackProjectTool.props (15,5)
       Property reassignment: $(OutputType)="WinExe" (previous value: "Library") at C:\Users\louis\OneDrive\Documents\GitHub\CosmoWhisper-Native\CosmoWhisper-Windows\CosmoWhisper\CosmoWhisper.csproj (4,5)
       Property reassignment: $(AssemblyName)="CosmoWhisperNative" (previous value: "CosmoWhisper") at C:\Users\louis\OneDrive\Documents\GitHub\CosmoWhisper-Native\CosmoWhisper-Windows\CosmoWhisper\CosmoWhisper.csproj (10,5)
       Property reassignment: $(AllowUnsafeBlocks)="true" (previous value: "false") at C:\Users\louis\OneDrive\Documents\GitHub\CosmoWhisper-Native\CosmoWhisper-Windows\CosmoWhisper\CosmoWhisper.csproj (11,5)
       Property reassignment: $(NoWarn)="CS8618;CS8600;CS8601;CS8602;CS8604;CS0168;CS0219;CS0414" (previous value: "1701;1702") at C:\Users\louis\OneDrive\Documents\GitHub\CosmoWhisper-Native\CosmoWhisper-Windows\CosmoWhisper\CosmoWhisper.csproj (15,5)
       Property reassignment: $(PublishProfileImported)="false" (previous value: "true") at C:\Program Files\dotnet\sdk\8.0.417\Sdks\Microsoft.NET.Sdk\targets\Microsoft.NET.Sdk.ImportPublishProfile.targets (28,5)
       Property reassignment: $(TargetPlatformIdentifier)="Windows" (previous value: "windows") at C:\Program Files\dotnet\sdk\8.0.417\Sdks\Microsoft.NET.Sdk\targets\Microsoft.NET.TargetFrameworkInference.targets (71,5)
       Property reassignment: $(DefaultItemExcludes)=";bin\Debug\/**;obj\Debug\/**" (previous value: ";bin\Debug\/**") at C:\Program Files\dotnet\sdk\8.0.417\Sdks\Microsoft.NET.Sdk\targets\Microsoft.NET.DefaultOutputPaths.targets (122,5)
       Property reassignment: $(OutputPath)="bin\Debug\net8.0-windows10.0.19041.0\" (previous value: "bin\Debug\") at C:\Program Files\dotnet\sdk\8.0.417\Sdks\Microsoft.NET.Sdk\targets\Microsoft.NET.DefaultOutputPaths.targets (137,5)
       Property reassignment: $(IntermediateOutputPath)="obj\Debug\net8.0-windows10.0.19041.0\" (previous value: "obj\Debug\") at C:\Program Files\dotnet\sdk\8.0.417\Sdks\Microsoft.NET.Sdk\targets\Microsoft.NET.DefaultOutputPaths.targets (142,5)
       Property reassignment: $(_FrameworkIdentifierForImplicitDefine)="NET" (previous value: "NETCOREAPP") at C:\Program Files\dotnet\sdk\8.0.417\Sdks\Microsoft.NET.Sdk\targets\Microsoft.NET.Sdk.BeforeCommon.targets (187,5)
       Property reassignment: $(_FrameworkVersionForImplicitDefine)="8_0" (previous value: "8.0") at C:\Program Files\dotnet\sdk\8.0.417\Sdks\Microsoft.NET.Sdk\targets\Microsoft.NET.Sdk.BeforeCommon.targets (192,5)
       Property reassignment: $(CommandLineArgsForDesignTimeEvaluation)="-langversion:12.0 -define:TRACE" (previous value: "-langversion:12.0") at C:\Program Files\dotnet\sdk\8.0.417\Roslyn\Microsoft.CSharp.Core.targets (200,5)
       Property reassignment: $(_DebugSymbolsProduced)="true" (previous value: "false") at C:\Program Files\dotnet\sdk\8.0.417\Microsoft.Common.CurrentVersion.targets (175,5)
       Property reassignment: $(_DocumentationFileProduced)="false" (previous value: "true") at C:\Program Files\dotnet\sdk\8.0.417\Microsoft.Common.CurrentVersion.targets (185,5)
       Property reassignment: $(MSBuildCopyMarkerName)="CosmoWhi.E9C7E056" (previous value: "CosmoWhisper.csproj") at C:\Program Files\dotnet\sdk\8.0.417\Microsoft.Common.CurrentVersion.targets (392,5)
       Property reassignment: $(MSBuildCopyMarkerName)="CosmoWhi.E9C7E056.Up2Date" (previous value: "CosmoWhi.E9C7E056") at C:\Program Files\dotnet\sdk\8.0.417\Microsoft.Common.CurrentVersion.targets (393,5)
       Property reassignment: $(ProcessorArchitecture)="msil" (previous value: "") at C:\Program Files\dotnet\sdk\8.0.417\Microsoft.Common.CurrentVersion.targets (541,5)
       Property reassignment: $(DelaySign)="" (previous value: "false") at C:\Program Files\dotnet\sdk\8.0.417\Microsoft.Common.CurrentVersion.targets (580,5)
       Property 'LOCALAPPDATA' with value 'C:\Users\louis\AppData\Local' expanded from the environment.
       Property reassignment: $(_SGenGenerateSerializationAssembliesConfig)="Auto" (previous value: "") at C:\Program Files\dotnet\sdk\8.0.417\Microsoft.Common.CurrentVersion.targets (3896,5)
       Property reassignment: $(_SGenGenerateSerializationAssembliesConfig)="Off" (previous value: "Auto") at C:\Program Files\dotnet\sdk\8.0.417\Microsoft.Common.CurrentVersion.targets (3897,5)
       Property reassignment: $(_TargetsThatPrepareProjectReferences)="
             AssignProjectConfiguration;
             _SplitProjectReferencesByFileExistence
           " (previous value: "_SplitProjectReferencesByFileExistence") at C:\Program Files\dotnet\sdk\8.0.417\Microsoft.Common.CurrentVersion.targets (5099,5)
       Property 'MSBuildExtensionsPath32' with value 'C:\Program Files\dotnet\sdk\8.0.417' expanded from the environment.
       Property reassignment: $(ProjectAssetsFile)="C:\Users\louis\OneDrive\Documents\GitHub\CosmoWhisper-Native\CosmoWhisper-Windows\CosmoWhisper\obj\project.assets.json" (previous value: "C:\Users\louis\OneDrive\Documents\GitHub\CosmoWhisper-Native\CosmoWhisper-Windows\CosmoWhisper\obj\/project.assets.json") at C:\Program Files\dotnet\sdk\8.0.417\Sdks\Microsoft.NET.Sdk\targets\Microsoft.PackageDependencyResolution.targets (24,5)
       Property reassignment: $(ProjectAssetsCacheFile)="C:\Users\louis\OneDrive\Documents\GitHub\CosmoWhisper-Native\CosmoWhisper-Windows\CosmoWhisper\obj\Debug\net8.0-windows10.0.19041.0\CosmoWhisper.assets.cache" (previous value: "obj\Debug\net8.0-windows10.0.19041.0\CosmoWhisper.assets.cache") at C:\Program Files\dotnet\sdk\8.0.417\Sdks\Microsoft.NET.Sdk\targets\Microsoft.PackageDependencyResolution.targets (29,5)
       Property reassignment: $(ResolveAssemblyReferencesDependsOn)="
             
             ResolveProjectReferences;
             FindInvalidProjectReferences;
             GetFrameworkPaths;
             GetReferenceAssemblyPaths;
             PrepareForBuild;
             ResolveSDKReferences;
             ExpandSDKReferences;
           ;
             ResolvePackageDependenciesForBuild;
             _HandlePackageFileConflicts;
           " (previous value: "
             ResolveProjectReferences;
             FindInvalidProjectReferences;
             GetFrameworkPaths;
             GetReferenceAssemblyPaths;
             PrepareForBuild;
             ResolveSDKReferences;
             ExpandSDKReferences;
           ") at C:\Program Files\dotnet\sdk\8.0.417\Sdks\Microsoft.NET.Sdk\targets\Microsoft.PackageDependencyResolution.targets (80,5)
       Property reassignment: $(PrepareResourcesDependsOn)="
             ResolvePackageDependenciesForBuild;
             _HandlePackageFileConflicts;
             
             ;
             PrepareResourceNames;
             ResGen;
             CompileLicxFiles
           
           " (previous value: "
             ;
             PrepareResourceNames;
             ResGen;
             CompileLicxFiles
           ") at C:\Program Files\dotnet\sdk\8.0.417\Sdks\Microsoft.NET.Sdk\targets\Microsoft.PackageDependencyResolution.targets (86,5)
       Property reassignment: $(DefaultItemExcludes)=";bin\Debug\/**;obj\Debug\/**;bin\/**" (previous value: ";bin\Debug\/**;obj\Debug\/**") at C:\Program Files\dotnet\sdk\8.0.417\Sdks\Microsoft.NET.Sdk\targets\Microsoft.NET.Sdk.DefaultItems.targets (27,5)
       Property reassignment: $(DefaultItemExcludes)=";bin\Debug\/**;obj\Debug\/**;bin\/**;obj\/**" (previous value: ";bin\Debug\/**;obj\Debug\/**;bin\/**") at C:\Program Files\dotnet\sdk\8.0.417\Sdks\Microsoft.NET.Sdk\targets\Microsoft.NET.Sdk.DefaultItems.targets (29,5)
       Property reassignment: $(DefaultItemExcludes)=";bin\Debug\/**;obj\Debug\/**;bin\/**;obj\/**;**/*.user" (previous value: ";bin\Debug\/**;obj\Debug\/**;bin\/**;obj\/**") at C:\Program Files\dotnet\sdk\8.0.417\Sdks\Microsoft.NET.Sdk\targets\Microsoft.NET.Sdk.DefaultItems.targets (32,5)
       Property reassignment: $(DefaultItemExcludes)=";bin\Debug\/**;obj\Debug\/**;bin\/**;obj\/**;**/*.user;**/*.*proj" (previous value: ";bin\Debug\/**;obj\Debug\/**;bin\/**;obj\/**;**/*.user") at C:\Program Files\dotnet\sdk\8.0.417\Sdks\Microsoft.NET.Sdk\targets\Microsoft.NET.Sdk.DefaultItems.targets (33,5)
       Property reassignment: $(DefaultItemExcludes)=";bin\Debug\/**;obj\Debug\/**;bin\/**;obj\/**;**/*.user;**/*.*proj;**/*.sln" (previous value: ";bin\Debug\/**;obj\Debug\/**;bin\/**;obj\/**;**/*.user;**/*.*proj") at C:\Program Files\dotnet\sdk\8.0.417\Sdks\Microsoft.NET.Sdk\targets\Microsoft.NET.Sdk.DefaultItems.targets (34,5)
       Property reassignment: $(DefaultItemExcludes)=";bin\Debug\/**;obj\Debug\/**;bin\/**;obj\/**;**/*.user;**/*.*proj;**/*.sln;**/*.vssscc" (previous value: ";bin\Debug\/**;obj\Debug\/**;bin\/**;obj\/**;**/*.user;**/*.*proj;**/*.sln") at C:\Program Files\dotnet\sdk\8.0.417\Sdks\Microsoft.NET.Sdk\targets\Microsoft.NET.Sdk.DefaultItems.targets (35,5)
       Property reassignment: $(DefaultItemExcludes)=";bin\Debug\/**;obj\Debug\/**;bin\/**;obj\/**;**/*.user;**/*.*proj;**/*.sln;**/*.vssscc;**/.DS_Store" (previous value: ";bin\Debug\/**;obj\Debug\/**;bin\/**;obj\/**;**/*.user;**/*.*proj;**/*.sln;**/*.vssscc") at C:\Program Files\dotnet\sdk\8.0.417\Sdks\Microsoft.NET.Sdk\targets\Microsoft.NET.Sdk.DefaultItems.targets (36,5)
       Property reassignment: $(ResolveAssemblyReferencesDependsOn)="
             
             
             ResolveProjectReferences;
             FindInvalidProjectReferences;
             GetFrameworkPaths;
             GetReferenceAssemblyPaths;
             PrepareForBuild;
             ResolveSDKReferences;
             ExpandSDKReferences;
           ;
             ResolvePackageDependenciesForBuild;
             _HandlePackageFileConflicts;
           ;
             ResolveTargetingPackAssets;
           " (previous value: "
             
             ResolveProjectReferences;
             FindInvalidProjectReferences;
             GetFrameworkPaths;
             GetReferenceAssemblyPaths;
             PrepareForBuild;
             ResolveSDKReferences;
             ExpandSDKReferences;
           ;
             ResolvePackageDependenciesForBuild;
             _HandlePackageFileConflicts;
           ") at C:\Program Files\dotnet\sdk\8.0.417\Sdks\Microsoft.NET.Sdk\targets\Microsoft.NET.Sdk.FrameworkReferenceResolution.targets (14,5)
       Property reassignment: $(_GenerateRuntimeConfigurationPropertyInputsCache)="C:\Users\louis\OneDrive\Documents\GitHub\CosmoWhisper-Native\CosmoWhisper-Windows\CosmoWhisper\obj\Debug\net8.0-windows10.0.19041.0\CosmoWhisper.genruntimeconfig.cache" (previous value: "obj\Debug\net8.0-windows10.0.19041.0\CosmoWhisper.genruntimeconfig.cache") at C:\Program Files\dotnet\sdk\8.0.417\Sdks\Microsoft.NET.Sdk\targets\Microsoft.NET.Sdk.targets (44,5)
       Property reassignment: $(_GeneratePublishDependencyFilePropertyInputsCache)="C:\Users\louis\OneDrive\Documents\GitHub\CosmoWhisper-Native\CosmoWhisper-Windows\CosmoWhisper\obj\Debug\net8.0-windows10.0.19041.0\CosmoWhisper.genpublishdeps.cache" (previous value: "obj\Debug\net8.0-windows10.0.19041.0\CosmoWhisper.genpublishdeps.cache") at C:\Program Files\dotnet\sdk\8.0.417\Sdks\Microsoft.NET.Sdk\targets\Microsoft.NET.Sdk.targets (46,5)
       Property reassignment: $(_GenerateSingleFileBundlePropertyInputsCache)="C:\Users\louis\OneDrive\Documents\GitHub\CosmoWhisper-Native\CosmoWhisper-Windows\CosmoWhisper\obj\Debug\net8.0-windows10.0.19041.0\CosmoWhisper.genbundle.cache" (previous value: "obj\Debug\net8.0-windows10.0.19041.0\CosmoWhisper.genbundle.cache") at C:\Program Files\dotnet\sdk\8.0.417\Sdks\Microsoft.NET.Sdk\targets\Microsoft.NET.Sdk.targets (48,5)
       Property reassignment: $(GenerateRuntimeConfigDevFile)="false" (previous value: "true") at C:\Program Files\dotnet\sdk\8.0.417\Sdks\Microsoft.NET.Sdk\targets\Microsoft.NET.Sdk.targets (81,5)
       Property 'USERPROFILE' with value 'C:\Users\louis' expanded from the environment.
       Property reassignment: $(_DefaultUserProfileRuntimeStorePath)="C:\Users\louis" (previous value: "") at C:\Program Files\dotnet\sdk\8.0.417\Sdks\Microsoft.NET.Sdk\targets\Microsoft.NET.Sdk.targets (97,5)
       Property reassignment: $(_DefaultUserProfileRuntimeStorePath)="C:\Users\louis\.dotnet\store" (previous value: "C:\Users\louis") at C:\Program Files\dotnet\sdk\8.0.417\Sdks\Microsoft.NET.Sdk\targets\Microsoft.NET.Sdk.targets (98,5)
       Property reassignment: $(AvailablePlatforms)="Any CPU,x86,x64,ARM32" (previous value: "Any CPU,x86,x64") at C:\Program Files\dotnet\sdk\8.0.417\Sdks\Microsoft.NET.Sdk\targets\Microsoft.NET.Sdk.targets (136,5)
       Property reassignment: $(AvailablePlatforms)="Any CPU,x86,x64,ARM32,ARM64" (previous value: "Any CPU,x86,x64,ARM32") at C:\Program Files\dotnet\sdk\8.0.417\Sdks\Microsoft.NET.Sdk\targets\Microsoft.NET.Sdk.targets (140,5)
       Property reassignment: $(CoreBuildDependsOn)="
             _CheckForBuildWithNoBuild;
             
             BuildOnlySettings;
             PrepareForBuild;
             PreBuildEvent;
             ResolveReferences;
             PrepareResources;
             ResolveKeySource;
             Compile;
             ExportWindowsMDFile;
             UnmanagedUnregistration;
             GenerateSerializationAssemblies;
             CreateSatelliteAssemblies;
             GenerateManifests;
             GetTargetPath;
             PrepareForRun;
             UnmanagedRegistration;
             IncrementalClean;
             PostBuildEvent
           ;
             GenerateBuildDependencyFile;
             GenerateBuildRuntimeConfigurationFiles
           " (previous value: "
             BuildOnlySettings;
             PrepareForBuild;
             PreBuildEvent;
             ResolveReferences;
             PrepareResources;
             ResolveKeySource;
             Compile;
             ExportWindowsMDFile;
             UnmanagedUnregistration;
             GenerateSerializationAssemblies;
             CreateSatelliteAssemblies;
             GenerateManifests;
             GetTargetPath;
             PrepareForRun;
             UnmanagedRegistration;
             IncrementalClean;
             PostBuildEvent
           ") at C:\Program Files\dotnet\sdk\8.0.417\Sdks\Microsoft.NET.Sdk\targets\Microsoft.NET.Sdk.targets (197,5)
       Property reassignment: $(CoreCleanDependsOn)="
             _SdkBeforeClean;
             
           " (previous value: "") at C:\Program Files\dotnet\sdk\8.0.417\Sdks\Microsoft.NET.Sdk\targets\Microsoft.NET.Sdk.targets (206,5)
       Property reassignment: $(RebuildDependsOn)="
             _SdkBeforeRebuild;
             
             BeforeRebuild;
             Clean;
             Build;
             AfterRebuild;
           
           " (previous value: "
             BeforeRebuild;
             Clean;
             Build;
             AfterRebuild;
           ") at C:\Program Files\dotnet\sdk\8.0.417\Sdks\Microsoft.NET.Sdk\targets\Microsoft.NET.Sdk.targets (213,5)
       Property reassignment: $(CompileDependsOn)="
             
             ResolveReferences;
             ResolveKeySource;
             SetWin32ManifestProperties;
             _SetPreferNativeArm64Win32ManifestProperties;
             FindReferenceAssembliesForReferences;
             _GenerateCompileInputs;
             BeforeCompile;
             _TimeStampBeforeCompile;
             _GenerateCompileDependencyCache;
             CoreCompile;
             _TimeStampAfterCompile;
             AfterCompile;
           ;
             _CreateAppHost;
             _CreateComHost;
             _GetIjwHostPaths;
           " (previous value: "
             ResolveReferences;
             ResolveKeySource;
             SetWin32ManifestProperties;
             _SetPreferNativeArm64Win32ManifestProperties;
             FindReferenceAssembliesForReferences;
             _GenerateCompileInputs;
             BeforeCompile;
             _TimeStampBeforeCompile;
             _GenerateCompileDependencyCache;
             CoreCompile;
             _TimeStampAfterCompile;
             AfterCompile;
           ") at C:\Program Files\dotnet\sdk\8.0.417\Sdks\Microsoft.NET.Sdk\targets\Microsoft.NET.Sdk.targets (679,5)
       Property reassignment: $(CreateSatelliteAssembliesDependsOn)="
             
             ;
             _GenerateSatelliteAssemblyInputs;
             ComputeIntermediateSatelliteAssemblies;
             GenerateSatelliteAssemblies
           ;
             CoreGenerateSatelliteAssemblies
           " (previous value: "
             ;
             _GenerateSatelliteAssemblyInputs;
             ComputeIntermediateSatelliteAssemblies;
             GenerateSatelliteAssemblies
           ") at C:\Program Files\dotnet\sdk\8.0.417\Sdks\Microsoft.NET.Sdk\targets\Microsoft.NET.Sdk.targets (1065,5)
       Property reassignment: $(SourceLinkUrlInitializerTargets)=";_InitializeGitHubSourceLinkUrl;_InitializeGitLabSourceLinkUrl" (previous value: ";_InitializeGitHubSourceLinkUrl") at C:\Program Files\dotnet\sdk\8.0.417\Sdks\Microsoft.SourceLink.GitLab\build\Microsoft.SourceLink.GitLab.targets (12,5)
       Property reassignment: $(SourceControlManagerUrlTranslationTargets)=";TranslateGitHubUrlsInSourceControlInformation;TranslateGitLabUrlsInSourceControlInformation" (previous value: ";TranslateGitHubUrlsInSourceControlInformation") at C:\Program Files\dotnet\sdk\8.0.417\Sdks\Microsoft.SourceLink.GitLab\build\Microsoft.SourceLink.GitLab.targets (13,5)
       Property reassignment: $(SourceLinkUrlInitializerTargets)=";_InitializeGitHubSourceLinkUrl;_InitializeGitLabSourceLinkUrl;_InitializeAzureReposGitSourceLinkUrl" (previous value: ";_InitializeGitHubSourceLinkUrl;_InitializeGitLabSourceLinkUrl") at C:\Program Files\dotnet\sdk\8.0.417\Sdks\Microsoft.SourceLink.AzureRepos.Git\build\Microsoft.SourceLink.AzureRepos.Git.targets (12,5)
       Property reassignment: $(SourceControlManagerUrlTranslationTargets)=";TranslateGitHubUrlsInSourceControlInformation;TranslateGitLabUrlsInSourceControlInformation;TranslateAzureReposGitUrlsInSourceControlInformation" (previous value: ";TranslateGitHubUrlsInSourceControlInformation;TranslateGitLabUrlsInSourceControlInformation") at C:\Program Files\dotnet\sdk\8.0.417\Sdks\Microsoft.SourceLink.AzureRepos.Git\build\Microsoft.SourceLink.AzureRepos.Git.targets (13,5)
       Property reassignment: $(SourceLinkUrlInitializerTargets)=";_InitializeGitHubSourceLinkUrl;_InitializeGitLabSourceLinkUrl;_InitializeAzureReposGitSourceLinkUrl;_InitializeBitbucketGitSourceLinkUrl" (previous value: ";_InitializeGitHubSourceLinkUrl;_InitializeGitLabSourceLinkUrl;_InitializeAzureReposGitSourceLinkUrl") at C:\Program Files\dotnet\sdk\8.0.417\Sdks\Microsoft.SourceLink.Bitbucket.Git\build\Microsoft.SourceLink.Bitbucket.Git.targets (12,5)
       Property reassignment: $(SourceControlManagerUrlTranslationTargets)=";TranslateGitHubUrlsInSourceControlInformation;TranslateGitLabUrlsInSourceControlInformation;TranslateAzureReposGitUrlsInSourceControlInformation;TranslateBitbucketGitUrlsInSourceControlInformation" (previous value: ";TranslateGitHubUrlsInSourceControlInformation;TranslateGitLabUrlsInSourceControlInformation;TranslateAzureReposGitUrlsInSourceControlInformation") at C:\Program Files\dotnet\sdk\8.0.417\Sdks\Microsoft.SourceLink.Bitbucket.Git\build\Microsoft.SourceLink.Bitbucket.Git.targets (13,5)
       Property reassignment: $(DesignerRuntimeImplementationProjectOutputGroupDependsOn)="
             
             ;
             
             ;
             BuildOnlySettings;
             PrepareForBuild;
             AssignTargetPaths;
             ResolveReferences
           
           ;
             _GenerateDesignerDepsFile;
             _GenerateDesignerRuntimeConfigFile;
             GetCopyToOutputDirectoryItems;
             _GatherDesignerShadowCopyFiles;
           " (previous value: "
             ;
             
             ;
             BuildOnlySettings;
             PrepareForBuild;
             AssignTargetPaths;
             ResolveReferences
           
           ") at C:\Program Files\dotnet\sdk\8.0.417\Sdks\Microsoft.NET.Sdk\targets\Microsoft.NET.DesignerSupport.targets (21,5)
       Property reassignment: $(_GenerateToolsSettingsFileCacheFile)="C:\Users\louis\OneDrive\Documents\GitHub\CosmoWhisper-Native\CosmoWhisper-Windows\CosmoWhisper\obj\Debug\net8.0-windows10.0.19041.0\CosmoWhisper.toolssettingsinput.cache" (previous value: "obj\Debug\net8.0-windows10.0.19041.0\CosmoWhisper.toolssettingsinput.cache") at C:\Program Files\dotnet\sdk\8.0.417\Sdks\Microsoft.NET.Sdk\targets\Microsoft.NET.PackTool.targets (68,5)
       Property reassignment: $(_ShimInputCacheFile)="C:\Users\louis\OneDrive\Documents\GitHub\CosmoWhisper-Native\CosmoWhisper-Windows\CosmoWhisper\obj\Debug\net8.0-windows10.0.19041.0\CosmoWhisper.shiminput.cache" (previous value: "obj\Debug\net8.0-windows10.0.19041.0\CosmoWhisper.shiminput.cache") at C:\Program Files\dotnet\sdk\8.0.417\Sdks\Microsoft.NET.Sdk\targets\Microsoft.NET.PackTool.targets (137,5)
       Property reassignment: $(_ShimCreatedSentinelFile)="C:\Users\louis\OneDrive\Documents\GitHub\CosmoWhisper-Native\CosmoWhisper-Windows\CosmoWhisper\obj\Debug\net8.0-windows10.0.19041.0\CosmoWhisper.shimcreated.sentinel" (previous value: "obj\Debug\net8.0-windows10.0.19041.0\CosmoWhisper.shimcreated.sentinel") at C:\Program Files\dotnet\sdk\8.0.417\Sdks\Microsoft.NET.Sdk\targets\Microsoft.NET.PackTool.targets (139,5)
       Property reassignment: $(DefineConstants)="TRACE;DEBUG" (previous value: "TRACE") at C:\Program Files\dotnet\sdk\8.0.417\Sdks\Microsoft.NET.Sdk\targets\Microsoft.NET.Sdk.CSharp.targets (31,5)
       Property reassignment: $(DefineConstants)="TRACE;DEBUG;NET;NET8_0;NETCOREAPP" (previous value: "TRACE;DEBUG") at C:\Program Files\dotnet\sdk\8.0.417\Sdks\Microsoft.NET.Sdk\targets\Microsoft.NET.Sdk.CSharp.targets (34,5)
       Property reassignment: $(WarningsAsErrors)=";NU1605;SYSLIB0011" (previous value: ";NU1605") at C:\Program Files\dotnet\sdk\8.0.417\Sdks\Microsoft.NET.Sdk\targets\Microsoft.NET.Sdk.CSharp.targets (48,5)
       Property reassignment: $(SupportedOSPlatformVersion)="10.0.19041.0" (previous value: "") at C:\Program Files\dotnet\sdk\8.0.417\Sdks\Microsoft.NET.Sdk\targets\Microsoft.NET.Windows.targets (44,5)
       Property reassignment: $(TargetPlatformMinVersion)="10.0.19041.0" (previous value: "") at C:\Program Files\dotnet\sdk\8.0.417\Sdks\Microsoft.NET.Sdk\targets\Microsoft.NET.Windows.targets (45,5)
       Property reassignment: $(_TargetFrameworkVersionValue)="8.0" (previous value: "0.0") at C:\Program Files\dotnet\sdk\8.0.417\Sdks\Microsoft.NET.Sdk.WindowsDesktop\targets\Microsoft.NET.Sdk.WindowsDesktop.targets (51,5)
       Property reassignment: $(PrepareResourceNamesDependsOn)="
                           AssignWinFXEmbeddedResource;
                           
             AssignTargetPaths;
             SplitResourcesByCulture;
             CreateManifestResourceNames;
             CreateCustomManifestResourceNames
           
             " (previous value: "
             AssignTargetPaths;
             SplitResourcesByCulture;
             CreateManifestResourceNames;
             CreateCustomManifestResourceNames
           ") at C:\Program Files\dotnet\sdk\8.0.417\Sdks\Microsoft.NET.Sdk.WindowsDesktop\targets\Microsoft.WinFX.targets (61,7)
       Property reassignment: $(PrepareResourcesDependsOn)="
                       MarkupCompilePass1;
                       AfterMarkupCompilePass1;
                       MarkupCompilePass2ForMainAssembly;
                       FileClassification;
                       MainResourcesGeneration;
                       
             ResolvePackageDependenciesForBuild;
             _HandlePackageFileConflicts;
             
             ;
             PrepareResourceNames;
             ResGen;
             CompileLicxFiles
           
           
             " (previous value: "
             ResolvePackageDependenciesForBuild;
             _HandlePackageFileConflicts;
             
             ;
             PrepareResourceNames;
             ResGen;
             CompileLicxFiles
           
           ") at C:\Program Files\dotnet\sdk\8.0.417\Sdks\Microsoft.NET.Sdk.WindowsDesktop\targets\Microsoft.WinFX.targets (69,7)
       Property reassignment: $(CompileDependsOn)="
               
             
             ResolveReferences;
             ResolveKeySource;
             SetWin32ManifestProperties;
             _SetPreferNativeArm64Win32ManifestProperties;
             FindReferenceAssembliesForReferences;
             _GenerateCompileInputs;
             BeforeCompile;
             _TimeStampBeforeCompile;
             _GenerateCompileDependencyCache;
             CoreCompile;
             _TimeStampAfterCompile;
             AfterCompile;
           ;
             _CreateAppHost;
             _CreateComHost;
             _GetIjwHostPaths;
           ;
               _AfterCompileWinFXInternal
           " (previous value: "
             
             ResolveReferences;
             ResolveKeySource;
             SetWin32ManifestProperties;
             _SetPreferNativeArm64Win32ManifestProperties;
             FindReferenceAssembliesForReferences;
             _GenerateCompileInputs;
             BeforeCompile;
             _TimeStampBeforeCompile;
             _GenerateCompileDependencyCache;
             CoreCompile;
             _TimeStampAfterCompile;
             AfterCompile;
           ;
             _CreateAppHost;
             _CreateComHost;
             _GetIjwHostPaths;
           ") at C:\Program Files\dotnet\sdk\8.0.417\Sdks\Microsoft.NET.Sdk.WindowsDesktop\targets\Microsoft.WinFX.targets (136,5)
       Property reassignment: $(PublishBuildDependsOn)="
                   BuildOnlySettings;
                   PrepareForBuild;
                   ResolveReferences;
                   PrepareResources;
                   ResolveKeySource;
                   PrepareResourcesForSatelliteAssemblies;
                   GenerateSerializationAssemblies;
                   CreateSatelliteAssemblies;
               " (previous value: "
             BuildOnlySettings;
             PrepareForBuild;
             ResolveReferences;
             PrepareResources;
             ResolveKeySource;
             GenerateSerializationAssemblies;
             CreateSatelliteAssemblies;
           ") at C:\Program Files\dotnet\sdk\8.0.417\Sdks\Microsoft.NET.Sdk.WindowsDesktop\targets\Microsoft.WinFX.targets (802,9)
       Property reassignment: $(PackageDescription)="Package Description" (previous value: "") at C:\Program Files\dotnet\sdk\8.0.417\Sdks\NuGet.Build.Tasks.Pack\build\NuGet.Build.Tasks.Pack.targets (34,5)
       Property reassignment: $(GenerateNuspecDependsOn)="Build;_LoadPackInputItems; _GetTargetFrameworksOutput; _WalkEachTargetPerFramework; _GetPackageFiles; " (previous value: "_LoadPackInputItems; _GetTargetFrameworksOutput; _WalkEachTargetPerFramework; _GetPackageFiles; ") at C:\Program Files\dotnet\sdk\8.0.417\Sdks\NuGet.Build.Tasks.Pack\build\NuGet.Build.Tasks.Pack.targets (59,5)
       Property reassignment: $(_IsNotSetContainersTargetsDir)="true" (previous value: "false") at C:\Program Files\dotnet\sdk\8.0.417\Sdks\Microsoft.NET.Sdk\Sdk\Sdk.targets (59,5)
       Property reassignment: $(_IsSDKContainerAllowedVersion)="true" (previous value: "false") at C:\Program Files\dotnet\sdk\8.0.417\Containers\build\Microsoft.NET.Build.Containers.targets (5,5)
       Property reassignment: $(_ContainerIsTargetingNet8TFM)="true" (previous value: "false") at C:\Program Files\dotnet\sdk\8.0.417\Containers\build\Microsoft.NET.Build.Containers.targets (15,5)
       Overriding target "ResolveFrameworkReferences" in project "C:\Program Files\dotnet\sdk\8.0.417\Microsoft.Common.CurrentVersion.targets" with target "ResolveFrameworkReferences" from project "C:\Program Files\dotnet\sdk\8.0.417\Sdks\Microsoft.NET.Sdk\targets\Microsoft.NET.Sdk.FrameworkReferenceResolution.targets".
       Overriding target "Run" in project "C:\Program Files\dotnet\sdk\8.0.417\Microsoft.Common.CurrentVersion.targets" with target "Run" from project "C:\Program Files\dotnet\sdk\8.0.417\Sdks\Microsoft.NET.Sdk\targets\Microsoft.NET.Sdk.targets".
       Overriding target "GenerateSupportedTargetFrameworkAlias" in project "C:\Program Files\dotnet\sdk\8.0.417\Microsoft.Common.CurrentVersion.targets" with target "GenerateSupportedTargetFrameworkAlias" from project "C:\Program Files\dotnet\sdk\8.0.417\Sdks\Microsoft.NET.Sdk\targets\Microsoft.NET.Sdk.targets".
       Overriding target "GetReferenceAssemblyPaths" in project "C:\Program Files\dotnet\sdk\8.0.417\Microsoft.Common.CurrentVersion.targets" with target "GetReferenceAssemblyPaths" from project "C:\Program Files\dotnet\sdk\8.0.417\Sdks\Microsoft.NET.Sdk\targets\Microsoft.NET.DisableStandardFrameworkResolution.targets".
       Overriding target "GetFrameworkPaths" in project "C:\Program Files\dotnet\sdk\8.0.417\Microsoft.Common.CurrentVersion.targets" with target "GetFrameworkPaths" from project "C:\Program Files\dotnet\sdk\8.0.417\Sdks\Microsoft.NET.Sdk\targets\Microsoft.NET.DisableStandardFrameworkResolution.targets".
       Overriding target "DesignerRuntimeImplementationProjectOutputGroup" in project "C:\Program Files\dotnet\sdk\8.0.417\Microsoft.Common.CurrentVersion.targets" with target "DesignerRuntimeImplementationProjectOutputGroup" from project "C:\Program Files\dotnet\sdk\8.0.417\Sdks\Microsoft.NET.Sdk\targets\Microsoft.NET.DesignerSupport.targets".
       Overriding target "Publish" in project "C:\Program Files\dotnet\sdk\8.0.417\Microsoft.Common.CurrentVersion.targets" with target "Publish" from project "C:\Program Files\dotnet\sdk\8.0.417\Sdks\Microsoft.NET.Sdk\targets\Microsoft.NET.Publish.targets".
       Overriding target "ResolveReadyToRunCompilers" in project "C:\Program Files\dotnet\sdk\8.0.417\Sdks\Microsoft.NET.Sdk\targets\Microsoft.NET.CrossGen.targets" with target "ResolveReadyToRunCompilers" from project "C:\Program Files\dotnet\sdk\8.0.417\Sdks\Microsoft.NET.Sdk\targets\Microsoft.NET.Publish.targets".
       Overriding target "GetCopyToPublishDirectoryItems" in project "C:\Program Files\dotnet\sdk\8.0.417\Microsoft.Common.CurrentVersion.targets" with target "GetCopyToPublishDirectoryItems" from project "C:\Program Files\dotnet\sdk\8.0.417\Sdks\Microsoft.NET.Sdk\targets\Microsoft.NET.Publish.targets".
       Overriding target "SatelliteDllsProjectOutputGroup" in project "C:\Program Files\dotnet\sdk\8.0.417\Microsoft.Common.CurrentVersion.targets" with target "SatelliteDllsProjectOutputGroup" from project "C:\Program Files\dotnet\sdk\8.0.417\Sdks\Microsoft.NET.Sdk.WindowsDesktop\targets\Microsoft.WinFX.targets".
     1>Project "C:\Users\louis\OneDrive\Documents\GitHub\CosmoWhisper-Native\CosmoWhisper-Windows\CosmoWhisper\CosmoWhisper.csproj" (1) is building "C:\Users\louis\OneDrive\Documents\GitHub\CosmoWhisper-Native\CosmoWhisper-Windows\CosmoWhisper\CosmoWhisper.csproj" (1:2) on node 1 (_IsProjectRestoreSupported target(s)).
   1:2>Target "_IsProjectRestoreSupported" in file "C:\Program Files\dotnet\sdk\8.0.417\NuGet.targets" from project "C:\Users\louis\OneDrive\Documents\GitHub\CosmoWhisper-Native\CosmoWhisper-Windows\CosmoWhisper\CosmoWhisper.csproj" (entry point):
   1:2>Done building target "_IsProjectRestoreSupported" in project "CosmoWhisper.csproj".
   1:2>Done Building Project "C:\Users\louis\OneDrive\Documents\GitHub\CosmoWhisper-Native\CosmoWhisper-Windows\CosmoWhisper\CosmoWhisper.csproj" (_IsProjectRestoreSupported target(s)).
     1>Done executing task "MSBuild".
       Task "MSBuild" skipped, due to false condition; ( '$(RestoreUseSkipNonexistentTargets)' != 'true' ) was evaluated as ( 'true' != 'true' ).
       Assembly loaded during TaskRun: NuGet.Build.Tasks, Version=6.11.1.2, Culture=neutral, PublicKeyToken=31bf3856ad364e35 (location: C:\Program Files\dotnet\sdk\8.0.417\NuGet.Build.Tasks.dll, MVID: da6659e2-ab3c-4a1c-91d3-86fe81c4da96, AssemblyLoadContext: MSBuild plugin C:\Program Files\dotnet\sdk\8.0.417\NuGet.Build.Tasks.dll)
       Assembly loaded during TaskRun: NuGet.Common, Version=6.11.1.2, Culture=neutral, PublicKeyToken=31bf3856ad364e35 (location: C:\Program Files\dotnet\sdk\8.0.417\NuGet.Common.dll, MVID: 71662c50-4eea-46ea-82bf-b2edfd33a945, AssemblyLoadContext: MSBuild plugin C:\Program Files\dotnet\sdk\8.0.417\NuGet.Build.Tasks.dll)
       Assembly loaded during TaskRun: NuGet.Commands, Version=6.11.1.2, Culture=neutral, PublicKeyToken=31bf3856ad364e35 (location: C:\Program Files\dotnet\sdk\8.0.417\NuGet.Commands.dll, MVID: fd182425-a30a-445b-9628-b4c5f0ab1353, AssemblyLoadContext: MSBuild plugin C:\Program Files\dotnet\sdk\8.0.417\NuGet.Build.Tasks.dll)
       Assembly loaded during TaskRun: NuGet.ProjectModel, Version=6.11.1.2, Culture=neutral, PublicKeyToken=31bf3856ad364e35 (location: C:\Program Files\dotnet\sdk\8.0.417\NuGet.ProjectModel.dll, MVID: de1018f8-9cea-4ea5-aafd-eccdf5a6f888, AssemblyLoadContext: MSBuild plugin C:\Program Files\dotnet\sdk\8.0.417\NuGet.Build.Tasks.dll)
       Using "WarnForInvalidProjectsTask" task from assembly "C:\Program Files\dotnet\sdk\8.0.417\NuGet.Build.Tasks.dll".
       Task "WarnForInvalidProjectsTask"
       Done executing task "WarnForInvalidProjectsTask".
     1>Done building target "_FilterRestoreGraphProjectInputItems" in project "CosmoWhisper.csproj".
       Target "_FilterRestoreGraphProjectInputItems" skipped. Previously built successfully.
     1>Target "_GetAllRestoreProjectPathItems" in file "C:\Program Files\dotnet\sdk\8.0.417\NuGet.targets" from project "C:\Users\louis\OneDrive\Documents\GitHub\CosmoWhisper-Native\CosmoWhisper-Windows\CosmoWhisper\CosmoWhisper.csproj" (target "_GenerateRestoreGraph" depends on it):
       Using "NuGetMessageTask" task from assembly "C:\Program Files\dotnet\sdk\8.0.417\NuGet.Build.Tasks.dll".
       Task "NuGetMessageTask"
         Determining projects to restore...
       Done executing task "NuGetMessageTask".
       Task "MSBuild"
         Global Properties:
           ExcludeRestorePackageImports=true
     1>Project "C:\Users\louis\OneDrive\Documents\GitHub\CosmoWhisper-Native\CosmoWhisper-Windows\CosmoWhisper\CosmoWhisper.csproj" (1) is building "C:\Users\louis\OneDrive\Documents\GitHub\CosmoWhisper-Native\CosmoWhisper-Windows\CosmoWhisper\CosmoWhisper.csproj" (1:3) on node 1 (_GenerateRestoreProjectPathWalk target(s)).
   1:3>Target "_GenerateRestoreProjectPathItemsAllFrameworks" skipped, due to false condition; ( '$(TargetFrameworks)' != '' ) was evaluated as ( '' != '' ).
   1:3>Target "_GenerateRestoreProjectPathItemsPerFramework" in file "C:\Program Files\dotnet\sdk\8.0.417\NuGet.targets" from project "C:\Users\louis\OneDrive\Documents\GitHub\CosmoWhisper-Native\CosmoWhisper-Windows\CosmoWhisper\CosmoWhisper.csproj" (target "_GenerateRestoreProjectPathItemsCurrentProject" depends on it):
       Using "ConvertToAbsolutePath" task from assembly "Microsoft.Build.Tasks.Core, Version=15.1.0.0, Culture=neutral, PublicKeyToken=b03f5f7f11d50a3a".
       Task "ConvertToAbsolutePath"
       Done executing task "ConvertToAbsolutePath".
   1:3>Done building target "_GenerateRestoreProjectPathItemsPerFramework" in project "CosmoWhisper.csproj".
   1:3>Target "_GenerateRestoreProjectPathItemsCurrentProject" in file "C:\Program Files\dotnet\sdk\8.0.417\NuGet.targets" from project "C:\Users\louis\OneDrive\Documents\GitHub\CosmoWhisper-Native\CosmoWhisper-Windows\CosmoWhisper\CosmoWhisper.csproj" (target "_GenerateRestoreProjectPathItems" depends on it):
   1:3>Done building target "_GenerateRestoreProjectPathItemsCurrentProject" in project "CosmoWhisper.csproj".
   1:3>Target "_GenerateRestoreProjectPathItems" in file "C:\Program Files\dotnet\sdk\8.0.417\NuGet.targets" from project "C:\Users\louis\OneDrive\Documents\GitHub\CosmoWhisper-Native\CosmoWhisper-Windows\CosmoWhisper\CosmoWhisper.csproj" (target "_GenerateRestoreProjectPathWalk" depends on it):
       Task "RemoveDuplicates"
       Done executing task "RemoveDuplicates".
   1:3>Done building target "_GenerateRestoreProjectPathItems" in project "CosmoWhisper.csproj".
   1:3>Target "_GenerateRestoreProjectPathWalk" in file "C:\Program Files\dotnet\sdk\8.0.417\NuGet.targets" from project "C:\Users\louis\OneDrive\Documents\GitHub\CosmoWhisper-Native\CosmoWhisper-Windows\CosmoWhisper\CosmoWhisper.csproj" (entry point):
       Task "MSBuild"
       Done executing task "MSBuild".
       Task "MSBuild" skipped, due to false condition; ( '$(RestoreUseSkipNonexistentTargets)' != 'true' ) was evaluated as ( 'true' != 'true' ).
       Task "RemoveDuplicates"
       Done executing task "RemoveDuplicates".
   1:3>Done building target "_GenerateRestoreProjectPathWalk" in project "CosmoWhisper.csproj".
   1:3>Done Building Project "C:\Users\louis\OneDrive\Documents\GitHub\CosmoWhisper-Native\CosmoWhisper-Windows\CosmoWhisper\CosmoWhisper.csproj" (_GenerateRestoreProjectPathWalk target(s)).
     1>Done executing task "MSBuild".
       Task "MSBuild" skipped, due to false condition; ( '$(RestoreUseSkipNonexistentTargets)' != 'true' ) was evaluated as ( 'true' != 'true' ).
       Task "RemoveDuplicates"
       Done executing task "RemoveDuplicates".
       Task "MSBuild"
         Global Properties:
           ExcludeRestorePackageImports=true
     1>Project "C:\Users\louis\OneDrive\Documents\GitHub\CosmoWhisper-Native\CosmoWhisper-Windows\CosmoWhisper\CosmoWhisper.csproj" (1) is building "C:\Users\louis\OneDrive\Documents\GitHub\CosmoWhisper-Native\CosmoWhisper-Windows\CosmoWhisper\CosmoWhisper.csproj" (1:4) on node 1 (_IsProjectRestoreSupported target(s)).
   1:4>Target "_IsProjectRestoreSupported" skipped. Previously built successfully.
   1:4>Done Building Project "C:\Users\louis\OneDrive\Documents\GitHub\CosmoWhisper-Native\CosmoWhisper-Windows\CosmoWhisper\CosmoWhisper.csproj" (_IsProjectRestoreSupported target(s)).
     1>Done executing task "MSBuild".
       Task "MSBuild" skipped, due to false condition; ( '$(RestoreUseSkipNonexistentTargets)' != 'true' ) was evaluated as ( 'true' != 'true' ).
     1>Done building target "_GetAllRestoreProjectPathItems" in project "CosmoWhisper.csproj".
     1>Target "_GenerateRestoreGraph" in file "C:\Program Files\dotnet\sdk\8.0.417\NuGet.targets" from project "C:\Users\louis\OneDrive\Documents\GitHub\CosmoWhisper-Native\CosmoWhisper-Windows\CosmoWhisper\CosmoWhisper.csproj" (target "Restore" depends on it):
       Using "Message" task from assembly "Microsoft.Build.Tasks.Core, Version=15.1.0.0, Culture=neutral, PublicKeyToken=b03f5f7f11d50a3a".
       Task "Message"
         Generating dg file
       Done executing task "Message".
       Task "Message"
         C:\Users\louis\OneDrive\Documents\GitHub\CosmoWhisper-Native\CosmoWhisper-Windows\CosmoWhisper\CosmoWhisper.csproj
       Done executing task "Message".
       Task "MSBuild"
         Global Properties:
           ExcludeRestorePackageImports=true
     1>Project "C:\Users\louis\OneDrive\Documents\GitHub\CosmoWhisper-Native\CosmoWhisper-Windows\CosmoWhisper\CosmoWhisper.csproj" (1) is building "C:\Users\louis\OneDrive\Documents\GitHub\CosmoWhisper-Native\CosmoWhisper-Windows\CosmoWhisper\CosmoWhisper.csproj" (1:5) on node 1 (_GenerateRestoreGraphProjectEntry target(s)).
   1:5>Target "_GetProjectJsonPath" in file "C:\Program Files\dotnet\sdk\8.0.417\NuGet.targets" from project "C:\Users\louis\OneDrive\Documents\GitHub\CosmoWhisper-Native\CosmoWhisper-Windows\CosmoWhisper\CosmoWhisper.csproj" (target "_GetRestoreProjectStyle" depends on it):
   1:5>Task "GetRestoreProjectJsonPathTask" skipped, due to false condition; ( '$(RestoreProjectStyle)' == 'ProjectJson' OR '$(RestoreProjectStyle)' == '' ) was evaluated as ( 'PackageReference' == 'ProjectJson' OR 'PackageReference' == '' ).
   1:5>Done building target "_GetProjectJsonPath" in project "CosmoWhisper.csproj".
       Target "_CheckForMissingWorkload" skipped, due to false condition; ('@(MissingWorkloadPack)' != '' And '$(DesignTimeBuild)' != 'true') was evaluated as ('' != '' And '' != 'true').
   1:5>Target "_CheckForUnsupportedTargetPlatformIdentifier" in file "C:\Program Files\dotnet\sdk\8.0.417\Sdks\Microsoft.NET.Sdk\targets\Microsoft.NET.TargetFrameworkInference.targets" from project "C:\Users\louis\OneDrive\Documents\GitHub\CosmoWhisper-Native\CosmoWhisper-Windows\CosmoWhisper\CosmoWhisper.csproj" (target "CollectPackageReferences" depends on it):
       Task "NETSdkError" skipped, due to false condition; ('$(TargetPlatformSupported)' != 'true' and '$(UseWorkloadsSpecificError)' != 'true') was evaluated as ('true' != 'true' and '' != 'true').
       Task "NETSdkError" skipped, due to false condition; ('$(TargetPlatformSupported)' != 'true' and '$(UseWorkloadsSpecificError)' == 'true') was evaluated as ('true' != 'true' and '' == 'true').
   1:5>Done building target "_CheckForUnsupportedTargetPlatformIdentifier" in project "CosmoWhisper.csproj".
   1:5>Target "_CheckForUnsupportedNETCoreVersion" in file "C:\Program Files\dotnet\sdk\8.0.417\Sdks\Microsoft.NET.Sdk\targets\Microsoft.NET.TargetFrameworkInference.targets" from project "C:\Users\louis\OneDrive\Documents\GitHub\CosmoWhisper-Native\CosmoWhisper-Windows\CosmoWhisper\CosmoWhisper.csproj" (target "CollectPackageReferences" depends on it):
       Task "NETSdkError" skipped, due to false condition; ('$(_TargetFrameworkVersionWithoutV)' > '$(NETCoreAppMaximumVersion)' and '$(DisplayVSMessage)' != 'true') was evaluated as ('8.0' > '8.0' and '' != 'true').
       Task "NETSdkError" skipped, due to false condition; ('$(DisplayVSMessage)' == 'true') was evaluated as ('' == 'true').
   1:5>Done building target "_CheckForUnsupportedNETCoreVersion" in project "CosmoWhisper.csproj".
       Target "_CheckForEolTargetFrameworks" skipped, due to false condition; ('@(_EolNetCoreTargetFrameworkVersions->AnyHaveMetadataValue('Identity', '$(_TargetFrameworkVersionWithoutV)'))' and '$(TargetFrameworkIdentifier)' == '.NETCoreApp' and '$(CheckEolTargetFramework)' == 'true') was evaluated as ('false' and '.NETCoreApp' == '.NETCoreApp' and 'true' == 'true').
       Target "_CheckForEolWorkloads" skipped, due to false condition; ('@(EolWorkload)' != '' and '$(CheckEolWorkloads)' == 'true') was evaluated as ('' != '' and 'true' == 'true').
   1:5>Target "_CheckForUnsupportedCppNETCoreVersion" in file "C:\Program Files\dotnet\sdk\8.0.417\Sdks\Microsoft.NET.Sdk\targets\Microsoft.NET.TargetFrameworkInference.targets" from project "C:\Users\louis\OneDrive\Documents\GitHub\CosmoWhisper-Native\CosmoWhisper-Windows\CosmoWhisper\CosmoWhisper.csproj" (target "CollectPackageReferences" depends on it):
       Task "NETSdkError" skipped, due to false condition; ('$(TargetFrameworkIdentifier)' == '.NETCoreApp' and '$(_TargetFrameworkVersionWithoutV)' < '3.1' and ('$(Language)' == 'C++' and '$(_EnablePackageReferencesInVCProjects)' != 'true')) was evaluated as ('.NETCoreApp' == '.NETCoreApp' and '8.0' < '3.1' and ('C#' == 'C++' and '' != 'true')).
   1:5>Done building target "_CheckForUnsupportedCppNETCoreVersion" in project "CosmoWhisper.csproj".
       Target "_CheckForUnsupportedNETStandardVersion" skipped, due to false condition; ('$(TargetFrameworkIdentifier)' == '.NETStandard' And '$(NETStandardMaximumVersion)' != '') was evaluated as ('.NETCoreApp' == '.NETStandard' And '' != '').
       Target "_CheckForUnsupportedTargetFrameworkAndFeatureCombination" skipped, due to false condition; ('$(TargetFrameworkIdentifier)' == '.NETFramework') was evaluated as ('.NETCoreApp' == '.NETFramework').
   1:5>Target "UpdateAspNetToFrameworkReference" in file "C:\Program Files\dotnet\sdk\8.0.417\Sdks\Microsoft.NET.Sdk\targets\Microsoft.NET.Sdk.DefaultItems.Shared.targets" from project "C:\Users\louis\OneDrive\Documents\GitHub\CosmoWhisper-Native\CosmoWhisper-Windows\CosmoWhisper\CosmoWhisper.csproj" (target "ApplyImplicitVersions" depends on it):
       Using "CheckIfPackageReferenceShouldBeFrameworkReference" task from assembly "C:\Program Files\dotnet\sdk\8.0.417\Sdks\Microsoft.NET.Sdk\targets\..\tools\net8.0\Microsoft.NET.Build.Tasks.dll".
       Task "CheckIfPackageReferenceShouldBeFrameworkReference"
       Done executing task "CheckIfPackageReferenceShouldBeFrameworkReference".
       Task "NETSdkError" skipped, due to false condition; ('$(_ShouldRemoveAspNetCoreAll)' == 'true') was evaluated as ('False' == 'true').
       Task "CheckIfPackageReferenceShouldBeFrameworkReference"
       Done executing task "CheckIfPackageReferenceShouldBeFrameworkReference".
       Task "NETSdkWarning" skipped, due to false condition; ('$(_ShouldRemoveAspNetCoreApp)' == 'true') was evaluated as ('False' == 'true').
   1:5>Done building target "UpdateAspNetToFrameworkReference" in project "CosmoWhisper.csproj".
       Target "IncludeTargetingPackReference" skipped, due to false condition; ('$(TargetFrameworkMoniker)' != '' and '$(TargetFrameworkIdentifier)' == '.NETFramework' and '$(AutomaticallyUseReferenceAssemblyPackages)' == 'true') was evaluated as ('.NETCoreApp,Version=v8.0' != '' and '.NETCoreApp' == '.NETFramework' and 'true' == 'true').
   1:5>Target "CheckForImplicitPackageReferenceOverrides" in file "C:\Program Files\dotnet\sdk\8.0.417\Sdks\Microsoft.NET.Sdk\targets\Microsoft.NET.Sdk.DefaultItems.Shared.targets" from project "C:\Users\louis\OneDrive\Documents\GitHub\CosmoWhisper-Native\CosmoWhisper-Windows\CosmoWhisper\CosmoWhisper.csproj" (target "ApplyImplicitVersions" depends on it):
       Using "CheckForImplicitPackageReferenceOverrides" task from assembly "C:\Program Files\dotnet\sdk\8.0.417\Sdks\Microsoft.NET.Sdk\targets\..\tools\net8.0\Microsoft.NET.Build.Tasks.dll".
       Task "CheckForImplicitPackageReferenceOverrides"
       Done executing task "CheckForImplicitPackageReferenceOverrides".
   1:5>Done building target "CheckForImplicitPackageReferenceOverrides" in project "CosmoWhisper.csproj".
   1:5>Target "ApplyImplicitVersions" in file "C:\Program Files\dotnet\sdk\8.0.417\Sdks\Microsoft.NET.Sdk\targets\Microsoft.NET.Sdk.DefaultItems.Shared.targets" from project "C:\Users\louis\OneDrive\Documents\GitHub\CosmoWhisper-Native\CosmoWhisper-Windows\CosmoWhisper\CosmoWhisper.csproj" (target "CollectPackageReferences" depends on it):
       Using "ApplyImplicitVersions" task from assembly "C:\Program Files\dotnet\sdk\8.0.417\Sdks\Microsoft.NET.Sdk\targets\..\tools\net8.0\Microsoft.NET.Build.Tasks.dll".
       Task "ApplyImplicitVersions"
       Done executing task "ApplyImplicitVersions".
   1:5>Done building target "ApplyImplicitVersions" in project "CosmoWhisper.csproj".
       Target "CheckForImplicitPackageReferenceOverrides" skipped. Previously built successfully.
   1:5>Target "AddWindowsSdkKnownFrameworkReferences" in file "C:\Program Files\dotnet\sdk\8.0.417\Sdks\Microsoft.NET.Sdk\targets\Microsoft.NET.Sdk.FrameworkReferenceResolution.targets" from project "C:\Users\louis\OneDrive\Documents\GitHub\CosmoWhisper-Native\CosmoWhisper-Windows\CosmoWhisper\CosmoWhisper.csproj" (target "ProcessFrameworkReferences" depends on it):
       Using "CreateWindowsSdkKnownFrameworkReferences" task from assembly "C:\Program Files\dotnet\sdk\8.0.417\Sdks\Microsoft.NET.Sdk\targets\..\tools\net8.0\Microsoft.NET.Build.Tasks.dll".
       Task "CreateWindowsSdkKnownFrameworkReferences"
       Done executing task "CreateWindowsSdkKnownFrameworkReferences".
   1:5>Done building target "AddWindowsSdkKnownFrameworkReferences" in project "CosmoWhisper.csproj".
   1:5>Target "_NormalizeTargetPlatformVersion" in file "C:\Program Files\dotnet\sdk\8.0.417\Sdks\Microsoft.NET.Sdk\targets\Microsoft.NET.TargetFrameworkInference.targets" from project "C:\Users\louis\OneDrive\Documents\GitHub\CosmoWhisper-Native\CosmoWhisper-Windows\CosmoWhisper\CosmoWhisper.csproj" (target "ProcessFrameworkReferences" depends on it):
   1:5>Done building target "_NormalizeTargetPlatformVersion" in project "CosmoWhisper.csproj".
   1:5>Target "_CheckForLanguageAndFeatureCombinationSupport" in file "C:\Program Files\dotnet\sdk\8.0.417\Sdks\Microsoft.NET.Sdk\targets\Microsoft.NET.RuntimeIdentifierInference.targets" from project "C:\Users\louis\OneDrive\Documents\GitHub\CosmoWhisper-Native\CosmoWhisper-Windows\CosmoWhisper\CosmoWhisper.csproj" (target "ProcessFrameworkReferences" depends on it):
       Task "NETSdkError" skipped, due to false condition; (('$(Language)' == 'C++' and '$(_EnablePackageReferencesInVCProjects)' != 'true') and $(OutputType) != 'library' and '$(TargetFrameworkIdentifier)' == '.NETCoreApp') was evaluated as (('C#' == 'C++' and '' != 'true') and WinExe != 'library' and '.NETCoreApp' == '.NETCoreApp').
       Task "NETSdkError" skipped, due to false condition; (('$(Language)' == 'C++' and '$(_EnablePackageReferencesInVCProjects)' != 'true') and $(EnableComHosting) == 'true') was evaluated as (('C#' == 'C++' and '' != 'true') and  == 'true').
       Task "NETSdkError" skipped, due to false condition; (('$(Language)' == 'C++' and '$(_EnablePackageReferencesInVCProjects)' != 'true') and $(SelfContained) == 'true') was evaluated as (('C#' == 'C++' and '' != 'true') and false == 'true').
   1:5>Done building target "_CheckForLanguageAndFeatureCombinationSupport" in project "CosmoWhisper.csproj".
   1:5>Target "_ComputeToolPackInputsToProcessFrameworkReferences" in file "C:\Program Files\dotnet\sdk\8.0.417\Sdks\Microsoft.NET.Sdk\targets\Microsoft.NET.Publish.targets" from project "C:\Users\louis\OneDrive\Documents\GitHub\CosmoWhisper-Native\CosmoWhisper-Windows\CosmoWhisper\CosmoWhisper.csproj" (target "ProcessFrameworkReferences" depends on it):
   1:5>Done building target "_ComputeToolPackInputsToProcessFrameworkReferences" in project "CosmoWhisper.csproj".
   1:5>Target "ProcessFrameworkReferences" in file "C:\Program Files\dotnet\sdk\8.0.417\Sdks\Microsoft.NET.Sdk\targets\Microsoft.NET.Sdk.FrameworkReferenceResolution.targets" from project "C:\Users\louis\OneDrive\Documents\GitHub\CosmoWhisper-Native\CosmoWhisper-Windows\CosmoWhisper\CosmoWhisper.csproj" (target "CollectPackageReferences" depends on it):
       Using "CheckForDuplicateFrameworkReferences" task from assembly "C:\Program Files\dotnet\sdk\8.0.417\Sdks\Microsoft.NET.Sdk\targets\..\tools\net8.0\Microsoft.NET.Build.Tasks.dll".
       Task "CheckForDuplicateFrameworkReferences"
       Done executing task "CheckForDuplicateFrameworkReferences".
       Using "ProcessFrameworkReferences" task from assembly "C:\Program Files\dotnet\sdk\8.0.417\Sdks\Microsoft.NET.Sdk\targets\..\tools\net8.0\Microsoft.NET.Build.Tasks.dll".
       Task "ProcessFrameworkReferences"
       Done executing task "ProcessFrameworkReferences".
       Using "ResolveAppHosts" task from assembly "C:\Program Files\dotnet\sdk\8.0.417\Sdks\Microsoft.NET.Sdk\targets\..\tools\net8.0\Microsoft.NET.Build.Tasks.dll".
       Task "ResolveAppHosts"
       Done executing task "ResolveAppHosts".
   1:5>Done building target "ProcessFrameworkReferences" in project "CosmoWhisper.csproj".
       Target "IncludeTargetingPackReference" skipped, due to false condition; ('$(TargetFrameworkMoniker)' != '' and '$(TargetFrameworkIdentifier)' == '.NETFramework' and '$(AutomaticallyUseReferenceAssemblyPackages)' == 'true') was evaluated as ('.NETCoreApp,Version=v8.0' != '' and '.NETCoreApp' == '.NETFramework' and 'true' == 'true').
   1:5>Target "_AddMicrosoftNetCompilerToolsetFrameworkPackage" in file "C:\Program Files\dotnet\sdk\8.0.417\Sdks\Microsoft.NET.Sdk\targets\Microsoft.NET.Sdk.targets" from project "C:\Users\louis\OneDrive\Documents\GitHub\CosmoWhisper-Native\CosmoWhisper-Windows\CosmoWhisper\CosmoWhisper.csproj" (target "CollectPackageReferences" depends on it):
       Task "NETSdkWarning" skipped, due to false condition; ('@(PackageReference->AnyHaveMetadataValue('Identity', 'Microsoft.Net.Compilers.Toolset.Framework'))' == 'true') was evaluated as ('false' == 'true').
   1:5>Done building target "_AddMicrosoftNetCompilerToolsetFrameworkPackage" in project "CosmoWhisper.csproj".
   1:5>Target "_CheckForObsoleteDotNetCliToolReferences" in file "C:\Program Files\dotnet\sdk\8.0.417\Sdks\Microsoft.NET.Sdk\targets\Microsoft.NET.ObsoleteReferences.targets" from project "C:\Users\louis\OneDrive\Documents\GitHub\CosmoWhisper-Native\CosmoWhisper-Windows\CosmoWhisper\CosmoWhisper.csproj" (target "CollectPackageReferences" depends on it):
       Task "NETSdkWarning" skipped, due to false condition; ( '%(_ReferenceToObsoleteDotNetCliTool.Identity)' != '' ) was evaluated as ( '' != '' ).
   1:5>Done building target "_CheckForObsoleteDotNetCliToolReferences" in project "CosmoWhisper.csproj".
   1:5>Target "CollectPackageReferences" in file "C:\Program Files\dotnet\sdk\8.0.417\NuGet.targets" from project "C:\Users\louis\OneDrive\Documents\GitHub\CosmoWhisper-Native\CosmoWhisper-Windows\CosmoWhisper\CosmoWhisper.csproj" (target "_GetRestoreProjectStyle" depends on it):
       Using "CheckForDuplicateNuGetItemsTask" task from assembly "C:\Program Files\dotnet\sdk\8.0.417\NuGet.Build.Tasks.dll".
       Task "CheckForDuplicateNuGetItemsTask"
       Done executing task "CheckForDuplicateNuGetItemsTask".
   1:5>Done building target "CollectPackageReferences" in project "CosmoWhisper.csproj".
   1:5>Target "_GetRestoreProjectStyle" in file "C:\Program Files\dotnet\sdk\8.0.417\NuGet.targets" from project "C:\Users\louis\OneDrive\Documents\GitHub\CosmoWhisper-Native\CosmoWhisper-Windows\CosmoWhisper\CosmoWhisper.csproj" (target "_GenerateRestoreSpecs" depends on it):
       Using "GetRestoreProjectStyleTask" task from assembly "C:\Program Files\dotnet\sdk\8.0.417\NuGet.Build.Tasks.dll".
       Task "GetRestoreProjectStyleTask"
       Done executing task "GetRestoreProjectStyleTask".
   1:5>Done building target "_GetRestoreProjectStyle" in project "CosmoWhisper.csproj".
   1:5>Target "_GenerateRestoreSpecs" in file "C:\Program Files\dotnet\sdk\8.0.417\NuGet.targets" from project "C:\Users\louis\OneDrive\Documents\GitHub\CosmoWhisper-Native\CosmoWhisper-Windows\CosmoWhisper\CosmoWhisper.csproj" (target "_GenerateRestoreGraphProjectEntry" depends on it):
       Task "Message"
         Restore entry point C:\Users\louis\OneDrive\Documents\GitHub\CosmoWhisper-Native\CosmoWhisper-Windows\CosmoWhisper\CosmoWhisper.csproj
       Done executing task "Message".
   1:5>Done building target "_GenerateRestoreSpecs" in project "CosmoWhisper.csproj".
   1:5>Target "_GetRestoreSettingsOverrides" in file "C:\Program Files\dotnet\sdk\8.0.417\NuGet.targets" from project "C:\Users\louis\OneDrive\Documents\GitHub\CosmoWhisper-Native\CosmoWhisper-Windows\CosmoWhisper\CosmoWhisper.csproj" (target "_GetRestoreSettings" depends on it):
       Task "MSBuild" skipped, due to false condition; ( '$(RestorePackagesPath)' != '' ) was evaluated as ( '' != '' ).
       Task "MSBuild" skipped, due to false condition; ( '$(RestoreRepositoryPathOverride)' != '' ) was evaluated as ( '' != '' ).
       Task "MSBuild" skipped, due to false condition; ( '$(RestoreSources)' != '' ) was evaluated as ( '' != '' ).
       Task "MSBuild" skipped, due to false condition; ( '$(RestoreFallbackFolders)' != '' ) was evaluated as ( '' != '' ).
   1:5>Done building target "_GetRestoreSettingsOverrides" in project "CosmoWhisper.csproj".
   1:5>Target "_GetRestoreSettingsPerFramework" in file "C:\Program Files\dotnet\sdk\8.0.417\NuGet.targets" from project "C:\Users\louis\OneDrive\Documents\GitHub\CosmoWhisper-Native\CosmoWhisper-Windows\CosmoWhisper\CosmoWhisper.csproj" (target "_GetRestoreSettingsCurrentProject" depends on it):
   1:5>Done building target "_GetRestoreSettingsPerFramework" in project "CosmoWhisper.csproj".
   1:5>Target "_GetRestoreSettingsCurrentProject" in file "C:\Program Files\dotnet\sdk\8.0.417\NuGet.targets" from project "C:\Users\louis\OneDrive\Documents\GitHub\CosmoWhisper-Native\CosmoWhisper-Windows\CosmoWhisper\CosmoWhisper.csproj" (target "_GetRestoreSettings" depends on it):
   1:5>Done building target "_GetRestoreSettingsCurrentProject" in project "CosmoWhisper.csproj".
       Target "_GetRestoreSettingsAllFrameworks" skipped, due to false condition; ( '$(TargetFrameworks)' != '' AND '$(PackageReferenceCompatibleProjectStyle)' == 'true' ) was evaluated as ( '' != '' AND 'True' == 'true' ).
   1:5>Target "_GetRestoreSettings" in file "C:\Program Files\dotnet\sdk\8.0.417\NuGet.targets" from project "C:\Users\louis\OneDrive\Documents\GitHub\CosmoWhisper-Native\CosmoWhisper-Windows\CosmoWhisper\CosmoWhisper.csproj" (target "_GenerateDotnetCliToolReferenceSpecs" depends on it):
       Using "GetRestoreSettingsTask" task from assembly "C:\Program Files\dotnet\sdk\8.0.417\NuGet.Build.Tasks.dll".
       Task "GetRestoreSettingsTask"
         Assembly loaded during TaskRun (NuGet.Build.Tasks.GetRestoreSettingsTask): NuGet.Configuration, Version=6.11.1.2, Culture=neutral, PublicKeyToken=31bf3856ad364e35 (location: C:\Program Files\dotnet\sdk\8.0.417\NuGet.Configuration.dll, MVID: be7e3e57-42a2-4a9c-87cf-47833efa7f94, AssemblyLoadContext: MSBuild plugin C:\Program Files\dotnet\sdk\8.0.417\NuGet.Build.Tasks.dll)
       Done executing task "GetRestoreSettingsTask".
   1:5>Done building target "_GetRestoreSettings" in project "CosmoWhisper.csproj".
   1:5>Target "_GenerateDotnetCliToolReferenceSpecs" in file "C:\Program Files\dotnet\sdk\8.0.417\NuGet.targets" from project "C:\Users\louis\OneDrive\Documents\GitHub\CosmoWhisper-Native\CosmoWhisper-Windows\CosmoWhisper\CosmoWhisper.csproj" (target "_GenerateRestoreGraphProjectEntry" depends on it):
       Using "GetRestoreDotnetCliToolsTask" task from assembly "C:\Program Files\dotnet\sdk\8.0.417\NuGet.Build.Tasks.dll".
       Task "GetRestoreDotnetCliToolsTask"
       Done executing task "GetRestoreDotnetCliToolsTask".
   1:5>Done building target "_GenerateDotnetCliToolReferenceSpecs" in project "CosmoWhisper.csproj".
   1:5>Target "_GenerateRestoreGraphProjectEntry" in file "C:\Program Files\dotnet\sdk\8.0.417\NuGet.targets" from project "C:\Users\louis\OneDrive\Documents\GitHub\CosmoWhisper-Native\CosmoWhisper-Windows\CosmoWhisper\CosmoWhisper.csproj" (entry point):
   1:5>Done building target "_GenerateRestoreGraphProjectEntry" in project "CosmoWhisper.csproj".
   1:5>Done Building Project "C:\Users\louis\OneDrive\Documents\GitHub\CosmoWhisper-Native\CosmoWhisper-Windows\CosmoWhisper\CosmoWhisper.csproj" (_GenerateRestoreGraphProjectEntry target(s)).
     1>Done executing task "MSBuild".
       Task "MSBuild"
         Global Properties:
           ExcludeRestorePackageImports=true
     1>Project "C:\Users\louis\OneDrive\Documents\GitHub\CosmoWhisper-Native\CosmoWhisper-Windows\CosmoWhisper\CosmoWhisper.csproj" (1) is building "C:\Users\louis\OneDrive\Documents\GitHub\CosmoWhisper-Native\CosmoWhisper-Windows\CosmoWhisper\CosmoWhisper.csproj" (1:6) on node 1 (_GenerateProjectRestoreGraph target(s)).
   1:6>Target "_GetRestoreProjectStyle" skipped. Previously built successfully.
       Target "_GetRestoreProjectStyle" skipped. Previously built successfully.
       Target "_GetRestoreProjectStyle" skipped. Previously built successfully.
   1:6>Target "_GetRestoreTargetFrameworkOverride" in file "C:\Program Files\dotnet\sdk\8.0.417\NuGet.targets" from project "C:\Users\louis\OneDrive\Documents\GitHub\CosmoWhisper-Native\CosmoWhisper-Windows\CosmoWhisper\CosmoWhisper.csproj" (target "_GetRestoreTargetFrameworksOutput" depends on it):
       Task "GetGlobalPropertyValueTask" skipped, due to false condition; ( '$(TargetFrameworks)' != '' ) was evaluated as ( '' != '' ).
   1:6>Done building target "_GetRestoreTargetFrameworkOverride" in project "CosmoWhisper.csproj".
   1:6>Target "_GetRestoreTargetFrameworksOutput" in file "C:\Program Files\dotnet\sdk\8.0.417\NuGet.targets" from project "C:\Users\louis\OneDrive\Documents\GitHub\CosmoWhisper-Native\CosmoWhisper-Windows\CosmoWhisper\CosmoWhisper.csproj" (target "_GenerateRestoreProjectSpec" depends on it):
       Using "GetProjectTargetFrameworksTask" task from assembly "C:\Program Files\dotnet\sdk\8.0.417\NuGet.Build.Tasks.dll".
       Task "GetProjectTargetFrameworksTask"
       Done executing task "GetProjectTargetFrameworksTask".
   1:6>Done building target "_GetRestoreTargetFrameworksOutput" in project "CosmoWhisper.csproj".
       Target "_GetRestoreSettings" skipped. Previously built successfully.
   1:6>Target "_GenerateRestoreProjectSpec" in file "C:\Program Files\dotnet\sdk\8.0.417\NuGet.targets" from project "C:\Users\louis\OneDrive\Documents\GitHub\CosmoWhisper-Native\CosmoWhisper-Windows\CosmoWhisper\CosmoWhisper.csproj" (target "_GenerateProjectRestoreGraph" depends on it):
       Task "ConvertToAbsolutePath"
       Done executing task "ConvertToAbsolutePath".
   1:6>Done building target "_GenerateRestoreProjectSpec" in project "CosmoWhisper.csproj".
       Target "_GenerateProjectRestoreGraphAllFrameworks" skipped, due to false condition; ( '$(TargetFrameworks)' != '' ) was evaluated as ( '' != '' ).
       Target "_GetRestoreProjectStyle" skipped. Previously built successfully.
       Target "CollectPackageReferences" skipped. Previously built successfully.
   1:6>Target "CollectPackageDownloads" in file "C:\Program Files\dotnet\sdk\8.0.417\NuGet.targets" from project "C:\Users\louis\OneDrive\Documents\GitHub\CosmoWhisper-Native\CosmoWhisper-Windows\CosmoWhisper\CosmoWhisper.csproj" (target "_CollectRestoreInputs" depends on it):
       Task "CheckForDuplicateNuGetItemsTask"
       Done executing task "CheckForDuplicateNuGetItemsTask".
   1:6>Done building target "CollectPackageDownloads" in project "CosmoWhisper.csproj".
   1:6>Target "CollectFrameworkReferences" in file "C:\Program Files\dotnet\sdk\8.0.417\NuGet.targets" from project "C:\Users\louis\OneDrive\Documents\GitHub\CosmoWhisper-Native\CosmoWhisper-Windows\CosmoWhisper\CosmoWhisper.csproj" (target "_CollectRestoreInputs" depends on it):
   1:6>Done building target "CollectFrameworkReferences" in project "CosmoWhisper.csproj".
   1:6>Target "CollectCentralPackageVersions" in file "C:\Program Files\dotnet\sdk\8.0.417\NuGet.targets" from project "C:\Users\louis\OneDrive\Documents\GitHub\CosmoWhisper-Native\CosmoWhisper-Windows\CosmoWhisper\CosmoWhisper.csproj" (target "_CollectRestoreInputs" depends on it):
       Task "CheckForDuplicateNuGetItemsTask"
       Done executing task "CheckForDuplicateNuGetItemsTask".
   1:6>Done building target "CollectCentralPackageVersions" in project "CosmoWhisper.csproj".
   1:6>Target "CollectNuGetAuditSuppressions" in file "C:\Program Files\dotnet\sdk\8.0.417\NuGet.targets" from project "C:\Users\louis\OneDrive\Documents\GitHub\CosmoWhisper-Native\CosmoWhisper-Windows\CosmoWhisper\CosmoWhisper.csproj" (target "_CollectRestoreInputs" depends on it):
       Task "CheckForDuplicateNuGetItemsTask"
       Done executing task "CheckForDuplicateNuGetItemsTask".
   1:6>Done building target "CollectNuGetAuditSuppressions" in project "CosmoWhisper.csproj".
   1:6>Target "_CollectRestoreInputs" in file "C:\Program Files\dotnet\sdk\8.0.417\NuGet.targets" from project "C:\Users\louis\OneDrive\Documents\GitHub\CosmoWhisper-Native\CosmoWhisper-Windows\CosmoWhisper\CosmoWhisper.csproj" (target "_GenerateProjectRestoreGraphPerFramework" depends on it):
   1:6>Done building target "_CollectRestoreInputs" in project "CosmoWhisper.csproj".
       Target "PrepRestoreForStoreProjects" skipped, due to false condition; ('$(StorePackageName)' != '') was evaluated as ('' != '').
   1:6>Target "_GenerateProjectRestoreGraphPerFramework" in file "C:\Program Files\dotnet\sdk\8.0.417\NuGet.targets" from project "C:\Users\louis\OneDrive\Documents\GitHub\CosmoWhisper-Native\CosmoWhisper-Windows\CosmoWhisper\CosmoWhisper.csproj" (target "_GenerateProjectRestoreGraphCurrentProject" depends on it):
       Using "GetRestoreProjectReferencesTask" task from assembly "C:\Program Files\dotnet\sdk\8.0.417\NuGet.Build.Tasks.dll".
       Task "GetRestoreProjectReferencesTask"
       Done executing task "GetRestoreProjectReferencesTask".
       Using "GetRestorePackageReferencesTask" task from assembly "C:\Program Files\dotnet\sdk\8.0.417\NuGet.Build.Tasks.dll".
       Task "GetRestorePackageReferencesTask"
       Done executing task "GetRestorePackageReferencesTask".
       Task "GetCentralPackageVersionsTask" skipped, due to false condition; ( '$(PackageReferenceCompatibleProjectStyle)' == 'true' AND '$(_CentralPackageVersionsEnabled)' == 'true' ) was evaluated as ( 'True' == 'true' AND '' == 'true' ).
       Using "GetRestorePackageDownloadsTask" task from assembly "C:\Program Files\dotnet\sdk\8.0.417\NuGet.Build.Tasks.dll".
       Task "GetRestorePackageDownloadsTask"
       Done executing task "GetRestorePackageDownloadsTask".
       Using "GetRestoreFrameworkReferencesTask" task from assembly "C:\Program Files\dotnet\sdk\8.0.417\NuGet.Build.Tasks.dll".
       Task "GetRestoreFrameworkReferencesTask"
       Done executing task "GetRestoreFrameworkReferencesTask".
       Using "GetRestoreNuGetAuditSuppressionsTask" task from assembly "C:\Program Files\dotnet\sdk\8.0.417\NuGet.Build.Tasks.dll".
       Task "GetRestoreNuGetAuditSuppressionsTask"
       Done executing task "GetRestoreNuGetAuditSuppressionsTask".
   1:6>Done building target "_GenerateProjectRestoreGraphPerFramework" in project "CosmoWhisper.csproj".
   1:6>Target "_GenerateProjectRestoreGraphCurrentProject" in file "C:\Program Files\dotnet\sdk\8.0.417\NuGet.targets" from project "C:\Users\louis\OneDrive\Documents\GitHub\CosmoWhisper-Native\CosmoWhisper-Windows\CosmoWhisper\CosmoWhisper.csproj" (target "_GenerateRestoreDependencies" depends on it):
   1:6>Done building target "_GenerateProjectRestoreGraphCurrentProject" in project "CosmoWhisper.csproj".
   1:6>Target "_GenerateRestoreDependencies" in file "C:\Program Files\dotnet\sdk\8.0.417\NuGet.targets" from project "C:\Users\louis\OneDrive\Documents\GitHub\CosmoWhisper-Native\CosmoWhisper-Windows\CosmoWhisper\CosmoWhisper.csproj" (target "_GenerateProjectRestoreGraph" depends on it):
   1:6>Done building target "_GenerateRestoreDependencies" in project "CosmoWhisper.csproj".
   1:6>Target "_GenerateProjectRestoreGraph" in file "C:\Program Files\dotnet\sdk\8.0.417\NuGet.targets" from project "C:\Users\louis\OneDrive\Documents\GitHub\CosmoWhisper-Native\CosmoWhisper-Windows\CosmoWhisper\CosmoWhisper.csproj" (entry point):
   1:6>Done building target "_GenerateProjectRestoreGraph" in project "CosmoWhisper.csproj".
   1:6>Done Building Project "C:\Users\louis\OneDrive\Documents\GitHub\CosmoWhisper-Native\CosmoWhisper-Windows\CosmoWhisper\CosmoWhisper.csproj" (_GenerateProjectRestoreGraph target(s)).
     1>Done executing task "MSBuild".
     1>Done building target "_GenerateRestoreGraph" in project "CosmoWhisper.csproj".
       Target "_CheckForUnsupportedTargetFramework" skipped, due to false condition; ('$(_UnsupportedTargetFrameworkError)' == 'true') was evaluated as ('' == 'true').
     1>Target "_CollectTargetFrameworkForTelemetry" in file "C:\Program Files\dotnet\sdk\8.0.417\Sdks\Microsoft.NET.Sdk\targets\Microsoft.NET.TargetFrameworkInference.targets" from project "C:\Users\louis\OneDrive\Documents\GitHub\CosmoWhisper-Native\CosmoWhisper-Windows\CosmoWhisper\CosmoWhisper.csproj" (target "Restore" depends on it):
       Using "AllowEmptyTelemetry" task from assembly "C:\Program Files\dotnet\sdk\8.0.417\Sdks\Microsoft.NET.Sdk\targets\..\tools\net8.0\Microsoft.NET.Build.Tasks.dll".
       Task "AllowEmptyTelemetry"
       Done executing task "AllowEmptyTelemetry".
     1>Done building target "_CollectTargetFrameworkForTelemetry" in project "CosmoWhisper.csproj".
     1>Target "_CheckForUnsupportedNETCoreVersion" in file "C:\Program Files\dotnet\sdk\8.0.417\Sdks\Microsoft.NET.Sdk\targets\Microsoft.NET.TargetFrameworkInference.targets" from project "C:\Users\louis\OneDrive\Documents\GitHub\CosmoWhisper-Native\CosmoWhisper-Windows\CosmoWhisper\CosmoWhisper.csproj" (target "Restore" depends on it):
       Task "NETSdkError" skipped, due to false condition; ('$(_TargetFrameworkVersionWithoutV)' > '$(NETCoreAppMaximumVersion)' and '$(DisplayVSMessage)' != 'true') was evaluated as ('8.0' > '8.0' and '' != 'true').
       Task "NETSdkError" skipped, due to false condition; ('$(DisplayVSMessage)' == 'true') was evaluated as ('' == 'true').
     1>Done building target "_CheckForUnsupportedNETCoreVersion" in project "CosmoWhisper.csproj".
       Target "_CheckForEolTargetFrameworks" skipped, due to false condition; ('@(_EolNetCoreTargetFrameworkVersions->AnyHaveMetadataValue('Identity', '$(_TargetFrameworkVersionWithoutV)'))' and '$(TargetFrameworkIdentifier)' == '.NETCoreApp' and '$(CheckEolTargetFramework)' == 'true') was evaluated as ('false' and '.NETCoreApp' == '.NETCoreApp' and 'true' == 'true').
       Target "_CheckForEolWorkloads" skipped, due to false condition; ('@(EolWorkload)' != '' and '$(CheckEolWorkloads)' == 'true') was evaluated as ('' != '' and 'true' == 'true').
     1>Target "_CheckForUnsupportedCppNETCoreVersion" in file "C:\Program Files\dotnet\sdk\8.0.417\Sdks\Microsoft.NET.Sdk\targets\Microsoft.NET.TargetFrameworkInference.targets" from project "C:\Users\louis\OneDrive\Documents\GitHub\CosmoWhisper-Native\CosmoWhisper-Windows\CosmoWhisper\CosmoWhisper.csproj" (target "Restore" depends on it):
       Task "NETSdkError" skipped, due to false condition; ('$(TargetFrameworkIdentifier)' == '.NETCoreApp' and '$(_TargetFrameworkVersionWithoutV)' < '3.1' and ('$(Language)' == 'C++' and '$(_EnablePackageReferencesInVCProjects)' != 'true')) was evaluated as ('.NETCoreApp' == '.NETCoreApp' and '8.0' < '3.1' and ('C#' == 'C++' and '' != 'true')).
     1>Done building target "_CheckForUnsupportedCppNETCoreVersion" in project "CosmoWhisper.csproj".
       Target "_CheckForUnsupportedNETStandardVersion" skipped, due to false condition; ('$(TargetFrameworkIdentifier)' == '.NETStandard' And '$(NETStandardMaximumVersion)' != '') was evaluated as ('.NETCoreApp' == '.NETStandard' And '' != '').
       Target "_CheckForUnsupportedTargetFrameworkAndFeatureCombination" skipped, due to false condition; ('$(TargetFrameworkIdentifier)' == '.NETFramework') was evaluated as ('.NETCoreApp' == '.NETFramework').
     1>Target "Restore" in file "C:\Program Files\dotnet\sdk\8.0.417\NuGet.targets" from project "C:\Users\louis\OneDrive\Documents\GitHub\CosmoWhisper-Native\CosmoWhisper-Windows\CosmoWhisper\CosmoWhisper.csproj" (entry point):
       Task "RemoveDuplicates"
       Done executing task "RemoveDuplicates".
       Using "RestoreTask" task from assembly "C:\Program Files\dotnet\sdk\8.0.417\NuGet.Build.Tasks.dll".
       Task "RestoreTask"
         Assembly loaded during TaskRun (NuGet.Build.Tasks.RestoreTask): NuGet.Packaging, Version=6.11.1.2, Culture=neutral, PublicKeyToken=31bf3856ad364e35 (location: C:\Program Files\dotnet\sdk\8.0.417\NuGet.Packaging.dll, MVID: c3569465-2284-4cdc-80fa-53f23ad5a901, AssemblyLoadContext: MSBuild plugin C:\Program Files\dotnet\sdk\8.0.417\NuGet.Build.Tasks.dll)
         Assembly loaded during TaskRun (NuGet.Build.Tasks.RestoreTask): NuGet.LibraryModel, Version=6.11.1.2, Culture=neutral, PublicKeyToken=31bf3856ad364e35 (location: C:\Program Files\dotnet\sdk\8.0.417\NuGet.LibraryModel.dll, MVID: 9c74e240-a36b-4261-ae2d-466984d97095, AssemblyLoadContext: MSBuild plugin C:\Program Files\dotnet\sdk\8.0.417\NuGet.Build.Tasks.dll)
         Assembly loaded during TaskRun (NuGet.Build.Tasks.RestoreTask): NuGet.Versioning, Version=6.11.1.2, Culture=neutral, PublicKeyToken=31bf3856ad364e35 (location: C:\Program Files\dotnet\sdk\8.0.417\NuGet.Versioning.dll, MVID: 0ff30a8a-7983-4ede-bc2f-f9d2f526b309, AssemblyLoadContext: MSBuild plugin C:\Program Files\dotnet\sdk\8.0.417\NuGet.Build.Tasks.dll)
         Assembly loaded during TaskRun (NuGet.Build.Tasks.RestoreTask): NuGet.Frameworks, Version=6.11.1.2, Culture=neutral, PublicKeyToken=31bf3856ad364e35 (location: C:\Program Files\dotnet\sdk\8.0.417\NuGet.Frameworks.dll, MVID: 36fa17a1-abb6-4cce-b85c-dd32a6dcc45f, AssemblyLoadContext: MSBuild plugin C:\Program Files\dotnet\sdk\8.0.417\NuGet.Build.Tasks.dll)
         Assembly loaded during TaskRun (NuGet.Build.Tasks.RestoreTask): NuGet.Protocol, Version=6.11.1.2, Culture=neutral, PublicKeyToken=31bf3856ad364e35 (location: C:\Program Files\dotnet\sdk\8.0.417\NuGet.Protocol.dll, MVID: 65288774-e726-408e-8bb6-d22100f75eed, AssemblyLoadContext: MSBuild plugin C:\Program Files\dotnet\sdk\8.0.417\NuGet.Build.Tasks.dll)
         Assembly loaded during TaskRun (NuGet.Build.Tasks.RestoreTask): NuGet.Credentials, Version=6.11.1.2, Culture=neutral, PublicKeyToken=31bf3856ad364e35 (location: C:\Program Files\dotnet\sdk\8.0.417\NuGet.Credentials.dll, MVID: 07a91a3f-265a-4226-985e-876d1036d338, AssemblyLoadContext: MSBuild plugin C:\Program Files\dotnet\sdk\8.0.417\NuGet.Build.Tasks.dll)
         X.509 certificate chain validation will use the default trust store selected by .NET for code signing.
         X.509 certificate chain validation will use the default trust store selected by .NET for timestamping.
         Assembly loaded during TaskRun (NuGet.Build.Tasks.RestoreTask): NuGet.DependencyResolver.Core, Version=6.11.1.2, Culture=neutral, PublicKeyToken=31bf3856ad364e35 (location: C:\Program Files\dotnet\sdk\8.0.417\NuGet.DependencyResolver.Core.dll, MVID: 70f2641a-4895-4758-a37b-70be48187b22, AssemblyLoadContext: MSBuild plugin C:\Program Files\dotnet\sdk\8.0.417\NuGet.Build.Tasks.dll)
         Running restore with 20 concurrent jobs.
         Reading project file C:\Users\louis\OneDrive\Documents\GitHub\CosmoWhisper-Native\CosmoWhisper-Windows\CosmoWhisper\CosmoWhisper.csproj.
         Assembly loaded during TaskRun (NuGet.Build.Tasks.RestoreTask): Newtonsoft.Json, Version=13.0.0.0, Culture=neutral, PublicKeyToken=30ad4fe6b2a6aeed (location: C:\Program Files\dotnet\sdk\8.0.417\Newtonsoft.Json.dll, MVID: 7e62198b-eab2-4380-bbac-29171862d1d8, AssemblyLoadContext: MSBuild plugin C:\Program Files\dotnet\sdk\8.0.417\NuGet.Build.Tasks.dll)
         Assembly loaded during TaskRun (NuGet.Build.Tasks.RestoreTask): System.Runtime.Serialization.Primitives, Version=8.0.0.0, Culture=neutral, PublicKeyToken=b03f5f7f11d50a3a (location: C:\Program Files\dotnet\shared\Microsoft.NETCore.App\8.0.23\System.Runtime.Serialization.Primitives.dll, MVID: 5ce6e943-8c6f-4d50-8d56-09ba16021623, AssemblyLoadContext: Default)
         Assembly loaded during TaskRun (NuGet.Build.Tasks.RestoreTask): System.Runtime.Numerics, Version=8.0.0.0, Culture=neutral, PublicKeyToken=b03f5f7f11d50a3a (location: C:\Program Files\dotnet\shared\Microsoft.NETCore.App\8.0.23\System.Runtime.Numerics.dll, MVID: 8ad76e41-451a-44cf-9d4e-6d88a6738cc8, AssemblyLoadContext: Default)
         The restore inputs for 'CosmoWhisperNative' have not changed. No further actions are required to complete the restore.
         Committing restore...
         Assets file has not changed. Skipping assets file writing. Path: C:\Users\louis\OneDrive\Documents\GitHub\CosmoWhisper-Native\CosmoWhisper-Windows\CosmoWhisper\obj\project.assets.json
         No-Op restore. The cache will not be updated. Path: C:\Users\louis\OneDrive\Documents\GitHub\CosmoWhisper-Native\CosmoWhisper-Windows\CosmoWhisper\obj\project.nuget.cache
         Restored C:\Users\louis\OneDrive\Documents\GitHub\CosmoWhisper-Native\CosmoWhisper-Windows\CosmoWhisper\CosmoWhisper.csproj (in 31 ms).
         
         NuGet Config files used:
             C:\Users\louis\AppData\Roaming\NuGet\NuGet.Config
         
         Feeds used:
             https://api.nuget.org/v3/index.json
         All projects are up-to-date for restore.
       Done executing task "RestoreTask".
     1>Done building target "Restore" in project "CosmoWhisper.csproj".
     1>Done Building Project "C:\Users\louis\OneDrive\Documents\GitHub\CosmoWhisper-Native\CosmoWhisper-Windows\CosmoWhisper\CosmoWhisper.csproj" (Restore target(s)).
     0>The SDK "Microsoft.NET.Sdk" was successfully resolved by the "DefaultSdkResolver" resolver to location "C:\Program Files\dotnet\sdk\8.0.417\Sdks\Microsoft.NET.Sdk\Sdk" and version "".
       Property 'MSBuildExtensionsPath' with value 'C:\Program Files\dotnet\sdk\8.0.417\' expanded from the environment.
       Property reassignment: $(MSBuildProjectExtensionsPath)="C:\Users\louis\OneDrive\Documents\GitHub\CosmoWhisper-Native\CosmoWhisper-Windows\CosmoWhisper\obj\" (previous value: "obj\") at C:\Program Files\dotnet\sdk\8.0.417\Current\Microsoft.Common.props (60,5)
       Property 'USERPROFILE' with value 'C:\Users\louis' expanded from the environment.
       Property 'MSBuildUserExtensionsPath' with value 'C:\Users\louis\AppData\Local\Microsoft\MSBuild' expanded from the environment.
       Property reassignment: $(AssemblySearchPaths)="{CandidateAssemblyFiles};{HintPathFromItem}" (previous value: "{CandidateAssemblyFiles}") at C:\Program Files\dotnet\sdk\8.0.417\Sdks\Microsoft.NET.Sdk\targets\Microsoft.NET.Sdk.props (91,5)
       Property reassignment: $(AssemblySearchPaths)="{CandidateAssemblyFiles};{HintPathFromItem};{TargetFrameworkDirectory}" (previous value: "{CandidateAssemblyFiles};{HintPathFromItem}") at C:\Program Files\dotnet\sdk\8.0.417\Sdks\Microsoft.NET.Sdk\targets\Microsoft.NET.Sdk.props (92,5)
       Property reassignment: $(AssemblySearchPaths)="{CandidateAssemblyFiles};{HintPathFromItem};{TargetFrameworkDirectory};{RawFileName}" (previous value: "{CandidateAssemblyFiles};{HintPathFromItem};{TargetFrameworkDirectory}") at C:\Program Files\dotnet\sdk\8.0.417\Sdks\Microsoft.NET.Sdk\targets\Microsoft.NET.Sdk.props (93,5)
       The "DefaultSdkResolver" resolver attempted to resolve the SDK "Microsoft.NET.SDK.WorkloadAutoImportPropsLocator".
       Warnings: null
       Errors: MSB4276: The default SDK resolver failed to resolve SDK "Microsoft.NET.SDK.WorkloadAutoImportPropsLocator" because directory "C:\Program Files\dotnet\sdk\8.0.417\Sdks\Microsoft.NET.SDK.WorkloadAutoImportPropsLocator\Sdk" did not exist.
       The SDK "Microsoft.NET.SDK.WorkloadAutoImportPropsLocator" was successfully resolved by the "Microsoft.DotNet.MSBuildWorkloadSdkResolver" resolver to location "null" and version "null".
       Property reassignment: $(TargetsForTfmSpecificContentInPackage)=";PackTool;_PackProjectToolValidation" (previous value: ";PackTool") at C:\Program Files\dotnet\sdk\8.0.417\Sdks\Microsoft.NET.Sdk\targets\Microsoft.NET.PackProjectTool.props (15,5)
       Property reassignment: $(OutputType)="WinExe" (previous value: "Library") at C:\Users\louis\OneDrive\Documents\GitHub\CosmoWhisper-Native\CosmoWhisper-Windows\CosmoWhisper\CosmoWhisper.csproj (4,5)
       Property reassignment: $(AssemblyName)="CosmoWhisperNative" (previous value: "CosmoWhisper") at C:\Users\louis\OneDrive\Documents\GitHub\CosmoWhisper-Native\CosmoWhisper-Windows\CosmoWhisper\CosmoWhisper.csproj (10,5)
       Property reassignment: $(AllowUnsafeBlocks)="true" (previous value: "false") at C:\Users\louis\OneDrive\Documents\GitHub\CosmoWhisper-Native\CosmoWhisper-Windows\CosmoWhisper\CosmoWhisper.csproj (11,5)
       Property reassignment: $(NoWarn)="CS8618;CS8600;CS8601;CS8602;CS8604;CS0168;CS0219;CS0414" (previous value: "1701;1702") at C:\Users\louis\OneDrive\Documents\GitHub\CosmoWhisper-Native\CosmoWhisper-Windows\CosmoWhisper\CosmoWhisper.csproj (15,5)
       Property reassignment: $(PublishProfileImported)="false" (previous value: "true") at C:\Program Files\dotnet\sdk\8.0.417\Sdks\Microsoft.NET.Sdk\targets\Microsoft.NET.Sdk.ImportPublishProfile.targets (28,5)
       Property reassignment: $(TargetPlatformIdentifier)="Windows" (previous value: "windows") at C:\Program Files\dotnet\sdk\8.0.417\Sdks\Microsoft.NET.Sdk\targets\Microsoft.NET.TargetFrameworkInference.targets (71,5)
       Property reassignment: $(DefaultItemExcludes)=";bin\Debug\/**;obj\Debug\/**" (previous value: ";bin\Debug\/**") at C:\Program Files\dotnet\sdk\8.0.417\Sdks\Microsoft.NET.Sdk\targets\Microsoft.NET.DefaultOutputPaths.targets (122,5)
       Property reassignment: $(OutputPath)="bin\Debug\net8.0-windows10.0.19041.0\" (previous value: "bin\Debug\") at C:\Program Files\dotnet\sdk\8.0.417\Sdks\Microsoft.NET.Sdk\targets\Microsoft.NET.DefaultOutputPaths.targets (137,5)
       Property reassignment: $(IntermediateOutputPath)="obj\Debug\net8.0-windows10.0.19041.0\" (previous value: "obj\Debug\") at C:\Program Files\dotnet\sdk\8.0.417\Sdks\Microsoft.NET.Sdk\targets\Microsoft.NET.DefaultOutputPaths.targets (142,5)
       The "DefaultSdkResolver" resolver attempted to resolve the SDK "Microsoft.NET.SDK.WorkloadManifestTargetsLocator".
       Warnings: null
       Errors: MSB4276: The default SDK resolver failed to resolve SDK "Microsoft.NET.SDK.WorkloadManifestTargetsLocator" because directory "C:\Program Files\dotnet\sdk\8.0.417\Sdks\Microsoft.NET.SDK.WorkloadManifestTargetsLocator\Sdk" did not exist.
       The SDK "Microsoft.NET.SDK.WorkloadManifestTargetsLocator" was successfully resolved by the "Microsoft.DotNet.MSBuildWorkloadSdkResolver" resolver to location "C:\Program Files\dotnet\sdk-manifests\8.0.100\microsoft.net.sdk.android\34.0.43" and version "null".
       Property reassignment: $(_FrameworkIdentifierForImplicitDefine)="NET" (previous value: "NETCOREAPP") at C:\Program Files\dotnet\sdk\8.0.417\Sdks\Microsoft.NET.Sdk\targets\Microsoft.NET.Sdk.BeforeCommon.targets (187,5)
       Property reassignment: $(_FrameworkVersionForImplicitDefine)="8_0" (previous value: "8.0") at C:\Program Files\dotnet\sdk\8.0.417\Sdks\Microsoft.NET.Sdk\targets\Microsoft.NET.Sdk.BeforeCommon.targets (192,5)
       Property reassignment: $(CommandLineArgsForDesignTimeEvaluation)="-langversion:12.0 -define:TRACE" (previous value: "-langversion:12.0") at C:\Program Files\dotnet\sdk\8.0.417\Roslyn\Microsoft.CSharp.Core.targets (200,5)
       Property reassignment: $(_DebugSymbolsProduced)="true" (previous value: "false") at C:\Program Files\dotnet\sdk\8.0.417\Microsoft.Common.CurrentVersion.targets (175,5)
       Property reassignment: $(_DocumentationFileProduced)="false" (previous value: "true") at C:\Program Files\dotnet\sdk\8.0.417\Microsoft.Common.CurrentVersion.targets (185,5)
       Property reassignment: $(MSBuildCopyMarkerName)="CosmoWhi.E9C7E056" (previous value: "CosmoWhisper.csproj") at C:\Program Files\dotnet\sdk\8.0.417\Microsoft.Common.CurrentVersion.targets (392,5)
       Property reassignment: $(MSBuildCopyMarkerName)="CosmoWhi.E9C7E056.Up2Date" (previous value: "CosmoWhi.E9C7E056") at C:\Program Files\dotnet\sdk\8.0.417\Microsoft.Common.CurrentVersion.targets (393,5)
       Property reassignment: $(ProcessorArchitecture)="msil" (previous value: "") at C:\Program Files\dotnet\sdk\8.0.417\Microsoft.Common.CurrentVersion.targets (541,5)
       Property reassignment: $(DelaySign)="" (previous value: "false") at C:\Program Files\dotnet\sdk\8.0.417\Microsoft.Common.CurrentVersion.targets (580,5)
       Property 'LOCALAPPDATA' with value 'C:\Users\louis\AppData\Local' expanded from the environment.
       Property reassignment: $(_SGenGenerateSerializationAssembliesConfig)="Auto" (previous value: "") at C:\Program Files\dotnet\sdk\8.0.417\Microsoft.Common.CurrentVersion.targets (3896,5)
       Property reassignment: $(_SGenGenerateSerializationAssembliesConfig)="Off" (previous value: "Auto") at C:\Program Files\dotnet\sdk\8.0.417\Microsoft.Common.CurrentVersion.targets (3897,5)
       Property reassignment: $(_TargetsThatPrepareProjectReferences)="
             AssignProjectConfiguration;
             _SplitProjectReferencesByFileExistence
           " (previous value: "_SplitProjectReferencesByFileExistence") at C:\Program Files\dotnet\sdk\8.0.417\Microsoft.Common.CurrentVersion.targets (5099,5)
       Property 'MSBuildExtensionsPath32' with value 'C:\Program Files\dotnet\sdk\8.0.417' expanded from the environment.
       Property reassignment: $(ProjectAssetsCacheFile)="C:\Users\louis\OneDrive\Documents\GitHub\CosmoWhisper-Native\CosmoWhisper-Windows\CosmoWhisper\obj\Debug\net8.0-windows10.0.19041.0\CosmoWhisper.assets.cache" (previous value: "obj\Debug\net8.0-windows10.0.19041.0\CosmoWhisper.assets.cache") at C:\Program Files\dotnet\sdk\8.0.417\Sdks\Microsoft.NET.Sdk\targets\Microsoft.PackageDependencyResolution.targets (29,5)
       Property reassignment: $(ResolveAssemblyReferencesDependsOn)="
             
             ResolveProjectReferences;
             FindInvalidProjectReferences;
             GetFrameworkPaths;
             GetReferenceAssemblyPaths;
             PrepareForBuild;
             ResolveSDKReferences;
             ExpandSDKReferences;
           ;
             ResolvePackageDependenciesForBuild;
             _HandlePackageFileConflicts;
           " (previous value: "
             ResolveProjectReferences;
             FindInvalidProjectReferences;
             GetFrameworkPaths;
             GetReferenceAssemblyPaths;
             PrepareForBuild;
             ResolveSDKReferences;
             ExpandSDKReferences;
           ") at C:\Program Files\dotnet\sdk\8.0.417\Sdks\Microsoft.NET.Sdk\targets\Microsoft.PackageDependencyResolution.targets (80,5)
       Property reassignment: $(PrepareResourcesDependsOn)="
             ResolvePackageDependenciesForBuild;
             _HandlePackageFileConflicts;
             
             ;
             PrepareResourceNames;
             ResGen;
             CompileLicxFiles
           
           " (previous value: "
             ;
             PrepareResourceNames;
             ResGen;
             CompileLicxFiles
           ") at C:\Program Files\dotnet\sdk\8.0.417\Sdks\Microsoft.NET.Sdk\targets\Microsoft.PackageDependencyResolution.targets (86,5)
       Property reassignment: $(DefaultItemExcludes)=";bin\Debug\/**;obj\Debug\/**;bin\/**" (previous value: ";bin\Debug\/**;obj\Debug\/**") at C:\Program Files\dotnet\sdk\8.0.417\Sdks\Microsoft.NET.Sdk\targets\Microsoft.NET.Sdk.DefaultItems.targets (27,5)
       Property reassignment: $(DefaultItemExcludes)=";bin\Debug\/**;obj\Debug\/**;bin\/**;obj\/**" (previous value: ";bin\Debug\/**;obj\Debug\/**;bin\/**") at C:\Program Files\dotnet\sdk\8.0.417\Sdks\Microsoft.NET.Sdk\targets\Microsoft.NET.Sdk.DefaultItems.targets (29,5)
       Property reassignment: $(DefaultItemExcludes)=";bin\Debug\/**;obj\Debug\/**;bin\/**;obj\/**;**/*.user" (previous value: ";bin\Debug\/**;obj\Debug\/**;bin\/**;obj\/**") at C:\Program Files\dotnet\sdk\8.0.417\Sdks\Microsoft.NET.Sdk\targets\Microsoft.NET.Sdk.DefaultItems.targets (32,5)
       Property reassignment: $(DefaultItemExcludes)=";bin\Debug\/**;obj\Debug\/**;bin\/**;obj\/**;**/*.user;**/*.*proj" (previous value: ";bin\Debug\/**;obj\Debug\/**;bin\/**;obj\/**;**/*.user") at C:\Program Files\dotnet\sdk\8.0.417\Sdks\Microsoft.NET.Sdk\targets\Microsoft.NET.Sdk.DefaultItems.targets (33,5)
       Property reassignment: $(DefaultItemExcludes)=";bin\Debug\/**;obj\Debug\/**;bin\/**;obj\/**;**/*.user;**/*.*proj;**/*.sln" (previous value: ";bin\Debug\/**;obj\Debug\/**;bin\/**;obj\/**;**/*.user;**/*.*proj") at C:\Program Files\dotnet\sdk\8.0.417\Sdks\Microsoft.NET.Sdk\targets\Microsoft.NET.Sdk.DefaultItems.targets (34,5)
       Property reassignment: $(DefaultItemExcludes)=";bin\Debug\/**;obj\Debug\/**;bin\/**;obj\/**;**/*.user;**/*.*proj;**/*.sln;**/*.vssscc" (previous value: ";bin\Debug\/**;obj\Debug\/**;bin\/**;obj\/**;**/*.user;**/*.*proj;**/*.sln") at C:\Program Files\dotnet\sdk\8.0.417\Sdks\Microsoft.NET.Sdk\targets\Microsoft.NET.Sdk.DefaultItems.targets (35,5)
       Property reassignment: $(DefaultItemExcludes)=";bin\Debug\/**;obj\Debug\/**;bin\/**;obj\/**;**/*.user;**/*.*proj;**/*.sln;**/*.vssscc;**/.DS_Store" (previous value: ";bin\Debug\/**;obj\Debug\/**;bin\/**;obj\/**;**/*.user;**/*.*proj;**/*.sln;**/*.vssscc") at C:\Program Files\dotnet\sdk\8.0.417\Sdks\Microsoft.NET.Sdk\targets\Microsoft.NET.Sdk.DefaultItems.targets (36,5)
       Property reassignment: $(ResolveAssemblyReferencesDependsOn)="
             
             
             ResolveProjectReferences;
             FindInvalidProjectReferences;
             GetFrameworkPaths;
             GetReferenceAssemblyPaths;
             PrepareForBuild;
             ResolveSDKReferences;
             ExpandSDKReferences;
           ;
             ResolvePackageDependenciesForBuild;
             _HandlePackageFileConflicts;
           ;
             ResolveTargetingPackAssets;
           " (previous value: "
             
             ResolveProjectReferences;
             FindInvalidProjectReferences;
             GetFrameworkPaths;
             GetReferenceAssemblyPaths;
             PrepareForBuild;
             ResolveSDKReferences;
             ExpandSDKReferences;
           ;
             ResolvePackageDependenciesForBuild;
             _HandlePackageFileConflicts;
           ") at C:\Program Files\dotnet\sdk\8.0.417\Sdks\Microsoft.NET.Sdk\targets\Microsoft.NET.Sdk.FrameworkReferenceResolution.targets (14,5)
       Property reassignment: $(_GenerateRuntimeConfigurationPropertyInputsCache)="C:\Users\louis\OneDrive\Documents\GitHub\CosmoWhisper-Native\CosmoWhisper-Windows\CosmoWhisper\obj\Debug\net8.0-windows10.0.19041.0\CosmoWhisper.genruntimeconfig.cache" (previous value: "obj\Debug\net8.0-windows10.0.19041.0\CosmoWhisper.genruntimeconfig.cache") at C:\Program Files\dotnet\sdk\8.0.417\Sdks\Microsoft.NET.Sdk\targets\Microsoft.NET.Sdk.targets (44,5)
       Property reassignment: $(_GeneratePublishDependencyFilePropertyInputsCache)="C:\Users\louis\OneDrive\Documents\GitHub\CosmoWhisper-Native\CosmoWhisper-Windows\CosmoWhisper\obj\Debug\net8.0-windows10.0.19041.0\CosmoWhisper.genpublishdeps.cache" (previous value: "obj\Debug\net8.0-windows10.0.19041.0\CosmoWhisper.genpublishdeps.cache") at C:\Program Files\dotnet\sdk\8.0.417\Sdks\Microsoft.NET.Sdk\targets\Microsoft.NET.Sdk.targets (46,5)
       Property reassignment: $(_GenerateSingleFileBundlePropertyInputsCache)="C:\Users\louis\OneDrive\Documents\GitHub\CosmoWhisper-Native\CosmoWhisper-Windows\CosmoWhisper\obj\Debug\net8.0-windows10.0.19041.0\CosmoWhisper.genbundle.cache" (previous value: "obj\Debug\net8.0-windows10.0.19041.0\CosmoWhisper.genbundle.cache") at C:\Program Files\dotnet\sdk\8.0.417\Sdks\Microsoft.NET.Sdk\targets\Microsoft.NET.Sdk.targets (48,5)
       Property reassignment: $(GenerateRuntimeConfigDevFile)="false" (previous value: "true") at C:\Program Files\dotnet\sdk\8.0.417\Sdks\Microsoft.NET.Sdk\targets\Microsoft.NET.Sdk.targets (81,5)
       Property reassignment: $(_DefaultUserProfileRuntimeStorePath)="C:\Users\louis" (previous value: "") at C:\Program Files\dotnet\sdk\8.0.417\Sdks\Microsoft.NET.Sdk\targets\Microsoft.NET.Sdk.targets (97,5)
       Property reassignment: $(_DefaultUserProfileRuntimeStorePath)="C:\Users\louis\.dotnet\store" (previous value: "C:\Users\louis") at C:\Program Files\dotnet\sdk\8.0.417\Sdks\Microsoft.NET.Sdk\targets\Microsoft.NET.Sdk.targets (98,5)
       Property reassignment: $(AvailablePlatforms)="Any CPU,x86,x64,ARM32" (previous value: "Any CPU,x86,x64") at C:\Program Files\dotnet\sdk\8.0.417\Sdks\Microsoft.NET.Sdk\targets\Microsoft.NET.Sdk.targets (136,5)
       Property reassignment: $(AvailablePlatforms)="Any CPU,x86,x64,ARM32,ARM64" (previous value: "Any CPU,x86,x64,ARM32") at C:\Program Files\dotnet\sdk\8.0.417\Sdks\Microsoft.NET.Sdk\targets\Microsoft.NET.Sdk.targets (140,5)
       Property reassignment: $(CoreBuildDependsOn)="
             _CheckForBuildWithNoBuild;
             
             BuildOnlySettings;
             PrepareForBuild;
             PreBuildEvent;
             ResolveReferences;
             PrepareResources;
             ResolveKeySource;
             Compile;
             ExportWindowsMDFile;
             UnmanagedUnregistration;
             GenerateSerializationAssemblies;
             CreateSatelliteAssemblies;
             GenerateManifests;
             GetTargetPath;
             PrepareForRun;
             UnmanagedRegistration;
             IncrementalClean;
             PostBuildEvent
           ;
             GenerateBuildDependencyFile;
             GenerateBuildRuntimeConfigurationFiles
           " (previous value: "
             BuildOnlySettings;
             PrepareForBuild;
             PreBuildEvent;
             ResolveReferences;
             PrepareResources;
             ResolveKeySource;
             Compile;
             ExportWindowsMDFile;
             UnmanagedUnregistration;
             GenerateSerializationAssemblies;
             CreateSatelliteAssemblies;
             GenerateManifests;
             GetTargetPath;
             PrepareForRun;
             UnmanagedRegistration;
             IncrementalClean;
             PostBuildEvent
           ") at C:\Program Files\dotnet\sdk\8.0.417\Sdks\Microsoft.NET.Sdk\targets\Microsoft.NET.Sdk.targets (197,5)
       Property reassignment: $(CoreCleanDependsOn)="
             _SdkBeforeClean;
             
           " (previous value: "") at C:\Program Files\dotnet\sdk\8.0.417\Sdks\Microsoft.NET.Sdk\targets\Microsoft.NET.Sdk.targets (206,5)
       Property reassignment: $(RebuildDependsOn)="
             _SdkBeforeRebuild;
             
             BeforeRebuild;
             Clean;
             Build;
             AfterRebuild;
           
           " (previous value: "
             BeforeRebuild;
             Clean;
             Build;
             AfterRebuild;
           ") at C:\Program Files\dotnet\sdk\8.0.417\Sdks\Microsoft.NET.Sdk\targets\Microsoft.NET.Sdk.targets (213,5)
       Property reassignment: $(CompileDependsOn)="
             
             ResolveReferences;
             ResolveKeySource;
             SetWin32ManifestProperties;
             _SetPreferNativeArm64Win32ManifestProperties;
             FindReferenceAssembliesForReferences;
             _GenerateCompileInputs;
             BeforeCompile;
             _TimeStampBeforeCompile;
             _GenerateCompileDependencyCache;
             CoreCompile;
             _TimeStampAfterCompile;
             AfterCompile;
           ;
             _CreateAppHost;
             _CreateComHost;
             _GetIjwHostPaths;
           " (previous value: "
             ResolveReferences;
             ResolveKeySource;
             SetWin32ManifestProperties;
             _SetPreferNativeArm64Win32ManifestProperties;
             FindReferenceAssembliesForReferences;
             _GenerateCompileInputs;
             BeforeCompile;
             _TimeStampBeforeCompile;
             _GenerateCompileDependencyCache;
             CoreCompile;
             _TimeStampAfterCompile;
             AfterCompile;
           ") at C:\Program Files\dotnet\sdk\8.0.417\Sdks\Microsoft.NET.Sdk\targets\Microsoft.NET.Sdk.targets (679,5)
       Property reassignment: $(CreateSatelliteAssembliesDependsOn)="
             
             ;
             _GenerateSatelliteAssemblyInputs;
             ComputeIntermediateSatelliteAssemblies;
             GenerateSatelliteAssemblies
           ;
             CoreGenerateSatelliteAssemblies
           " (previous value: "
             ;
             _GenerateSatelliteAssemblyInputs;
             ComputeIntermediateSatelliteAssemblies;
             GenerateSatelliteAssemblies
           ") at C:\Program Files\dotnet\sdk\8.0.417\Sdks\Microsoft.NET.Sdk\targets\Microsoft.NET.Sdk.targets (1065,5)
       Property reassignment: $(SourceLinkUrlInitializerTargets)=";_InitializeGitHubSourceLinkUrl;_InitializeGitLabSourceLinkUrl" (previous value: ";_InitializeGitHubSourceLinkUrl") at C:\Program Files\dotnet\sdk\8.0.417\Sdks\Microsoft.SourceLink.GitLab\build\Microsoft.SourceLink.GitLab.targets (12,5)
       Property reassignment: $(SourceControlManagerUrlTranslationTargets)=";TranslateGitHubUrlsInSourceControlInformation;TranslateGitLabUrlsInSourceControlInformation" (previous value: ";TranslateGitHubUrlsInSourceControlInformation") at C:\Program Files\dotnet\sdk\8.0.417\Sdks\Microsoft.SourceLink.GitLab\build\Microsoft.SourceLink.GitLab.targets (13,5)
       Property reassignment: $(SourceLinkUrlInitializerTargets)=";_InitializeGitHubSourceLinkUrl;_InitializeGitLabSourceLinkUrl;_InitializeAzureReposGitSourceLinkUrl" (previous value: ";_InitializeGitHubSourceLinkUrl;_InitializeGitLabSourceLinkUrl") at C:\Program Files\dotnet\sdk\8.0.417\Sdks\Microsoft.SourceLink.AzureRepos.Git\build\Microsoft.SourceLink.AzureRepos.Git.targets (12,5)
       Property reassignment: $(SourceControlManagerUrlTranslationTargets)=";TranslateGitHubUrlsInSourceControlInformation;TranslateGitLabUrlsInSourceControlInformation;TranslateAzureReposGitUrlsInSourceControlInformation" (previous value: ";TranslateGitHubUrlsInSourceControlInformation;TranslateGitLabUrlsInSourceControlInformation") at C:\Program Files\dotnet\sdk\8.0.417\Sdks\Microsoft.SourceLink.AzureRepos.Git\build\Microsoft.SourceLink.AzureRepos.Git.targets (13,5)
       Property reassignment: $(SourceLinkUrlInitializerTargets)=";_InitializeGitHubSourceLinkUrl;_InitializeGitLabSourceLinkUrl;_InitializeAzureReposGitSourceLinkUrl;_InitializeBitbucketGitSourceLinkUrl" (previous value: ";_InitializeGitHubSourceLinkUrl;_InitializeGitLabSourceLinkUrl;_InitializeAzureReposGitSourceLinkUrl") at C:\Program Files\dotnet\sdk\8.0.417\Sdks\Microsoft.SourceLink.Bitbucket.Git\build\Microsoft.SourceLink.Bitbucket.Git.targets (12,5)
       Property reassignment: $(SourceControlManagerUrlTranslationTargets)=";TranslateGitHubUrlsInSourceControlInformation;TranslateGitLabUrlsInSourceControlInformation;TranslateAzureReposGitUrlsInSourceControlInformation;TranslateBitbucketGitUrlsInSourceControlInformation" (previous value: ";TranslateGitHubUrlsInSourceControlInformation;TranslateGitLabUrlsInSourceControlInformation;TranslateAzureReposGitUrlsInSourceControlInformation") at C:\Program Files\dotnet\sdk\8.0.417\Sdks\Microsoft.SourceLink.Bitbucket.Git\build\Microsoft.SourceLink.Bitbucket.Git.targets (13,5)
       Property reassignment: $(DesignerRuntimeImplementationProjectOutputGroupDependsOn)="
             
             ;
             
             ;
             BuildOnlySettings;
             PrepareForBuild;
             AssignTargetPaths;
             ResolveReferences
           
           ;
             _GenerateDesignerDepsFile;
             _GenerateDesignerRuntimeConfigFile;
             GetCopyToOutputDirectoryItems;
             _GatherDesignerShadowCopyFiles;
           " (previous value: "
             ;
             
             ;
             BuildOnlySettings;
             PrepareForBuild;
             AssignTargetPaths;
             ResolveReferences
           
           ") at C:\Program Files\dotnet\sdk\8.0.417\Sdks\Microsoft.NET.Sdk\targets\Microsoft.NET.DesignerSupport.targets (21,5)
       Property reassignment: $(_GenerateToolsSettingsFileCacheFile)="C:\Users\louis\OneDrive\Documents\GitHub\CosmoWhisper-Native\CosmoWhisper-Windows\CosmoWhisper\obj\Debug\net8.0-windows10.0.19041.0\CosmoWhisper.toolssettingsinput.cache" (previous value: "obj\Debug\net8.0-windows10.0.19041.0\CosmoWhisper.toolssettingsinput.cache") at C:\Program Files\dotnet\sdk\8.0.417\Sdks\Microsoft.NET.Sdk\targets\Microsoft.NET.PackTool.targets (68,5)
       Property reassignment: $(_ShimInputCacheFile)="C:\Users\louis\OneDrive\Documents\GitHub\CosmoWhisper-Native\CosmoWhisper-Windows\CosmoWhisper\obj\Debug\net8.0-windows10.0.19041.0\CosmoWhisper.shiminput.cache" (previous value: "obj\Debug\net8.0-windows10.0.19041.0\CosmoWhisper.shiminput.cache") at C:\Program Files\dotnet\sdk\8.0.417\Sdks\Microsoft.NET.Sdk\targets\Microsoft.NET.PackTool.targets (137,5)
       Property reassignment: $(_ShimCreatedSentinelFile)="C:\Users\louis\OneDrive\Documents\GitHub\CosmoWhisper-Native\CosmoWhisper-Windows\CosmoWhisper\obj\Debug\net8.0-windows10.0.19041.0\CosmoWhisper.shimcreated.sentinel" (previous value: "obj\Debug\net8.0-windows10.0.19041.0\CosmoWhisper.shimcreated.sentinel") at C:\Program Files\dotnet\sdk\8.0.417\Sdks\Microsoft.NET.Sdk\targets\Microsoft.NET.PackTool.targets (139,5)
       Property reassignment: $(DefineConstants)="TRACE;DEBUG" (previous value: "TRACE") at C:\Program Files\dotnet\sdk\8.0.417\Sdks\Microsoft.NET.Sdk\targets\Microsoft.NET.Sdk.CSharp.targets (31,5)
       Property reassignment: $(DefineConstants)="TRACE;DEBUG;NET;NET8_0;NETCOREAPP" (previous value: "TRACE;DEBUG") at C:\Program Files\dotnet\sdk\8.0.417\Sdks\Microsoft.NET.Sdk\targets\Microsoft.NET.Sdk.CSharp.targets (34,5)
       Property reassignment: $(WarningsAsErrors)=";NU1605;SYSLIB0011" (previous value: ";NU1605") at C:\Program Files\dotnet\sdk\8.0.417\Sdks\Microsoft.NET.Sdk\targets\Microsoft.NET.Sdk.CSharp.targets (48,5)
       Property reassignment: $(SupportedOSPlatformVersion)="10.0.19041.0" (previous value: "") at C:\Program Files\dotnet\sdk\8.0.417\Sdks\Microsoft.NET.Sdk\targets\Microsoft.NET.Windows.targets (44,5)
       Property reassignment: $(TargetPlatformMinVersion)="10.0.19041.0" (previous value: "") at C:\Program Files\dotnet\sdk\8.0.417\Sdks\Microsoft.NET.Sdk\targets\Microsoft.NET.Windows.targets (45,5)
       Property reassignment: $(_TargetFrameworkVersionValue)="8.0" (previous value: "0.0") at C:\Program Files\dotnet\sdk\8.0.417\Sdks\Microsoft.NET.Sdk.WindowsDesktop\targets\Microsoft.NET.Sdk.WindowsDesktop.targets (51,5)
       Property reassignment: $(PrepareResourceNamesDependsOn)="
                           AssignWinFXEmbeddedResource;
                           
             AssignTargetPaths;
             SplitResourcesByCulture;
             CreateManifestResourceNames;
             CreateCustomManifestResourceNames
           
             " (previous value: "
             AssignTargetPaths;
             SplitResourcesByCulture;
             CreateManifestResourceNames;
             CreateCustomManifestResourceNames
           ") at C:\Program Files\dotnet\sdk\8.0.417\Sdks\Microsoft.NET.Sdk.WindowsDesktop\targets\Microsoft.WinFX.targets (61,7)
       Property reassignment: $(PrepareResourcesDependsOn)="
                       MarkupCompilePass1;
                       AfterMarkupCompilePass1;
                       MarkupCompilePass2ForMainAssembly;
                       FileClassification;
                       MainResourcesGeneration;
                       
             ResolvePackageDependenciesForBuild;
             _HandlePackageFileConflicts;
             
             ;
             PrepareResourceNames;
             ResGen;
             CompileLicxFiles
           
           
             " (previous value: "
             ResolvePackageDependenciesForBuild;
             _HandlePackageFileConflicts;
             
             ;
             PrepareResourceNames;
             ResGen;
             CompileLicxFiles
           
           ") at C:\Program Files\dotnet\sdk\8.0.417\Sdks\Microsoft.NET.Sdk.WindowsDesktop\targets\Microsoft.WinFX.targets (69,7)
       Property reassignment: $(CompileDependsOn)="
               
             
             ResolveReferences;
             ResolveKeySource;
             SetWin32ManifestProperties;
             _SetPreferNativeArm64Win32ManifestProperties;
             FindReferenceAssembliesForReferences;
             _GenerateCompileInputs;
             BeforeCompile;
             _TimeStampBeforeCompile;
             _GenerateCompileDependencyCache;
             CoreCompile;
             _TimeStampAfterCompile;
             AfterCompile;
           ;
             _CreateAppHost;
             _CreateComHost;
             _GetIjwHostPaths;
           ;
               _AfterCompileWinFXInternal
           " (previous value: "
             
             ResolveReferences;
             ResolveKeySource;
             SetWin32ManifestProperties;
             _SetPreferNativeArm64Win32ManifestProperties;
             FindReferenceAssembliesForReferences;
             _GenerateCompileInputs;
             BeforeCompile;
             _TimeStampBeforeCompile;
             _GenerateCompileDependencyCache;
             CoreCompile;
             _TimeStampAfterCompile;
             AfterCompile;
           ;
             _CreateAppHost;
             _CreateComHost;
             _GetIjwHostPaths;
           ") at C:\Program Files\dotnet\sdk\8.0.417\Sdks\Microsoft.NET.Sdk.WindowsDesktop\targets\Microsoft.WinFX.targets (136,5)
       Property reassignment: $(PublishBuildDependsOn)="
                   BuildOnlySettings;
                   PrepareForBuild;
                   ResolveReferences;
                   PrepareResources;
                   ResolveKeySource;
                   PrepareResourcesForSatelliteAssemblies;
                   GenerateSerializationAssemblies;
                   CreateSatelliteAssemblies;
               " (previous value: "
             BuildOnlySettings;
             PrepareForBuild;
             ResolveReferences;
             PrepareResources;
             ResolveKeySource;
             GenerateSerializationAssemblies;
             CreateSatelliteAssemblies;
           ") at C:\Program Files\dotnet\sdk\8.0.417\Sdks\Microsoft.NET.Sdk.WindowsDesktop\targets\Microsoft.WinFX.targets (802,9)
       Property reassignment: $(PackageDescription)="Package Description" (previous value: "") at C:\Program Files\dotnet\sdk\8.0.417\Sdks\NuGet.Build.Tasks.Pack\build\NuGet.Build.Tasks.Pack.targets (34,5)
       Property reassignment: $(GenerateNuspecDependsOn)="Build;_LoadPackInputItems; _GetTargetFrameworksOutput; _WalkEachTargetPerFramework; _GetPackageFiles; " (previous value: "_LoadPackInputItems; _GetTargetFrameworksOutput; _WalkEachTargetPerFramework; _GetPackageFiles; ") at C:\Program Files\dotnet\sdk\8.0.417\Sdks\NuGet.Build.Tasks.Pack\build\NuGet.Build.Tasks.Pack.targets (59,5)
       Property reassignment: $(_IsNotSetContainersTargetsDir)="true" (previous value: "false") at C:\Program Files\dotnet\sdk\8.0.417\Sdks\Microsoft.NET.Sdk\Sdk\Sdk.targets (59,5)
       Property reassignment: $(_IsSDKContainerAllowedVersion)="true" (previous value: "false") at C:\Program Files\dotnet\sdk\8.0.417\Containers\build\Microsoft.NET.Build.Containers.targets (5,5)
       Property reassignment: $(_ContainerIsTargetingNet8TFM)="true" (previous value: "false") at C:\Program Files\dotnet\sdk\8.0.417\Containers\build\Microsoft.NET.Build.Containers.targets (15,5)
       Overriding target "ResolveFrameworkReferences" in project "C:\Program Files\dotnet\sdk\8.0.417\Microsoft.Common.CurrentVersion.targets" with target "ResolveFrameworkReferences" from project "C:\Program Files\dotnet\sdk\8.0.417\Sdks\Microsoft.NET.Sdk\targets\Microsoft.NET.Sdk.FrameworkReferenceResolution.targets".
       Overriding target "Run" in project "C:\Program Files\dotnet\sdk\8.0.417\Microsoft.Common.CurrentVersion.targets" with target "Run" from project "C:\Program Files\dotnet\sdk\8.0.417\Sdks\Microsoft.NET.Sdk\targets\Microsoft.NET.Sdk.targets".
       Overriding target "GenerateSupportedTargetFrameworkAlias" in project "C:\Program Files\dotnet\sdk\8.0.417\Microsoft.Common.CurrentVersion.targets" with target "GenerateSupportedTargetFrameworkAlias" from project "C:\Program Files\dotnet\sdk\8.0.417\Sdks\Microsoft.NET.Sdk\targets\Microsoft.NET.Sdk.targets".
       Overriding target "GetReferenceAssemblyPaths" in project "C:\Program Files\dotnet\sdk\8.0.417\Microsoft.Common.CurrentVersion.targets" with target "GetReferenceAssemblyPaths" from project "C:\Program Files\dotnet\sdk\8.0.417\Sdks\Microsoft.NET.Sdk\targets\Microsoft.NET.DisableStandardFrameworkResolution.targets".
       Overriding target "GetFrameworkPaths" in project "C:\Program Files\dotnet\sdk\8.0.417\Microsoft.Common.CurrentVersion.targets" with target "GetFrameworkPaths" from project "C:\Program Files\dotnet\sdk\8.0.417\Sdks\Microsoft.NET.Sdk\targets\Microsoft.NET.DisableStandardFrameworkResolution.targets".
       Overriding target "DesignerRuntimeImplementationProjectOutputGroup" in project "C:\Program Files\dotnet\sdk\8.0.417\Microsoft.Common.CurrentVersion.targets" with target "DesignerRuntimeImplementationProjectOutputGroup" from project "C:\Program Files\dotnet\sdk\8.0.417\Sdks\Microsoft.NET.Sdk\targets\Microsoft.NET.DesignerSupport.targets".
       Overriding target "Publish" in project "C:\Program Files\dotnet\sdk\8.0.417\Microsoft.Common.CurrentVersion.targets" with target "Publish" from project "C:\Program Files\dotnet\sdk\8.0.417\Sdks\Microsoft.NET.Sdk\targets\Microsoft.NET.Publish.targets".
       Overriding target "ResolveReadyToRunCompilers" in project "C:\Program Files\dotnet\sdk\8.0.417\Sdks\Microsoft.NET.Sdk\targets\Microsoft.NET.CrossGen.targets" with target "ResolveReadyToRunCompilers" from project "C:\Program Files\dotnet\sdk\8.0.417\Sdks\Microsoft.NET.Sdk\targets\Microsoft.NET.Publish.targets".
       Overriding target "GetCopyToPublishDirectoryItems" in project "C:\Program Files\dotnet\sdk\8.0.417\Microsoft.Common.CurrentVersion.targets" with target "GetCopyToPublishDirectoryItems" from project "C:\Program Files\dotnet\sdk\8.0.417\Sdks\Microsoft.NET.Sdk\targets\Microsoft.NET.Publish.targets".
       Overriding target "SatelliteDllsProjectOutputGroup" in project "C:\Program Files\dotnet\sdk\8.0.417\Microsoft.Common.CurrentVersion.targets" with target "SatelliteDllsProjectOutputGroup" from project "C:\Program Files\dotnet\sdk\8.0.417\Sdks\Microsoft.NET.Sdk.WindowsDesktop\targets\Microsoft.WinFX.targets".
   1:7>Project "C:\Users\louis\OneDrive\Documents\GitHub\CosmoWhisper-Native\CosmoWhisper-Windows\CosmoWhisper\CosmoWhisper.csproj" on node 1 (default targets).
   1:7>Target "_CheckForUnsupportedTargetFramework" skipped, due to false condition; ('$(_UnsupportedTargetFrameworkError)' == 'true') was evaluated as ('' == 'true').
   1:7>Target "_CollectTargetFrameworkForTelemetry" in file "C:\Program Files\dotnet\sdk\8.0.417\Sdks\Microsoft.NET.Sdk\targets\Microsoft.NET.TargetFrameworkInference.targets" from project "C:\Users\louis\OneDrive\Documents\GitHub\CosmoWhisper-Native\CosmoWhisper-Windows\CosmoWhisper\CosmoWhisper.csproj" (target "_CheckForInvalidConfigurationAndPlatform" depends on it):
       Using "AllowEmptyTelemetry" task from assembly "C:\Program Files\dotnet\sdk\8.0.417\Sdks\Microsoft.NET.Sdk\targets\..\tools\net8.0\Microsoft.NET.Build.Tasks.dll".
       Task "AllowEmptyTelemetry"
       Done executing task "AllowEmptyTelemetry".
   1:7>Done building target "_CollectTargetFrameworkForTelemetry" in project "CosmoWhisper.csproj".
       Target "_CheckForMissingWorkload" skipped, due to false condition; ('@(MissingWorkloadPack)' != '' And '$(DesignTimeBuild)' != 'true') was evaluated as ('' != '' And '' != 'true').
   1:7>Target "_CheckForUnsupportedTargetPlatformIdentifier" in file "C:\Program Files\dotnet\sdk\8.0.417\Sdks\Microsoft.NET.Sdk\targets\Microsoft.NET.TargetFrameworkInference.targets" from project "C:\Users\louis\OneDrive\Documents\GitHub\CosmoWhisper-Native\CosmoWhisper-Windows\CosmoWhisper\CosmoWhisper.csproj" (target "_CheckForInvalidConfigurationAndPlatform" depends on it):
       Task "NETSdkError" skipped, due to false condition; ('$(TargetPlatformSupported)' != 'true' and '$(UseWorkloadsSpecificError)' != 'true') was evaluated as ('true' != 'true' and '' != 'true').
       Task "NETSdkError" skipped, due to false condition; ('$(TargetPlatformSupported)' != 'true' and '$(UseWorkloadsSpecificError)' == 'true') was evaluated as ('true' != 'true' and '' == 'true').
   1:7>Done building target "_CheckForUnsupportedTargetPlatformIdentifier" in project "CosmoWhisper.csproj".
   1:7>Target "_CheckForUnsupportedNETCoreVersion" in file "C:\Program Files\dotnet\sdk\8.0.417\Sdks\Microsoft.NET.Sdk\targets\Microsoft.NET.TargetFrameworkInference.targets" from project "C:\Users\louis\OneDrive\Documents\GitHub\CosmoWhisper-Native\CosmoWhisper-Windows\CosmoWhisper\CosmoWhisper.csproj" (target "_CheckForInvalidConfigurationAndPlatform" depends on it):
       Task "NETSdkError" skipped, due to false condition; ('$(_TargetFrameworkVersionWithoutV)' > '$(NETCoreAppMaximumVersion)' and '$(DisplayVSMessage)' != 'true') was evaluated as ('8.0' > '8.0' and '' != 'true').
       Task "NETSdkError" skipped, due to false condition; ('$(DisplayVSMessage)' == 'true') was evaluated as ('' == 'true').
   1:7>Done building target "_CheckForUnsupportedNETCoreVersion" in project "CosmoWhisper.csproj".
       Target "_CheckForEolTargetFrameworks" skipped, due to false condition; ('@(_EolNetCoreTargetFrameworkVersions->AnyHaveMetadataValue('Identity', '$(_TargetFrameworkVersionWithoutV)'))' and '$(TargetFrameworkIdentifier)' == '.NETCoreApp' and '$(CheckEolTargetFramework)' == 'true') was evaluated as ('false' and '.NETCoreApp' == '.NETCoreApp' and 'true' == 'true').
       Target "_CheckForEolWorkloads" skipped, due to false condition; ('@(EolWorkload)' != '' and '$(CheckEolWorkloads)' == 'true') was evaluated as ('' != '' and 'true' == 'true').
   1:7>Target "_CheckForUnsupportedCppNETCoreVersion" in file "C:\Program Files\dotnet\sdk\8.0.417\Sdks\Microsoft.NET.Sdk\targets\Microsoft.NET.TargetFrameworkInference.targets" from project "C:\Users\louis\OneDrive\Documents\GitHub\CosmoWhisper-Native\CosmoWhisper-Windows\CosmoWhisper\CosmoWhisper.csproj" (target "_CheckForInvalidConfigurationAndPlatform" depends on it):
       Task "NETSdkError" skipped, due to false condition; ('$(TargetFrameworkIdentifier)' == '.NETCoreApp' and '$(_TargetFrameworkVersionWithoutV)' < '3.1' and ('$(Language)' == 'C++' and '$(_EnablePackageReferencesInVCProjects)' != 'true')) was evaluated as ('.NETCoreApp' == '.NETCoreApp' and '8.0' < '3.1' and ('C#' == 'C++' and '' != 'true')).
   1:7>Done building target "_CheckForUnsupportedCppNETCoreVersion" in project "CosmoWhisper.csproj".
       Target "_CheckForUnsupportedNETStandardVersion" skipped, due to false condition; ('$(TargetFrameworkIdentifier)' == '.NETStandard' And '$(NETStandardMaximumVersion)' != '') was evaluated as ('.NETCoreApp' == '.NETStandard' And '' != '').
       Target "_CheckForUnsupportedTargetFrameworkAndFeatureCombination" skipped, due to false condition; ('$(TargetFrameworkIdentifier)' == '.NETFramework') was evaluated as ('.NETCoreApp' == '.NETFramework').
   1:7>Target "_CheckForSupportedOSPlatformVersionHigherThanTargetPlatformVersion" in file "C:\Program Files\dotnet\sdk\8.0.417\Sdks\Microsoft.NET.Sdk\targets\Microsoft.NET.TargetFrameworkInference.targets" from project "C:\Users\louis\OneDrive\Documents\GitHub\CosmoWhisper-Native\CosmoWhisper-Windows\CosmoWhisper\CosmoWhisper.csproj" (target "_CheckForInvalidConfigurationAndPlatform" depends on it):
       Task "NETSdkError" skipped, due to false condition; ('$(SupportedOSPlatformVersion)' != '' and $(TargetPlatformVersion) != '' and $([MSBuild]::VersionGreaterThan($(SupportedOSPlatformVersion), $(TargetPlatformVersion)))) was evaluated as ('10.0.19041.0' != '' and 10.0.19041.0 != '' and False).
   1:7>Done building target "_CheckForSupportedOSPlatformVersionHigherThanTargetPlatformVersion" in project "CosmoWhisper.csproj".
   1:7>Target "_NormalizeTargetPlatformVersion" in file "C:\Program Files\dotnet\sdk\8.0.417\Sdks\Microsoft.NET.Sdk\targets\Microsoft.NET.TargetFrameworkInference.targets" from project "C:\Users\louis\OneDrive\Documents\GitHub\CosmoWhisper-Native\CosmoWhisper-Windows\CosmoWhisper\CosmoWhisper.csproj" (target "_CheckForInvalidTargetPlatformVersion" depends on it):
   1:7>Done building target "_NormalizeTargetPlatformVersion" in project "CosmoWhisper.csproj".
   1:7>Target "_CheckForInvalidTargetPlatformVersion" in file "C:\Program Files\dotnet\sdk\8.0.417\Sdks\Microsoft.NET.Sdk\targets\Microsoft.NET.TargetFrameworkInference.targets" from project "C:\Users\louis\OneDrive\Documents\GitHub\CosmoWhisper-Native\CosmoWhisper-Windows\CosmoWhisper\CosmoWhisper.csproj" (target "_CheckForInvalidConfigurationAndPlatform" depends on it):
       Task "NetSdkError" skipped, due to false condition; ('$(TargetPlatformVersionSupported)' != 'true') was evaluated as ('true' != 'true').
   1:7>Done building target "_CheckForInvalidTargetPlatformVersion" in project "CosmoWhisper.csproj".
   1:7>Target "_CheckForUnsupportedArtifactsPath" in file "C:\Program Files\dotnet\sdk\8.0.417\Sdks\Microsoft.NET.Sdk\targets\Microsoft.NET.DefaultOutputPaths.targets" from project "C:\Users\louis\OneDrive\Documents\GitHub\CosmoWhisper-Native\CosmoWhisper-Windows\CosmoWhisper\CosmoWhisper.csproj" (target "_CheckForInvalidConfigurationAndPlatform" depends on it):
       Task "NetSdkError" skipped, due to false condition; ('$(UseArtifactsOutput)' == 'true' and '$(_ArtifactsPathSetEarly)' != 'true') was evaluated as ('' == 'true' and '' != 'true').
       Task "NetSdkError" skipped, due to false condition; ('$(_ArtifactsPathLocationType)' == 'ProjectFolder') was evaluated as ('' == 'ProjectFolder').
   1:7>Done building target "_CheckForUnsupportedArtifactsPath" in project "CosmoWhisper.csproj".
       Target "_CheckForMissingWorkload" skipped, due to false condition; ('@(MissingWorkloadPack)' != '' And '$(DesignTimeBuild)' != 'true') was evaluated as ('' != '' And '' != 'true').
   1:7>Target "_CheckForUnsupportedAppHostUsage" in file "C:\Program Files\dotnet\sdk\8.0.417\Sdks\Microsoft.NET.Sdk\targets\Microsoft.NET.RuntimeIdentifierInference.targets" from project "C:\Users\louis\OneDrive\Documents\GitHub\CosmoWhisper-Native\CosmoWhisper-Windows\CosmoWhisper\CosmoWhisper.csproj" (target "_CheckForInvalidConfigurationAndPlatform" depends on it):
       Task "NETSdkError" skipped, due to false condition; ('$(SelfContained)' == 'true' and '$(RuntimeIdentifier)' == '' and '$(AllowSelfContainedWithoutRuntimeIdentifier)' != 'true') was evaluated as ('false' == 'true' and '' == '' and '' != 'true').
       Task "NETSdkError" skipped, due to false condition; ('$(PublishReadyToRun)' == 'true' and '$(RuntimeIdentifier)' == '' and '$(_IsPublishing)' == 'true') was evaluated as ('' == 'true' and '' == '' and '' == 'true').
       Task "NETSdkError" skipped, due to false condition; ('$(PublishSingleFile)' == 'true' and '$(RuntimeIdentifier)' == '' and '$(_IsPublishing)' == 'true') was evaluated as ('' == 'true' and '' == '' and '' == 'true').
       Task "NETSdkError" skipped, due to false condition; ('$(PublishAot)' == 'true' and '$(RuntimeIdentifier)' == '' and '$(_IsPublishing)' == 'true' and '$(AllowPublishAotWithoutRuntimeIdentifier)' != 'true') was evaluated as ('' == 'true' and '' == '' and '' == 'true' and '' != 'true').
       Task "NETSdkError" skipped, due to false condition; ('$(PublishSelfContained)' != 'true' and '$(PublishSelfContained)' != 'false' and '$(PublishSelfContained)' != '') was evaluated as ('' != 'true' and '' != 'false' and '' != '').
       Task "NETSdkError" skipped, due to false condition; ('$(SelfContained)' == 'true' and '$(UseAppHost)' != 'true' and '$(_RuntimeIdentifierUsesAppHost)' == 'true') was evaluated as ('false' == 'true' and 'true' != 'true' and 'true' == 'true').
       Task "NETSdkError" skipped, due to false condition; ('$(SelfContained)' != 'true' and '$(UseAppHost)' == 'true' and '$(_TargetFrameworkVersionWithoutV)' < '2.1') was evaluated as ('false' != 'true' and 'true' == 'true' and '8.0' < '2.1').
       Task "NETSdkError" skipped, due to false condition; ('$(PublishSingleFile)' == 'true' and '$(_TargetFrameworkVersionWithoutV)' < '3.0') was evaluated as ('' == 'true' and '8.0' < '3.0').
       Task "NETSdkWarning" skipped, due to false condition; ('$(PublishReadyToRun)' == 'true' and '$(_TargetFrameworkVersionWithoutV)' < '3.0') was evaluated as ('' == 'true' and '8.0' < '3.0').
       Task "NETSdkWarning" skipped, due to false condition; ('$(RuntimeIdentifier)' != '' and '$(_TargetFrameworkVersionWithoutV)' != '' and $([MSBuild]::VersionLessThan($(_TargetFrameworkVersionWithoutV), '8.0')) and '$(_SelfContainedWasSpecified)' != 'true') was evaluated as ('' != '' and '8.0' != '' and False and '' != 'true').
       Task "NetSdkError" skipped, due to false condition; (('$(UseWindowsForms)' == 'true') and ('$(PublishTrimmed)' == 'true') and ('$(_SuppressWinFormsTrimError)' != 'true')) was evaluated as (('true' == 'true') and ('' == 'true') and ('' != 'true')).
       Task "NetSdkError" skipped, due to false condition; (('$(UseWpf)' == 'true') and ('$(PublishTrimmed)' == 'true') and ('$(_SuppressWpfTrimError)' != 'true')) was evaluated as (('true' == 'true') and ('' == 'true') and ('' != 'true')).
   1:7>Done building target "_CheckForUnsupportedAppHostUsage" in project "CosmoWhisper.csproj".
   1:7>Target "_CheckForUnsupportedHostingUsage" in file "C:\Program Files\dotnet\sdk\8.0.417\Sdks\Microsoft.NET.Sdk\targets\Microsoft.NET.RuntimeIdentifierInference.targets" from project "C:\Users\louis\OneDrive\Documents\GitHub\CosmoWhisper-Native\CosmoWhisper-Windows\CosmoWhisper\CosmoWhisper.csproj" (target "_CheckForInvalidConfigurationAndPlatform" depends on it):
       Task "NETSdkWarning" skipped, due to false condition; ('$(SelfContained)' == 'true' and '$(EnableComHosting)' == 'true') was evaluated as ('false' == 'true' and '' == 'true').
   1:7>Done building target "_CheckForUnsupportedHostingUsage" in project "CosmoWhisper.csproj".
   1:7>Target "_CheckAndUnsetUnsupportedPrefer32Bit" in file "C:\Program Files\dotnet\sdk\8.0.417\Sdks\Microsoft.NET.Sdk\targets\Microsoft.NET.RuntimeIdentifierInference.targets" from project "C:\Users\louis\OneDrive\Documents\GitHub\CosmoWhisper-Native\CosmoWhisper-Windows\CosmoWhisper\CosmoWhisper.csproj" (target "_CheckForInvalidConfigurationAndPlatform" depends on it):
       Task "NETSdkWarning" skipped, due to false condition; ('$(Prefer32Bit)' == 'true') was evaluated as ('false' == 'true').
   1:7>Done building target "_CheckAndUnsetUnsupportedPrefer32Bit" in project "CosmoWhisper.csproj".
       Target "_CheckForMismatchingPlatform" skipped, due to false condition; ('$(RuntimeIdentifier)' != '' and '$(PlatformTarget)' != '') was evaluated as ('' != '' and '' != '').
   1:7>Target "_CheckForLanguageAndFeatureCombinationSupport" in file "C:\Program Files\dotnet\sdk\8.0.417\Sdks\Microsoft.NET.Sdk\targets\Microsoft.NET.RuntimeIdentifierInference.targets" from project "C:\Users\louis\OneDrive\Documents\GitHub\CosmoWhisper-Native\CosmoWhisper-Windows\CosmoWhisper\CosmoWhisper.csproj" (target "_CheckForInvalidConfigurationAndPlatform" depends on it):
       Task "NETSdkError" skipped, due to false condition; (('$(Language)' == 'C++' and '$(_EnablePackageReferencesInVCProjects)' != 'true') and $(OutputType) != 'library' and '$(TargetFrameworkIdentifier)' == '.NETCoreApp') was evaluated as (('C#' == 'C++' and '' != 'true') and WinExe != 'library' and '.NETCoreApp' == '.NETCoreApp').
       Task "NETSdkError" skipped, due to false condition; (('$(Language)' == 'C++' and '$(_EnablePackageReferencesInVCProjects)' != 'true') and $(EnableComHosting) == 'true') was evaluated as (('C#' == 'C++' and '' != 'true') and  == 'true').
       Task "NETSdkError" skipped, due to false condition; (('$(Language)' == 'C++' and '$(_EnablePackageReferencesInVCProjects)' != 'true') and $(SelfContained) == 'true') was evaluated as (('C#' == 'C++' and '' != 'true') and false == 'true').
   1:7>Done building target "_CheckForLanguageAndFeatureCombinationSupport" in project "CosmoWhisper.csproj".
       Target "_CheckForNETCoreSdkIsPreview" skipped, due to false condition; ( '$(_NETCoreSdkIsPreview)' == 'true' AND '$(SuppressNETCoreSdkPreviewMessage)' != 'true' ) was evaluated as ( 'false' == 'true' AND '' != 'true' ).
   1:7>Target "_GetProjectJsonPath" in file "C:\Program Files\dotnet\sdk\8.0.417\NuGet.targets" from project "C:\Users\louis\OneDrive\Documents\GitHub\CosmoWhisper-Native\CosmoWhisper-Windows\CosmoWhisper\CosmoWhisper.csproj" (target "_GetRestoreProjectStyle" depends on it):
       Task "GetRestoreProjectJsonPathTask" skipped, due to false condition; ( '$(RestoreProjectStyle)' == 'ProjectJson' OR '$(RestoreProjectStyle)' == '' ) was evaluated as ( 'PackageReference' == 'ProjectJson' OR 'PackageReference' == '' ).
   1:7>Done building target "_GetProjectJsonPath" in project "CosmoWhisper.csproj".
       Target "_CheckForUnsupportedNETStandardVersion" skipped, due to false condition; ('$(TargetFrameworkIdentifier)' == '.NETStandard' And '$(NETStandardMaximumVersion)' != '') was evaluated as ('.NETCoreApp' == '.NETStandard' And '' != '').
       Target "_CheckForUnsupportedTargetFrameworkAndFeatureCombination" skipped, due to false condition; ('$(TargetFrameworkIdentifier)' == '.NETFramework') was evaluated as ('.NETCoreApp' == '.NETFramework').
   1:7>Target "UpdateAspNetToFrameworkReference" in file "C:\Program Files\dotnet\sdk\8.0.417\Sdks\Microsoft.NET.Sdk\targets\Microsoft.NET.Sdk.DefaultItems.Shared.targets" from project "C:\Users\louis\OneDrive\Documents\GitHub\CosmoWhisper-Native\CosmoWhisper-Windows\CosmoWhisper\CosmoWhisper.csproj" (target "ApplyImplicitVersions" depends on it):
       Using "CheckIfPackageReferenceShouldBeFrameworkReference" task from assembly "C:\Program Files\dotnet\sdk\8.0.417\Sdks\Microsoft.NET.Sdk\targets\..\tools\net8.0\Microsoft.NET.Build.Tasks.dll".
       Task "CheckIfPackageReferenceShouldBeFrameworkReference"
       Done executing task "CheckIfPackageReferenceShouldBeFrameworkReference".
       Task "NETSdkError" skipped, due to false condition; ('$(_ShouldRemoveAspNetCoreAll)' == 'true') was evaluated as ('False' == 'true').
       Task "CheckIfPackageReferenceShouldBeFrameworkReference"
       Done executing task "CheckIfPackageReferenceShouldBeFrameworkReference".
       Task "NETSdkWarning" skipped, due to false condition; ('$(_ShouldRemoveAspNetCoreApp)' == 'true') was evaluated as ('False' == 'true').
   1:7>Done building target "UpdateAspNetToFrameworkReference" in project "CosmoWhisper.csproj".
       Target "IncludeTargetingPackReference" skipped, due to false condition; ('$(TargetFrameworkMoniker)' != '' and '$(TargetFrameworkIdentifier)' == '.NETFramework' and '$(AutomaticallyUseReferenceAssemblyPackages)' == 'true') was evaluated as ('.NETCoreApp,Version=v8.0' != '' and '.NETCoreApp' == '.NETFramework' and 'true' == 'true').
   1:7>Target "CheckForImplicitPackageReferenceOverrides" in file "C:\Program Files\dotnet\sdk\8.0.417\Sdks\Microsoft.NET.Sdk\targets\Microsoft.NET.Sdk.DefaultItems.Shared.targets" from project "C:\Users\louis\OneDrive\Documents\GitHub\CosmoWhisper-Native\CosmoWhisper-Windows\CosmoWhisper\CosmoWhisper.csproj" (target "ApplyImplicitVersions" depends on it):
       Using "CheckForImplicitPackageReferenceOverrides" task from assembly "C:\Program Files\dotnet\sdk\8.0.417\Sdks\Microsoft.NET.Sdk\targets\..\tools\net8.0\Microsoft.NET.Build.Tasks.dll".
       Task "CheckForImplicitPackageReferenceOverrides"
       Done executing task "CheckForImplicitPackageReferenceOverrides".
   1:7>Done building target "CheckForImplicitPackageReferenceOverrides" in project "CosmoWhisper.csproj".
   1:7>Target "ApplyImplicitVersions" in file "C:\Program Files\dotnet\sdk\8.0.417\Sdks\Microsoft.NET.Sdk\targets\Microsoft.NET.Sdk.DefaultItems.Shared.targets" from project "C:\Users\louis\OneDrive\Documents\GitHub\CosmoWhisper-Native\CosmoWhisper-Windows\CosmoWhisper\CosmoWhisper.csproj" (target "CollectPackageReferences" depends on it):
       Using "ApplyImplicitVersions" task from assembly "C:\Program Files\dotnet\sdk\8.0.417\Sdks\Microsoft.NET.Sdk\targets\..\tools\net8.0\Microsoft.NET.Build.Tasks.dll".
       Task "ApplyImplicitVersions"
       Done executing task "ApplyImplicitVersions".
   1:7>Done building target "ApplyImplicitVersions" in project "CosmoWhisper.csproj".
       Target "CheckForImplicitPackageReferenceOverrides" skipped. Previously built successfully.
   1:7>Target "AddWindowsSdkKnownFrameworkReferences" in file "C:\Program Files\dotnet\sdk\8.0.417\Sdks\Microsoft.NET.Sdk\targets\Microsoft.NET.Sdk.FrameworkReferenceResolution.targets" from project "C:\Users\louis\OneDrive\Documents\GitHub\CosmoWhisper-Native\CosmoWhisper-Windows\CosmoWhisper\CosmoWhisper.csproj" (target "ProcessFrameworkReferences" depends on it):
       Using "CreateWindowsSdkKnownFrameworkReferences" task from assembly "C:\Program Files\dotnet\sdk\8.0.417\Sdks\Microsoft.NET.Sdk\targets\..\tools\net8.0\Microsoft.NET.Build.Tasks.dll".
       Task "CreateWindowsSdkKnownFrameworkReferences"
       Done executing task "CreateWindowsSdkKnownFrameworkReferences".
   1:7>Done building target "AddWindowsSdkKnownFrameworkReferences" in project "CosmoWhisper.csproj".
   1:7>Target "_ComputeToolPackInputsToProcessFrameworkReferences" in file "C:\Program Files\dotnet\sdk\8.0.417\Sdks\Microsoft.NET.Sdk\targets\Microsoft.NET.Publish.targets" from project "C:\Users\louis\OneDrive\Documents\GitHub\CosmoWhisper-Native\CosmoWhisper-Windows\CosmoWhisper\CosmoWhisper.csproj" (target "ProcessFrameworkReferences" depends on it):
   1:7>Done building target "_ComputeToolPackInputsToProcessFrameworkReferences" in project "CosmoWhisper.csproj".
   1:7>Target "ProcessFrameworkReferences" in file "C:\Program Files\dotnet\sdk\8.0.417\Sdks\Microsoft.NET.Sdk\targets\Microsoft.NET.Sdk.FrameworkReferenceResolution.targets" from project "C:\Users\louis\OneDrive\Documents\GitHub\CosmoWhisper-Native\CosmoWhisper-Windows\CosmoWhisper\CosmoWhisper.csproj" (target "CollectPackageReferences" depends on it):
       Using "CheckForDuplicateFrameworkReferences" task from assembly "C:\Program Files\dotnet\sdk\8.0.417\Sdks\Microsoft.NET.Sdk\targets\..\tools\net8.0\Microsoft.NET.Build.Tasks.dll".
       Task "CheckForDuplicateFrameworkReferences"
       Done executing task "CheckForDuplicateFrameworkReferences".
       Using "ProcessFrameworkReferences" task from assembly "C:\Program Files\dotnet\sdk\8.0.417\Sdks\Microsoft.NET.Sdk\targets\..\tools\net8.0\Microsoft.NET.Build.Tasks.dll".
       Task "ProcessFrameworkReferences"
       Done executing task "ProcessFrameworkReferences".
       Using "ResolveAppHosts" task from assembly "C:\Program Files\dotnet\sdk\8.0.417\Sdks\Microsoft.NET.Sdk\targets\..\tools\net8.0\Microsoft.NET.Build.Tasks.dll".
       Task "ResolveAppHosts"
       Done executing task "ResolveAppHosts".
   1:7>Done building target "ProcessFrameworkReferences" in project "CosmoWhisper.csproj".
       Target "IncludeTargetingPackReference" skipped, due to false condition; ('$(TargetFrameworkMoniker)' != '' and '$(TargetFrameworkIdentifier)' == '.NETFramework' and '$(AutomaticallyUseReferenceAssemblyPackages)' == 'true') was evaluated as ('.NETCoreApp,Version=v8.0' != '' and '.NETCoreApp' == '.NETFramework' and 'true' == 'true').
   1:7>Target "_AddMicrosoftNetCompilerToolsetFrameworkPackage" in file "C:\Program Files\dotnet\sdk\8.0.417\Sdks\Microsoft.NET.Sdk\targets\Microsoft.NET.Sdk.targets" from project "C:\Users\louis\OneDrive\Documents\GitHub\CosmoWhisper-Native\CosmoWhisper-Windows\CosmoWhisper\CosmoWhisper.csproj" (target "CollectPackageReferences" depends on it):
       Task "NETSdkWarning" skipped, due to false condition; ('@(PackageReference->AnyHaveMetadataValue('Identity', 'Microsoft.Net.Compilers.Toolset.Framework'))' == 'true') was evaluated as ('false' == 'true').
   1:7>Done building target "_AddMicrosoftNetCompilerToolsetFrameworkPackage" in project "CosmoWhisper.csproj".
   1:7>Target "_CheckForObsoleteDotNetCliToolReferences" in file "C:\Program Files\dotnet\sdk\8.0.417\Sdks\Microsoft.NET.Sdk\targets\Microsoft.NET.ObsoleteReferences.targets" from project "C:\Users\louis\OneDrive\Documents\GitHub\CosmoWhisper-Native\CosmoWhisper-Windows\CosmoWhisper\CosmoWhisper.csproj" (target "CollectPackageReferences" depends on it):
       Task "NETSdkWarning" skipped, due to false condition; ( '%(_ReferenceToObsoleteDotNetCliTool.Identity)' != '' ) was evaluated as ( '' != '' ).
   1:7>Done building target "_CheckForObsoleteDotNetCliToolReferences" in project "CosmoWhisper.csproj".
   1:7>Target "CollectPackageReferences" in file "C:\Program Files\dotnet\sdk\8.0.417\NuGet.targets" from project "C:\Users\louis\OneDrive\Documents\GitHub\CosmoWhisper-Native\CosmoWhisper-Windows\CosmoWhisper\CosmoWhisper.csproj" (target "_GetRestoreProjectStyle" depends on it):
       Using "CheckForDuplicateNuGetItemsTask" task from assembly "C:\Program Files\dotnet\sdk\8.0.417\NuGet.Build.Tasks.dll".
       Task "CheckForDuplicateNuGetItemsTask"
       Done executing task "CheckForDuplicateNuGetItemsTask".
   1:7>Done building target "CollectPackageReferences" in project "CosmoWhisper.csproj".
   1:7>Target "_GetRestoreProjectStyle" in file "C:\Program Files\dotnet\sdk\8.0.417\NuGet.targets" from project "C:\Users\louis\OneDrive\Documents\GitHub\CosmoWhisper-Native\CosmoWhisper-Windows\CosmoWhisper\CosmoWhisper.csproj" (target "EnableIntermediateOutputPathMismatchWarning" depends on it):
       Using "GetRestoreProjectStyleTask" task from assembly "C:\Program Files\dotnet\sdk\8.0.417\NuGet.Build.Tasks.dll".
       Task "GetRestoreProjectStyleTask"
       Done executing task "GetRestoreProjectStyleTask".
   1:7>Done building target "_GetRestoreProjectStyle" in project "CosmoWhisper.csproj".
   1:7>Target "EnableIntermediateOutputPathMismatchWarning" in file "C:\Program Files\dotnet\sdk\8.0.417\NuGet.targets" from project "C:\Users\louis\OneDrive\Documents\GitHub\CosmoWhisper-Native\CosmoWhisper-Windows\CosmoWhisper\CosmoWhisper.csproj" (target "_CheckForInvalidConfigurationAndPlatform" depends on it):
   1:7>Done building target "EnableIntermediateOutputPathMismatchWarning" in project "CosmoWhisper.csproj".
       Target "ApplyImplicitVersions" skipped. Previously built successfully.
       Target "CheckForImplicitPackageReferenceOverrides" skipped. Previously built successfully.
   1:7>Target "CheckForDuplicateItems" in file "C:\Program Files\dotnet\sdk\8.0.417\Sdks\Microsoft.NET.Sdk\targets\Microsoft.NET.Sdk.DefaultItems.Shared.targets" from project "C:\Users\louis\OneDrive\Documents\GitHub\CosmoWhisper-Native\CosmoWhisper-Windows\CosmoWhisper\CosmoWhisper.csproj" (target "_CheckForInvalidConfigurationAndPlatform" depends on it):
       Using "CheckForDuplicateItems" task from assembly "C:\Program Files\dotnet\sdk\8.0.417\Sdks\Microsoft.NET.Sdk\targets\..\tools\net8.0\Microsoft.NET.Build.Tasks.dll".
       Task "CheckForDuplicateItems"
       Done executing task "CheckForDuplicateItems".
       Task "CheckForDuplicateItems"
       Done executing task "CheckForDuplicateItems".
       Task "CheckForDuplicateItems"
       Done executing task "CheckForDuplicateItems".
   1:7>Done building target "CheckForDuplicateItems" in project "CosmoWhisper.csproj".
       Target "WarnForExplicitVersions" skipped, due to false condition; ('@(SdkBuildWarning)' != '') was evaluated as ('' != '').
       Target "_CheckForFailedSDKResolution" skipped, due to false condition; ('$(SdkResolverHonoredGlobalJson)' == 'false') was evaluated as ('' == 'false').
       Target "_WarnWhenUsingNET8AndVSPriorTo178" skipped, due to false condition; ($([MSBuild]::VersionLessThan($(MSBuildVersion), '17.8.0')) and '$(TargetFrameworkIdentifier)' == '.NETCoreApp' and $([MSBuild]::VersionGreaterThanOrEquals($(_TargetFrameworkVersionWithoutV), '8.0'))) was evaluated as (False and '.NETCoreApp' == '.NETCoreApp' and True).
   1:7>Target "_CheckForInvalidWindowsDesktopTargetingConfiguration" in file "C:\Program Files\dotnet\sdk\8.0.417\Sdks\Microsoft.NET.Sdk\targets\Microsoft.NET.Sdk.DefaultItems.targets" from project "C:\Users\louis\OneDrive\Documents\GitHub\CosmoWhisper-Native\CosmoWhisper-Windows\CosmoWhisper\CosmoWhisper.csproj" (target "_CheckForInvalidConfigurationAndPlatform" depends on it):
       Task "NETSdkError" skipped, due to false condition; ('$(TargetPlatformIdentifier)' != 'Windows') was evaluated as ('Windows' != 'Windows').
   1:7>Done building target "_CheckForInvalidWindowsDesktopTargetingConfiguration" in project "CosmoWhisper.csproj".
       Target "_CheckForUnnecessaryWindowsDesktopSDK" skipped, due to false condition; ('$(TargetFrameworkIdentifier)' == '.NETCoreApp' and $([MSBuild]::VersionGreaterThanOrEquals($(_TargetFrameworkVersionWithoutV), '5.0')) and '$(_MicrosoftWindowsDesktopSdkImported)' == 'true' and '$(TargetFrameworks)' == '') was evaluated as ('.NETCoreApp' == '.NETCoreApp' and True and '' == 'true' and '' == '').
       Target "ProcessFrameworkReferences" skipped. Previously built successfully.
       Target "IncludeTargetingPackReference" skipped, due to false condition; ('$(TargetFrameworkMoniker)' != '' and '$(TargetFrameworkIdentifier)' == '.NETFramework' and '$(AutomaticallyUseReferenceAssemblyPackages)' == 'true') was evaluated as ('.NETCoreApp,Version=v8.0' != '' and '.NETCoreApp' == '.NETFramework' and 'true' == 'true').
       Target "CheckForDuplicateItems" skipped. Previously built successfully.
   1:7>Target "CheckForDuplicatePageItems" in file "C:\Program Files\dotnet\sdk\8.0.417\Sdks\Microsoft.NET.Sdk.WindowsDesktop\targets\Microsoft.NET.Sdk.WindowsDesktop.targets" from project "C:\Users\louis\OneDrive\Documents\GitHub\CosmoWhisper-Native\CosmoWhisper-Windows\CosmoWhisper\CosmoWhisper.csproj" (target "_CheckForInvalidConfigurationAndPlatform" depends on it):
       Task "CheckForDuplicateItems"
       Done executing task "CheckForDuplicateItems".
   1:7>Done building target "CheckForDuplicatePageItems" in project "CosmoWhisper.csproj".
   1:7>Target "_WindowsDesktopFrameworkRequiresUseWpfOrUseWindowsForms" in file "C:\Program Files\dotnet\sdk\8.0.417\Sdks\Microsoft.NET.Sdk.WindowsDesktop\targets\Microsoft.NET.Sdk.WindowsDesktop.targets" from project "C:\Users\louis\OneDrive\Documents\GitHub\CosmoWhisper-Native\CosmoWhisper-Windows\CosmoWhisper\CosmoWhisper.csproj" (target "_CheckForInvalidConfigurationAndPlatform" depends on it):
       Task "NetSdkWarning" skipped, due to false condition; ('$(UseWpf)' != 'true' And '$(UseWindowsForms)' != 'true') was evaluated as ('true' != 'true' And 'true' != 'true').
   1:7>Done building target "_WindowsDesktopFrameworkRequiresUseWpfOrUseWindowsForms" in project "CosmoWhisper.csproj".
       Target "_WindowsDesktopFrameworkRequiresVersion30" skipped, due to false condition; (('$(TargetFrameworkIdentifier)' == '.NETCoreApp') And
                         ('$(_TargetFrameworkVersionValue)' != '$(_UndefinedTargetFrameworkVersion)') And ('$(_TargetFrameworkVersionValue)' < '$(_WindowsDesktopSdkTargetFrameworkVersionFloor)')) was evaluated as (('.NETCoreApp' == '.NETCoreApp') And
                         ('8.0' != '0.0') And ('8.0' < '3.0')).
   1:7>Target "_CheckForInvalidConfigurationAndPlatform" in file "C:\Program Files\dotnet\sdk\8.0.417\Microsoft.Common.CurrentVersion.targets" from project "C:\Users\louis\OneDrive\Documents\GitHub\CosmoWhisper-Native\CosmoWhisper-Windows\CosmoWhisper\CosmoWhisper.csproj" (target "BeforeBuild" depends on it):
       Task "Error" skipped, due to false condition; ( '$(_InvalidConfigurationError)' == 'true' ) was evaluated as ( '' == 'true' ).
       Task "Warning" skipped, due to false condition; ( '$(_InvalidConfigurationWarning)' == 'true' ) was evaluated as ( '' == 'true' ).
       Task "Message"
         Configuration=Debug
       Done executing task "Message".
       Task "Message"
         Platform=AnyCPU
       Done executing task "Message".
       Task "Error" skipped, due to false condition; ('$(OutDir)' != '' and !HasTrailingSlash('$(OutDir)')) was evaluated as ('bin\Debug\net8.0-windows10.0.19041.0\' != '' and !HasTrailingSlash('bin\Debug\net8.0-windows10.0.19041.0\')).
       Task "Error" skipped, due to false condition; ('$(IntermediateOutputPath)' != '' and !HasTrailingSlash('$(IntermediateOutputPath)')) was evaluated as ('obj\Debug\net8.0-windows10.0.19041.0\' != '' and !HasTrailingSlash('obj\Debug\net8.0-windows10.0.19041.0\')).
       Task "Error" skipped, due to false condition; ('$(BaseIntermediateOutputPath)' != '' and !HasTrailingSlash('$(BaseIntermediateOutputPath)')) was evaluated as ('obj\' != '' and !HasTrailingSlash('obj\')).
       Task "MSBuildInternalMessage" skipped, due to false condition; ( '$(Prefer32Bit)' == 'true' and '$(PreferNativeArm64)' == 'true' ) was evaluated as ( 'false' == 'true' and '' == 'true' ).
       Task "MSBuildInternalMessage" skipped, due to false condition; ( '$(NoWin32Manifest)' == 'true' and '$(PreferNativeArm64)' == 'true' ) was evaluated as ( '' == 'true' and '' == 'true' ).
       Task "MSBuildInternalMessage" skipped, due to false condition; ( '$(PreferNativeArm64)' == 'true' and '$(Platform)' != 'AnyCPU' ) was evaluated as ( '' == 'true' and 'AnyCPU' != 'AnyCPU' ).
       Task "Error" skipped, due to false condition; ( '$(_InitialMSBuildProjectExtensionsPath)' != '' And '$(MSBuildProjectExtensionsPath)' != '$(_InitialMSBuildProjectExtensionsPath)' ) was evaluated as ( 'C:\Users\louis\OneDrive\Documents\GitHub\CosmoWhisper-Native\CosmoWhisper-Windows\CosmoWhisper\obj\' != '' And 'C:\Users\louis\OneDrive\Documents\GitHub\CosmoWhisper-Native\CosmoWhisper-Windows\CosmoWhisper\obj\' != 'C:\Users\louis\OneDrive\Documents\GitHub\CosmoWhisper-Native\CosmoWhisper-Windows\CosmoWhisper\obj\' ).
       Task "Warning" skipped, due to false condition; ( '$(EnableBaseIntermediateOutputPathMismatchWarning)' == 'true' And '$(_InitialBaseIntermediateOutputPath)' != '$(BaseIntermediateOutputPath)' And '$(BaseIntermediateOutputPath)' != '$(MSBuildProjectExtensionsPath)' ) was evaluated as ( 'true' == 'true' And 'obj\' != 'obj\' And 'obj\' != 'C:\Users\louis\OneDrive\Documents\GitHub\CosmoWhisper-Native\CosmoWhisper-Windows\CosmoWhisper\obj\' ).
   1:7>Done building target "_CheckForInvalidConfigurationAndPlatform" in project "CosmoWhisper.csproj".
   1:7>Target "ValidateCommandLineProperties" in file "C:\Program Files\dotnet\sdk\8.0.417\Sdks\Microsoft.NET.Sdk\targets\Microsoft.NET.Sdk.targets" from project "C:\Users\louis\OneDrive\Documents\GitHub\CosmoWhisper-Native\CosmoWhisper-Windows\CosmoWhisper\CosmoWhisper.csproj" (target "BeforeBuild" depends on it):
   1:7>Done building target "ValidateCommandLineProperties" in project "CosmoWhisper.csproj".
   1:7>Target "BeforeBuild" in file "C:\Program Files\dotnet\sdk\8.0.417\Microsoft.Common.CurrentVersion.targets" from project "C:\Users\louis\OneDrive\Documents\GitHub\CosmoWhisper-Native\CosmoWhisper-Windows\CosmoWhisper\CosmoWhisper.csproj" (target "Build" depends on it):
   1:7>Done building target "BeforeBuild" in project "CosmoWhisper.csproj".
       Target "_CheckForBuildWithNoBuild" skipped, due to false condition; ('$(NoBuild)' == 'true' and '$(GeneratePackageOnBuild)' != 'true') was evaluated as ('' == 'true' and 'false' != 'true').
   1:7>Target "BuildOnlySettings" in file "C:\Program Files\dotnet\sdk\8.0.417\Microsoft.Common.CurrentVersion.targets" from project "C:\Users\louis\OneDrive\Documents\GitHub\CosmoWhisper-Native\CosmoWhisper-Windows\CosmoWhisper\CosmoWhisper.csproj" (target "CoreBuild" depends on it):
   1:7>Done building target "BuildOnlySettings" in project "CosmoWhisper.csproj".
       Target "_CheckForUnsupportedTargetFramework" skipped, due to false condition; ('$(_UnsupportedTargetFrameworkError)' == 'true') was evaluated as ('' == 'true').
   1:7>Target "GetFrameworkPaths" in file "C:\Program Files\dotnet\sdk\8.0.417\Sdks\Microsoft.NET.Sdk\targets\Microsoft.NET.DisableStandardFrameworkResolution.targets" from project "C:\Users\louis\OneDrive\Documents\GitHub\CosmoWhisper-Native\CosmoWhisper-Windows\CosmoWhisper\CosmoWhisper.csproj" (target "PrepareForBuild" depends on it):
   1:7>Done building target "GetFrameworkPaths" in project "CosmoWhisper.csproj".
       Target "_CheckForUnsupportedTargetFramework" skipped, due to false condition; ('$(_UnsupportedTargetFrameworkError)' == 'true') was evaluated as ('' == 'true').
   1:7>Target "GetReferenceAssemblyPaths" in file "C:\Program Files\dotnet\sdk\8.0.417\Sdks\Microsoft.NET.Sdk\targets\Microsoft.NET.DisableStandardFrameworkResolution.targets" from project "C:\Users\louis\OneDrive\Documents\GitHub\CosmoWhisper-Native\CosmoWhisper-Windows\CosmoWhisper\CosmoWhisper.csproj" (target "PrepareForBuild" depends on it):
   1:7>Done building target "GetReferenceAssemblyPaths" in project "CosmoWhisper.csproj".
       Target "AssignLinkMetadata" skipped, due to false condition; ( '$(SynthesizeLinkMetadata)' == 'true' ) was evaluated as ( '' == 'true' ).
       Target "_VerifyPackReleaseConfigurations" skipped, due to false condition; ('$(_IsPacking)' == 'true' and '$(DOTNET_CLI_DISABLE_PUBLISH_AND_PACK_RELEASE)' != 'true' and '$(DOTNET_CLI_LAZY_PUBLISH_AND_PACK_RELEASE_FOR_SOLUTIONS)' == 'true') was evaluated as ('' == 'true' and '' != 'true' and '' == 'true').
   1:7>Target "PrepareForBuild" in file "C:\Program Files\dotnet\sdk\8.0.417\Microsoft.Common.CurrentVersion.targets" from project "C:\Users\louis\OneDrive\Documents\GitHub\CosmoWhisper-Native\CosmoWhisper-Windows\CosmoWhisper\CosmoWhisper.csproj" (target "CoreBuild" depends on it):
       Using "FindAppConfigFile" task from assembly "Microsoft.Build.Tasks.Core, Version=15.1.0.0, Culture=neutral, PublicKeyToken=b03f5f7f11d50a3a".
       Task "FindAppConfigFile"
       Done executing task "FindAppConfigFile".
       Using "MakeDir" task from assembly "Microsoft.Build.Tasks.Core, Version=15.1.0.0, Culture=neutral, PublicKeyToken=b03f5f7f11d50a3a".
       Task "MakeDir"
       Done executing task "MakeDir".
   1:7>Done building target "PrepareForBuild" in project "CosmoWhisper.csproj".
   1:7>Target "GenerateGlobalUsings" in file "C:\Program Files\dotnet\sdk\8.0.417\Sdks\Microsoft.NET.Sdk\targets\Microsoft.NET.GenerateGlobalUsings.targets" from project "C:\Users\louis\OneDrive\Documents\GitHub\CosmoWhisper-Native\CosmoWhisper-Windows\CosmoWhisper\CosmoWhisper.csproj" (target "CoreBuild" depends on it):
       Using "GenerateGlobalUsings" task from assembly "C:\Program Files\dotnet\sdk\8.0.417\Sdks\Microsoft.NET.Sdk\targets\..\tools\net8.0\Microsoft.NET.Build.Tasks.dll".
       Task "GenerateGlobalUsings"
       Done executing task "GenerateGlobalUsings".
       Using "WriteLinesToFile" task from assembly "Microsoft.Build.Tasks.Core, Version=15.1.0.0, Culture=neutral, PublicKeyToken=b03f5f7f11d50a3a".
       Task "WriteLinesToFile"
         Skipping write to file "obj\Debug\net8.0-windows10.0.19041.0\CosmoWhisper.GlobalUsings.g.cs" because content would not change.
       Done executing task "WriteLinesToFile".
   1:7>Done building target "GenerateGlobalUsings" in project "CosmoWhisper.csproj".
       Target "PreBuildEvent" skipped, due to false condition; ('$(PreBuildEvent)'!='') was evaluated as (''!='').
   1:7>Target "BeforeResolveReferences" in file "C:\Program Files\dotnet\sdk\8.0.417\Microsoft.Common.CurrentVersion.targets" from project "C:\Users\louis\OneDrive\Documents\GitHub\CosmoWhisper-Native\CosmoWhisper-Windows\CosmoWhisper\CosmoWhisper.csproj" (target "ResolveReferences" depends on it):
   1:7>Done building target "BeforeResolveReferences" in project "CosmoWhisper.csproj".
       Target "AssignProjectConfiguration" skipped, due to false condition; ('$(CurrentSolutionConfigurationContents)' != '' or '@(ProjectReference)'!='') was evaluated as ('' != '' or ''!='').
   1:7>Target "IgnoreJavaScriptOutputAssembly" in file "C:\Program Files\dotnet\sdk\8.0.417\Microsoft.Common.CurrentVersion.targets" from project "C:\Users\louis\OneDrive\Documents\GitHub\CosmoWhisper-Native\CosmoWhisper-Windows\CosmoWhisper\CosmoWhisper.csproj" (target "AssignProjectConfiguration" depends on it):
   1:7>Done building target "IgnoreJavaScriptOutputAssembly" in project "CosmoWhisper.csproj".
       Target "ProcessFrameworkReferences" skipped. Previously built successfully.
   1:7>Target "_DefaultMicrosoftNETPlatformLibrary" in file "C:\Program Files\dotnet\sdk\8.0.417\Sdks\Microsoft.NET.Sdk\targets\Microsoft.NET.Sdk.Shared.targets" from project "C:\Users\louis\OneDrive\Documents\GitHub\CosmoWhisper-Native\CosmoWhisper-Windows\CosmoWhisper\CosmoWhisper.csproj" (target "ResolvePackageAssets" depends on it):
   1:7>Done building target "_DefaultMicrosoftNETPlatformLibrary" in project "CosmoWhisper.csproj".
   1:7>Target "_ComputePackageReferencePublish" in file "C:\Program Files\dotnet\sdk\8.0.417\Sdks\Microsoft.NET.Sdk\targets\Microsoft.NET.Sdk.Shared.targets" from project "C:\Users\louis\OneDrive\Documents\GitHub\CosmoWhisper-Native\CosmoWhisper-Windows\CosmoWhisper\CosmoWhisper.csproj" (target "ResolvePackageAssets" depends on it):
   1:7>Done building target "_ComputePackageReferencePublish" in project "CosmoWhisper.csproj".
       Target "_ResolveCompilerVersion" skipped, due to false condition; ('$(CompilerApiVersion)' == '' And
                            ('$(Language)' == 'C#' Or '$(Language)' == 'VB') And
                            Exists('$(RoslynTargetsPath)\Microsoft.Build.Tasks.CodeAnalysis.dll')) was evaluated as ('roslyn4.11' == '' And
                            ('C#' == 'C#' Or 'C#' == 'VB') And
                            Exists('C:\Program Files\dotnet\sdk\8.0.417\Roslyn\Microsoft.Build.Tasks.CodeAnalysis.dll')).
   1:7>Target "ResolvePackageAssets" in file "C:\Program Files\dotnet\sdk\8.0.417\Sdks\Microsoft.NET.Sdk\targets\Microsoft.PackageDependencyResolution.targets" from project "C:\Users\louis\OneDrive\Documents\GitHub\CosmoWhisper-Native\CosmoWhisper-Windows\CosmoWhisper\CosmoWhisper.csproj" (target "ResolveLockFileReferences" depends on it):
       Using "ResolvePackageAssets" task from assembly "C:\Program Files\dotnet\sdk\8.0.417\Sdks\Microsoft.NET.Sdk\targets\..\tools\net8.0\Microsoft.NET.Build.Tasks.dll".
       Task "ResolvePackageAssets"
       Done executing task "ResolvePackageAssets".
   1:7>Done building target "ResolvePackageAssets" in project "CosmoWhisper.csproj".
       Target "AdjustDefaultPlatformTargetForNetFrameworkExeWithNoNativeCopyLocalItems" skipped, due to false condition; ('$(_UsingDefaultPlatformTarget)' == 'true' and
                            '$(_UsingDefaultRuntimeIdentifier)' == 'true') was evaluated as ('true' == 'true' and
                            '' == 'true').
       Target "_CheckForTransitiveWindowsDesktopDependencies" skipped, due to false condition; ('$(TargetFrameworkIdentifier)' == '.NETCoreApp' and $([MSBuild]::VersionGreaterThanOrEquals($(_TargetFrameworkVersionWithoutV), '5.0')) and '$(TargetPlatformIdentifier)' != 'Windows' and '@(TransitiveFrameworkReference)' != '') was evaluated as ('.NETCoreApp' == '.NETCoreApp' and True and 'Windows' != 'Windows' and 'Microsoft.WindowsDesktop.App.WindowsForms' != '').
   1:7>Target "AddTransitiveFrameworkReferences" in file "C:\Program Files\dotnet\sdk\8.0.417\Sdks\Microsoft.NET.Sdk\targets\Microsoft.NET.Sdk.FrameworkReferenceResolution.targets" from project "C:\Users\louis\OneDrive\Documents\GitHub\CosmoWhisper-Native\CosmoWhisper-Windows\CosmoWhisper\CosmoWhisper.csproj" (target "ResolveLockFileReferences" depends on it):
   1:7>Done building target "AddTransitiveFrameworkReferences" in project "CosmoWhisper.csproj".
       Target "_WarnForUnsupportedUseUwpFeatureEnabled" skipped, due to false condition; ( '$(IncludeWindowsSDKRefFrameworkReferences)' == 'true'
                             and '$(UseUwp)' == 'true') was evaluated as ( 'true' == 'true'
                             and '' == 'true').
   1:7>Target "ResolveLockFileReferences" in file "C:\Program Files\dotnet\sdk\8.0.417\Sdks\Microsoft.NET.Sdk\targets\Microsoft.PackageDependencyResolution.targets" from project "C:\Users\louis\OneDrive\Documents\GitHub\CosmoWhisper-Native\CosmoWhisper-Windows\CosmoWhisper\CosmoWhisper.csproj" (target "ResolvePackageDependenciesForBuild" depends on it):
       Using "JoinItems" task from assembly "C:\Program Files\dotnet\sdk\8.0.417\Sdks\Microsoft.NET.Sdk\targets\..\tools\net8.0\Microsoft.NET.Build.Tasks.dll".
       Task "JoinItems"
       Done executing task "JoinItems".
   1:7>Done building target "ResolveLockFileReferences" in project "CosmoWhisper.csproj".
       Target "ResolvePackageAssets" skipped. Previously built successfully.
   1:7>Target "ResolveLockFileAnalyzers" in file "C:\Program Files\dotnet\sdk\8.0.417\Sdks\Microsoft.NET.Sdk\targets\Microsoft.PackageDependencyResolution.targets" from project "C:\Users\louis\OneDrive\Documents\GitHub\CosmoWhisper-Native\CosmoWhisper-Windows\CosmoWhisper\CosmoWhisper.csproj" (target "ResolvePackageDependenciesForBuild" depends on it):
   1:7>Done building target "ResolveLockFileAnalyzers" in project "CosmoWhisper.csproj".
       Target "ResolvePackageAssets" skipped. Previously built successfully.
       Target "RunProduceContentAssets" skipped, due to false condition; ('@(_ContentFilesToPreprocess)' != '' and '$(_CleaningWithoutRebuilding)' != 'true') was evaluated as ('' != '' and '' != 'true').
   1:7>Target "ResolveLockFileCopyLocalFiles" in file "C:\Program Files\dotnet\sdk\8.0.417\Sdks\Microsoft.NET.Sdk\targets\Microsoft.PackageDependencyResolution.targets" from project "C:\Users\louis\OneDrive\Documents\GitHub\CosmoWhisper-Native\CosmoWhisper-Windows\CosmoWhisper\CosmoWhisper.csproj" (target "ResolvePackageDependenciesForBuild" depends on it):
   1:7>Done building target "ResolveLockFileCopyLocalFiles" in project "CosmoWhisper.csproj".
       Target "ProcessFrameworkReferences" skipped. Previously built successfully.
       Target "ResolvePackageAssets" skipped. Previously built successfully.
   1:7>Target "ResolveFrameworkReferences" in file "C:\Program Files\dotnet\sdk\8.0.417\Sdks\Microsoft.NET.Sdk\targets\Microsoft.NET.Sdk.FrameworkReferenceResolution.targets" from project "C:\Users\louis\OneDrive\Documents\GitHub\CosmoWhisper-Native\CosmoWhisper-Windows\CosmoWhisper\CosmoWhisper.csproj" (target "ResolveRuntimePackAssets" depends on it):
       Using "GetPackageDirectory" task from assembly "C:\Program Files\dotnet\sdk\8.0.417\Sdks\Microsoft.NET.Sdk\targets\..\tools\net8.0\Microsoft.NET.Build.Tasks.dll".
       Task "GetPackageDirectory"
       Done executing task "GetPackageDirectory".
       Task "GetPackageDirectory"
       Done executing task "GetPackageDirectory".
       Task "GetPackageDirectory"
       Done executing task "GetPackageDirectory".
       Task "GetPackageDirectory"
       Done executing task "GetPackageDirectory".
       Task "GetPackageDirectory"
       Done executing task "GetPackageDirectory".
       Task "GetPackageDirectory"
       Done executing task "GetPackageDirectory".
       Task "GetPackageDirectory"
       Done executing task "GetPackageDirectory".
       Task "GetPackageDirectory"
       Done executing task "GetPackageDirectory".
       Task "GetPackageDirectory"
       Done executing task "GetPackageDirectory".
       Task "GetPackageDirectory"
       Done executing task "GetPackageDirectory".
       Using "ResolveFrameworkReferences" task from assembly "C:\Program Files\dotnet\sdk\8.0.417\Sdks\Microsoft.NET.Sdk\targets\..\tools\net8.0\Microsoft.NET.Build.Tasks.dll".
       Task "ResolveFrameworkReferences"
       Done executing task "ResolveFrameworkReferences".
   1:7>Done building target "ResolveFrameworkReferences" in project "CosmoWhisper.csproj".
   1:7>Target "ResolveRuntimePackAssets" in file "C:\Program Files\dotnet\sdk\8.0.417\Sdks\Microsoft.NET.Sdk\targets\Microsoft.NET.Sdk.FrameworkReferenceResolution.targets" from project "C:\Users\louis\OneDrive\Documents\GitHub\CosmoWhisper-Native\CosmoWhisper-Windows\CosmoWhisper\CosmoWhisper.csproj" (target "ResolvePackageDependenciesForBuild" depends on it):
       Using "ResolveRuntimePackAssets" task from assembly "C:\Program Files\dotnet\sdk\8.0.417\Sdks\Microsoft.NET.Sdk\targets\..\tools\net8.0\Microsoft.NET.Build.Tasks.dll".
       Task "ResolveRuntimePackAssets"
       Done executing task "ResolveRuntimePackAssets".
   1:7>Done building target "ResolveRuntimePackAssets" in project "CosmoWhisper.csproj".
       Target "RunProduceContentAssets" skipped, due to false condition; ('@(_ContentFilesToPreprocess)' != '' and '$(_CleaningWithoutRebuilding)' != 'true') was evaluated as ('' != '' and '' != 'true').
       Target "ResolvePackageAssets" skipped. Previously built successfully.
   1:7>Target "IncludeTransitiveProjectReferences" in file "C:\Program Files\dotnet\sdk\8.0.417\Sdks\Microsoft.NET.Sdk\targets\Microsoft.PackageDependencyResolution.targets" from project "C:\Users\louis\OneDrive\Documents\GitHub\CosmoWhisper-Native\CosmoWhisper-Windows\CosmoWhisper\CosmoWhisper.csproj" (target "ResolvePackageDependenciesForBuild" depends on it):
   1:7>Done building target "IncludeTransitiveProjectReferences" in project "CosmoWhisper.csproj".
   1:7>Target "ResolvePackageDependenciesForBuild" in file "C:\Program Files\dotnet\sdk\8.0.417\Sdks\Microsoft.NET.Sdk\targets\Microsoft.PackageDependencyResolution.targets" from project "C:\Users\louis\OneDrive\Documents\GitHub\CosmoWhisper-Native\CosmoWhisper-Windows\CosmoWhisper\CosmoWhisper.csproj" (target "AssignProjectConfiguration" depends on it):
   1:7>Done building target "ResolvePackageDependenciesForBuild" in project "CosmoWhisper.csproj".
       Target "AssignProjectConfiguration" skipped, due to false condition; ('$(CurrentSolutionConfigurationContents)' != '' or '@(ProjectReference)'!='') was evaluated as ('' != '' or ''!='').
   1:7>Target "_SplitProjectReferencesByFileExistence" in file "C:\Program Files\dotnet\sdk\8.0.417\Microsoft.Common.CurrentVersion.targets" from project "C:\Users\louis\OneDrive\Documents\GitHub\CosmoWhisper-Native\CosmoWhisper-Windows\CosmoWhisper\CosmoWhisper.csproj" (target "PrepareProjectReferences" depends on it):
       Task "ResolveNonMSBuildProjectOutput" skipped, due to false condition; ('$(BuildingInsideVisualStudio)'=='true' and '@(ProjectReferenceWithConfiguration)'!='') was evaluated as (''=='true' and ''!='').
   1:7>Done building target "_SplitProjectReferencesByFileExistence" in project "CosmoWhisper.csproj".
   1:7>Target "_AddOutputPathToGlobalPropertiesToRemove" in file "C:\Program Files\dotnet\sdk\8.0.417\Microsoft.Common.CurrentVersion.targets" from project "C:\Users\louis\OneDrive\Documents\GitHub\CosmoWhisper-Native\CosmoWhisper-Windows\CosmoWhisper\CosmoWhisper.csproj" (target "_GetProjectReferenceTargetFrameworkProperties" depends on it):
   1:7>Done building target "_AddOutputPathToGlobalPropertiesToRemove" in project "CosmoWhisper.csproj".
   1:7>Target "_GetProjectReferenceTargetFrameworkProperties" in file "C:\Program Files\dotnet\sdk\8.0.417\Microsoft.Common.CurrentVersion.targets" from project "C:\Users\louis\OneDrive\Documents\GitHub\CosmoWhisper-Native\CosmoWhisper-Windows\CosmoWhisper\CosmoWhisper.csproj" (target "PrepareProjectReferences" depends on it):
       Task "MSBuild"
       Done executing task "MSBuild".
       Task "MSBuild" skipped, due to false condition; ('%(_MSBuildProjectReferenceExistent.SkipGetTargetFrameworkProperties)' != 'true' and '$(EnableDynamicPlatformResolution)' == 'true') was evaluated as ('' != 'true' and '' == 'true').
       Task "GetReferenceNearestTargetFrameworkTask" skipped, due to false condition; ('@(_ProjectReferenceTargetFrameworkPossibilities)' != '' and '$(ReferringTargetFrameworkForProjectReferences)' != ''
                                                               And '$(GetReferenceNearestTargetFrameworkTaskSupportsTargetPlatformParameter)' == 'true' and '%(_ProjectReferenceTargetFrameworkPossibilities.IsVcxOrNativeProj)' != 'true') was evaluated as ('' != '' and '.NETCoreApp,Version=v8.0' != ''
                                                               And 'true' == 'true' and '' != 'true').
       Task "GetReferenceNearestTargetFrameworkTask" skipped, due to false condition; ('@(_ProjectReferenceTargetFrameworkPossibilities)' != '' and '$(ReferringTargetFrameworkForProjectReferences)' != ''
                                                               And '$(GetReferenceNearestTargetFrameworkTaskSupportsTargetPlatformParameter)' != 'true' and '%(_ProjectReferenceTargetFrameworkPossibilities.IsVcxOrNativeProj)' != 'true') was evaluated as ('' != '' and '.NETCoreApp,Version=v8.0' != ''
                                                               And 'true' != 'true' and '' != 'true').
       Using "SetRidAgnosticValueForProjects" task from assembly "Microsoft.Build.Tasks.Core, Version=15.1.0.0, Culture=neutral, PublicKeyToken=b03f5f7f11d50a3a".
       Task "SetRidAgnosticValueForProjects"
       Done executing task "SetRidAgnosticValueForProjects".
   1:7>Done building target "_GetProjectReferenceTargetFrameworkProperties" in project "CosmoWhisper.csproj".
   1:7>Target "ValidateExecutableReferences" in file "C:\Program Files\dotnet\sdk\8.0.417\Sdks\Microsoft.NET.Sdk\targets\Microsoft.NET.Sdk.targets" from project "C:\Users\louis\OneDrive\Documents\GitHub\CosmoWhisper-Native\CosmoWhisper-Windows\CosmoWhisper\CosmoWhisper.csproj" (target "PrepareProjectReferences" depends on it):
       Using "ValidateExecutableReferences" task from assembly "C:\Program Files\dotnet\sdk\8.0.417\Sdks\Microsoft.NET.Sdk\targets\..\tools\net8.0\Microsoft.NET.Build.Tasks.dll".
       Task "ValidateExecutableReferences"
       Done executing task "ValidateExecutableReferences".
   1:7>Done building target "ValidateExecutableReferences" in project "CosmoWhisper.csproj".
       Target "_GetProjectReferencePlatformProperties" skipped, due to false condition; ('$(EnableDynamicPlatformResolution)' == 'true'
                            and '@(_MSBuildProjectReferenceExistent)' != '') was evaluated as ('' == 'true'
                            and '' != '').
   1:7>Target "PrepareProjectReferences" in file "C:\Program Files\dotnet\sdk\8.0.417\Microsoft.Common.CurrentVersion.targets" from project "C:\Users\louis\OneDrive\Documents\GitHub\CosmoWhisper-Native\CosmoWhisper-Windows\CosmoWhisper\CosmoWhisper.csproj" (target "ResolveProjectReferences" depends on it):
   1:7>Done building target "PrepareProjectReferences" in project "CosmoWhisper.csproj".
   1:7>Target "ResolveProjectReferences" in file "C:\Program Files\dotnet\sdk\8.0.417\Microsoft.Common.CurrentVersion.targets" from project "C:\Users\louis\OneDrive\Documents\GitHub\CosmoWhisper-Native\CosmoWhisper-Windows\CosmoWhisper\CosmoWhisper.csproj" (target "ResolveReferences" depends on it):
       Task "MSBuild" skipped, due to false condition; ('%(_MSBuildProjectReferenceExistent.BuildReference)' == 'true' and '@(ProjectReferenceWithConfiguration)' != '' and ('$(BuildingInsideVisualStudio)' == 'true' or '$(BuildProjectReferences)' != 'true') and '$(VisualStudioVersion)' != '10.0' and '@(_MSBuildProjectReferenceExistent)' != '') was evaluated as ('' == 'true' and '' != '' and ('' == 'true' or 'true' != 'true') and '17.0' != '10.0' and '' != '').
       Task "MSBuild" skipped, due to false condition; ('%(_MSBuildProjectReferenceExistent.BuildReference)' == 'true' and '@(ProjectReferenceWithConfiguration)' != '' and '$(BuildingInsideVisualStudio)' != 'true' and '$(BuildProjectReferences)' == 'true' and '@(_MSBuildProjectReferenceExistent)' != '') was evaluated as ('' == 'true' and '' != '' and '' != 'true' and 'true' == 'true' and '' != '').
       Task "MSBuild" skipped, due to false condition; ('%(_MSBuildProjectReferenceExistent.BuildReference)' == 'true' and '@(ProjectReferenceWithConfiguration)' != '' and '$(BuildingProject)' == 'true' and '@(_MSBuildProjectReferenceExistent)' != '') was evaluated as ('' == 'true' and '' != '' and 'true' == 'true' and '' != '').
       Task "Warning" skipped, due to false condition; ('@(ProjectReferenceWithConfiguration)' != '' and '@(_MSBuildProjectReferenceNonexistent)' != '') was evaluated as ('' != '' and '' != '').
   1:7>Done building target "ResolveProjectReferences" in project "CosmoWhisper.csproj".
   1:7>Target "RemoveManagedWinRTComponentWinMDReferences" in file "C:\Program Files\dotnet\sdk\8.0.417\Sdks\Microsoft.NET.Sdk\targets\Microsoft.NET.Windows.targets" from project "C:\Users\louis\OneDrive\Documents\GitHub\CosmoWhisper-Native\CosmoWhisper-Windows\CosmoWhisper\CosmoWhisper.csproj" (target "ResolveReferences" depends on it):
   1:7>Done building target "RemoveManagedWinRTComponentWinMDReferences" in project "CosmoWhisper.csproj".
       Target "AddWinRTComponentImplementationReference" skipped, due to false condition; ('@(ManagedWinRTComponentImplementations)' != '') was evaluated as ('' != '').
       Target "FindInvalidProjectReferences" skipped, due to false condition; ('$(FindInvalidProjectReferences)' == 'true') was evaluated as ('' == 'true').
       Target "ResolveNativeReferences" skipped, due to false condition; ('@(NativeReference)'!='') was evaluated as (''!='').
       Target "ResolveProjectReferences" skipped. Previously built successfully.
       Target "FindInvalidProjectReferences" skipped, due to false condition; ('$(FindInvalidProjectReferences)' == 'true') was evaluated as ('' == 'true').
       Target "GetFrameworkPaths" skipped. Previously built successfully.
       Target "GetReferenceAssemblyPaths" skipped. Previously built successfully.
       Target "PrepareForBuild" skipped. Previously built successfully.
       Target "GetInstalledSDKLocations" skipped, due to false condition; ('@(SDKReference)' != '') was evaluated as ('' != '').
   1:7>Target "ResolveSDKReferences" in file "C:\Program Files\dotnet\sdk\8.0.417\Microsoft.Common.CurrentVersion.targets" from project "C:\Users\louis\OneDrive\Documents\GitHub\CosmoWhisper-Native\CosmoWhisper-Windows\CosmoWhisper\CosmoWhisper.csproj" (target "ResolveAssemblyReferences" depends on it):
       Task "ResolveSDKReference" skipped, due to false condition; ('@(SDKReference)'!='') was evaluated as (''!='').
   1:7>Done building target "ResolveSDKReferences" in project "CosmoWhisper.csproj".
       Target "ResolveSDKReferences" skipped. Previously built successfully.
   1:7>Target "ExpandSDKReferences" in file "C:\Program Files\dotnet\sdk\8.0.417\Microsoft.Common.CurrentVersion.targets" from project "C:\Users\louis\OneDrive\Documents\GitHub\CosmoWhisper-Native\CosmoWhisper-Windows\CosmoWhisper\CosmoWhisper.csproj" (target "ResolveAssemblyReferences" depends on it):
       Task "GetSDKReferenceFiles" skipped, due to false condition; ('@(ResolvedSDKReference)'!='') was evaluated as (''!='').
   1:7>Done building target "ExpandSDKReferences" in project "CosmoWhisper.csproj".
       Target "ResolvePackageDependenciesForBuild" skipped. Previously built successfully.
       Target "GetFrameworkPaths" skipped. Previously built successfully.
       Target "GetReferenceAssemblyPaths" skipped. Previously built successfully.
       Target "ResolveFrameworkReferences" skipped. Previously built successfully.
   1:7>Target "ResolveTargetingPackAssets" in file "C:\Program Files\dotnet\sdk\8.0.417\Sdks\Microsoft.NET.Sdk\targets\Microsoft.NET.Sdk.FrameworkReferenceResolution.targets" from project "C:\Users\louis\OneDrive\Documents\GitHub\CosmoWhisper-Native\CosmoWhisper-Windows\CosmoWhisper\CosmoWhisper.csproj" (target "_HandlePackageFileConflicts" depends on it):
       Using "ResolveTargetingPackAssets" task from assembly "C:\Program Files\dotnet\sdk\8.0.417\Sdks\Microsoft.NET.Sdk\targets\..\tools\net8.0\Microsoft.NET.Build.Tasks.dll".
       Task "ResolveTargetingPackAssets"
       Done executing task "ResolveTargetingPackAssets".
   1:7>Done building target "ResolveTargetingPackAssets" in project "CosmoWhisper.csproj".
   1:7>Target "ResolveOffByDefaultAnalyzers" in file "C:\Program Files\dotnet\sdk\8.0.417\Sdks\Microsoft.NET.Sdk\targets\Microsoft.NET.Sdk.FrameworkReferenceResolution.targets" from project "C:\Users\louis\OneDrive\Documents\GitHub\CosmoWhisper-Native\CosmoWhisper-Windows\CosmoWhisper\CosmoWhisper.csproj" (target "_HandlePackageFileConflicts" depends on it):
   1:7>Done building target "ResolveOffByDefaultAnalyzers" in project "CosmoWhisper.csproj".
   1:7>Target "_HandlePackageFileConflicts" in file "C:\Program Files\dotnet\sdk\8.0.417\Sdks\Microsoft.NET.Sdk\targets\Microsoft.NET.ConflictResolution.targets" from project "C:\Users\louis\OneDrive\Documents\GitHub\CosmoWhisper-Native\CosmoWhisper-Windows\CosmoWhisper\CosmoWhisper.csproj" (target "ResolveAssemblyReferences" depends on it):
       Using "ResolvePackageFileConflicts" task from assembly "C:\Program Files\dotnet\sdk\8.0.417\Sdks\Microsoft.NET.Sdk\targets\..\tools\net8.0\Microsoft.NET.Build.Tasks.dll".
       Task "ResolvePackageFileConflicts"
         Encountered conflict between 'Reference:C:\Users\louis\.nuget\packages\microsoft.win32.registry\4.7.0\ref\netstandard2.0\Microsoft.Win32.Registry.dll' and 'Reference:C:\Program Files\dotnet\packs\Microsoft.NETCore.App.Ref\8.0.23\ref/net8.0/Microsoft.Win32.Registry.dll'. Choosing 'Reference:C:\Program Files\dotnet\packs\Microsoft.NETCore.App.Ref\8.0.23\ref/net8.0/Microsoft.Win32.Registry.dll' because AssemblyVersion '8.0.0.0' is greater than '4.1.3.0'.
         Encountered conflict between 'Reference:C:\Users\louis\.nuget\packages\system.security.accesscontrol\4.7.0\ref\netstandard2.0\System.Security.AccessControl.dll' and 'Reference:C:\Program Files\dotnet\packs\Microsoft.NETCore.App.Ref\8.0.23\ref/net8.0/System.Security.AccessControl.dll'. Choosing 'Reference:C:\Program Files\dotnet\packs\Microsoft.NETCore.App.Ref\8.0.23\ref/net8.0/System.Security.AccessControl.dll' because AssemblyVersion '8.0.0.0' is greater than '4.1.1.0'.
         Encountered conflict between 'Reference:C:\Users\louis\.nuget\packages\system.security.principal.windows\4.7.0\ref\netcoreapp3.0\System.Security.Principal.Windows.dll' and 'Reference:C:\Program Files\dotnet\packs\Microsoft.NETCore.App.Ref\8.0.23\ref/net8.0/System.Security.Principal.Windows.dll'. Choosing 'Reference:C:\Program Files\dotnet\packs\Microsoft.NETCore.App.Ref\8.0.23\ref/net8.0/System.Security.Principal.Windows.dll' because AssemblyVersion '8.0.0.0' is greater than '4.1.1.0'.
         Encountered conflict between 'Reference:C:\Program Files\dotnet\packs\Microsoft.NETCore.App.Ref\8.0.23\ref/net8.0/Microsoft.VisualBasic.dll' and 'Reference:C:\Program Files\dotnet\packs\Microsoft.WindowsDesktop.App.Ref\8.0.23\ref/net8.0/Microsoft.VisualBasic.dll'. Choosing 'Reference:C:\Program Files\dotnet\packs\Microsoft.WindowsDesktop.App.Ref\8.0.23\ref/net8.0/Microsoft.VisualBasic.dll' because AssemblyVersion '10.1.0.0' is greater than '10.0.0.0'.
         Encountered conflict between 'Reference:C:\Program Files\dotnet\packs\Microsoft.NETCore.App.Ref\8.0.23\ref/net8.0/System.Drawing.dll' and 'Reference:C:\Program Files\dotnet\packs\Microsoft.WindowsDesktop.App.Ref\8.0.23\ref/net8.0/System.Drawing.dll'. Choosing 'Reference:C:\Program Files\dotnet\packs\Microsoft.WindowsDesktop.App.Ref\8.0.23\ref/net8.0/System.Drawing.dll' because AssemblyVersion '8.0.0.0' is greater than '4.0.0.0'.
         Encountered conflict between 'Reference:C:\Program Files\dotnet\packs\Microsoft.NETCore.App.Ref\8.0.23\ref/net8.0/WindowsBase.dll' and 'Reference:C:\Program Files\dotnet\packs\Microsoft.WindowsDesktop.App.Ref\8.0.23\ref/net8.0/WindowsBase.dll'. Choosing 'Reference:C:\Program Files\dotnet\packs\Microsoft.WindowsDesktop.App.Ref\8.0.23\ref/net8.0/WindowsBase.dll' because AssemblyVersion '8.0.0.0' is greater than '4.0.0.0'.
         Encountered conflict between 'Platform:Microsoft.VisualBasic.dll' and 'Platform:Microsoft.VisualBasic.dll'. Choosing 'Platform:Microsoft.VisualBasic.dll' because AssemblyVersion '10.1.0.0' is greater than '10.0.0.0'.
         Encountered conflict between 'Platform:Microsoft.VisualBasic.dll' and 'Platform:Microsoft.VisualBasic.dll'. Choosing 'Platform:Microsoft.VisualBasic.dll' because AssemblyVersion '10.1.0.0' is greater than '10.0.0.0'.
         Encountered conflict between 'Platform:System.Drawing.dll' and 'Platform:System.Drawing.dll'. Choosing 'Platform:System.Drawing.dll' because AssemblyVersion '8.0.0.0' is greater than '4.0.0.0'.
         Encountered conflict between 'Platform:System.Drawing.dll' and 'Platform:System.Drawing.dll'. Choosing 'Platform:System.Drawing.dll' because AssemblyVersion '8.0.0.0' is greater than '4.0.0.0'.
         Encountered conflict between 'Platform:WindowsBase.dll' and 'Platform:WindowsBase.dll'. Choosing 'Platform:WindowsBase.dll' because AssemblyVersion '8.0.0.0' is greater than '4.0.0.0'.
         Encountered conflict between 'Platform:WindowsBase.dll' and 'Platform:WindowsBase.dll'. Choosing 'Platform:WindowsBase.dll' because AssemblyVersion '8.0.0.0' is greater than '4.0.0.0'.
         Encountered conflict between 'Platform:Microsoft.Win32.Registry.dll' and 'CopyLocal:C:\Users\louis\.nuget\packages\microsoft.win32.registry\4.7.0\lib\netstandard2.0\Microsoft.Win32.Registry.dll'. Choosing 'Platform:Microsoft.Win32.Registry.dll' because AssemblyVersion '8.0.0.0' is greater than '4.1.3.0'.
         Encountered conflict between 'Platform:System.Security.AccessControl.dll' and 'CopyLocal:C:\Users\louis\.nuget\packages\system.security.accesscontrol\4.7.0\lib\netstandard2.0\System.Security.AccessControl.dll'. Choosing 'Platform:System.Security.AccessControl.dll' because AssemblyVersion '8.0.0.0' is greater than '4.1.3.0'.
         Encountered conflict between 'Platform:System.Security.Principal.Windows.dll' and 'CopyLocal:C:\Users\louis\.nuget\packages\system.security.principal.windows\4.7.0\lib\netstandard2.0\System.Security.Principal.Windows.dll'. Choosing 'Platform:System.Security.Principal.Windows.dll' because AssemblyVersion '8.0.0.0' is greater than '4.1.3.0'.
         Encountered conflict between 'Platform:Microsoft.Win32.Registry.dll' and 'CopyLocal:C:\Users\louis\.nuget\packages\microsoft.win32.registry\4.7.0\runtimes\unix\lib\netstandard2.0\Microsoft.Win32.Registry.dll'. Choosing 'Platform:Microsoft.Win32.Registry.dll' because AssemblyVersion '8.0.0.0' is greater than '4.1.3.0'.
         Encountered conflict between 'Platform:Microsoft.Win32.Registry.dll' and 'CopyLocal:C:\Users\louis\.nuget\packages\microsoft.win32.registry\4.7.0\runtimes\win\lib\netstandard2.0\Microsoft.Win32.Registry.dll'. Choosing 'Platform:Microsoft.Win32.Registry.dll' because AssemblyVersion '8.0.0.0' is greater than '4.1.3.0'.
         Encountered conflict between 'Platform:System.Security.AccessControl.dll' and 'CopyLocal:C:\Users\louis\.nuget\packages\system.security.accesscontrol\4.7.0\runtimes\win\lib\netcoreapp2.0\System.Security.AccessControl.dll'. Choosing 'Platform:System.Security.AccessControl.dll' because AssemblyVersion '8.0.0.0' is greater than '4.1.3.0'.
         Encountered conflict between 'Platform:System.Security.Principal.Windows.dll' and 'CopyLocal:C:\Users\louis\.nuget\packages\system.security.principal.windows\4.7.0\runtimes\unix\lib\netcoreapp2.1\System.Security.Principal.Windows.dll'. Choosing 'Platform:System.Security.Principal.Windows.dll' because AssemblyVersion '8.0.0.0' is greater than '4.1.3.0'.
         Encountered conflict between 'Platform:System.Security.Principal.Windows.dll' and 'CopyLocal:C:\Users\louis\.nuget\packages\system.security.principal.windows\4.7.0\runtimes\win\lib\netcoreapp2.1\System.Security.Principal.Windows.dll'. Choosing 'Platform:System.Security.Principal.Windows.dll' because AssemblyVersion '8.0.0.0' is greater than '4.1.3.0'.
         Encountered conflict between 'Platform:mscorlib.dll' and 'Platform:mscorlib.dll'. Could not determine winner due to equal file and assembly versions.
         Encountered conflict between 'Platform:System.Windows.Forms.Primitives.resources.dll' and 'Platform:System.Windows.Forms.Primitives.resources.dll'. Could not determine winner due to equal file and assembly versions.
         Encountered conflict between 'Platform:System.dll' and 'Platform:System.dll'. Could not determine winner due to equal file and assembly versions.
         Encountered conflict between 'Platform:System.ComponentModel.DataAnnotations.dll' and 'Platform:System.ComponentModel.DataAnnotations.dll'. Could not determine winner due to equal file and assembly versions.
         Encountered conflict between 'Platform:System.Configuration.dll' and 'Platform:System.Configuration.dll'. Could not determine winner due to equal file and assembly versions.
         Encountered conflict between 'Platform:System.Core.dll' and 'Platform:System.Core.dll'. Could not determine winner due to equal file and assembly versions.
         Encountered conflict between 'Platform:System.Data.dll' and 'Platform:System.Data.dll'. Could not determine winner due to equal file and assembly versions.
         Encountered conflict between 'Platform:System.Windows.Forms.Design.resources.dll' and 'Platform:System.Windows.Forms.Design.resources.dll'. Could not determine winner due to equal file and assembly versions.
         Encountered conflict between 'Platform:System.IO.Compression.FileSystem.dll' and 'Platform:System.IO.Compression.FileSystem.dll'. Could not determine winner due to equal file and assembly versions.
         Encountered conflict between 'Platform:System.Net.dll' and 'Platform:System.Net.dll'. Could not determine winner due to equal file and assembly versions.
         Encountered conflict between 'Platform:System.Numerics.dll' and 'Platform:System.Numerics.dll'. Could not determine winner due to equal file and assembly versions.
         Encountered conflict between 'Platform:System.Runtime.Serialization.dll' and 'Platform:System.Runtime.Serialization.dll'. Could not determine winner due to equal file and assembly versions.
         Encountered conflict between 'Platform:System.Security.dll' and 'Platform:System.Security.dll'. Could not determine winner due to equal file and assembly versions.
         Encountered conflict between 'Platform:System.ServiceProcess.dll' and 'Platform:System.ServiceProcess.dll'. Could not determine winner due to equal file and assembly versions.
         Encountered conflict between 'Platform:System.ServiceModel.Web.dll' and 'Platform:System.ServiceModel.Web.dll'. Could not determine winner due to equal file and assembly versions.
         Encountered conflict between 'Platform:System.Transactions.dll' and 'Platform:System.Transactions.dll'. Could not determine winner due to equal file and assembly versions.
         Encountered conflict between 'Platform:System.Web.dll' and 'Platform:System.Web.dll'. Could not determine winner due to equal file and assembly versions.
         Encountered conflict between 'Platform:System.Windows.dll' and 'Platform:System.Windows.dll'. Could not determine winner due to equal file and assembly versions.
         Encountered conflict between 'Platform:System.Xml.dll' and 'Platform:System.Xml.dll'. Could not determine winner due to equal file and assembly versions.
         Encountered conflict between 'Platform:System.Xml.Serialization.dll' and 'Platform:System.Xml.Serialization.dll'. Could not determine winner due to equal file and assembly versions.
         Encountered conflict between 'Platform:System.Xml.Linq.dll' and 'Platform:System.Xml.Linq.dll'. Could not determine winner due to equal file and assembly versions.
         Encountered conflict between 'Platform:Microsoft.VisualBasic.Forms.resources.dll' and 'Platform:Microsoft.VisualBasic.Forms.resources.dll'. Could not determine winner due to equal file and assembly versions.
         Encountered conflict between 'Platform:netstandard.dll' and 'Platform:netstandard.dll'. Could not determine winner due to equal file and assembly versions.
         Encountered conflict between 'Platform:System.Private.CoreLib.dll' and 'Platform:System.Private.CoreLib.dll'. Could not determine winner due to equal file and assembly versions.
         Encountered conflict between 'Platform:System.Private.DataContractSerialization.dll' and 'Platform:System.Private.DataContractSerialization.dll'. Could not determine winner due to equal file and assembly versions.
         Encountered conflict between 'Platform:System.Private.Uri.dll' and 'Platform:System.Private.Uri.dll'. Could not determine winner due to equal file and assembly versions.
         Encountered conflict between 'Platform:System.Private.Xml.dll' and 'Platform:System.Private.Xml.dll'. Could not determine winner due to equal file and assembly versions.
         Encountered conflict between 'Platform:System.Private.Xml.Linq.dll' and 'Platform:System.Private.Xml.Linq.dll'. Could not determine winner due to equal file and assembly versions.
         Encountered conflict between 'Platform:mscordaccore_amd64_amd64_8.0.2325.60607.dll' and 'Platform:mscordaccore_amd64_amd64_8.0.2325.60607.dll'. Could not determine winner due to equal file and assembly versions.
         Encountered conflict between 'Platform:System.Windows.Forms.resources.dll' and 'Platform:System.Windows.Forms.resources.dll'. Could not determine winner due to equal file and assembly versions.
         Encountered conflict between 'Platform:PresentationCore.resources.dll' and 'Platform:PresentationCore.resources.dll'. Could not determine winner due to equal file and assembly versions.
         Encountered conflict between 'Platform:PresentationFramework.resources.dll' and 'Platform:PresentationFramework.resources.dll'. Could not determine winner due to equal file and assembly versions.
         Encountered conflict between 'Platform:PresentationUI.resources.dll' and 'Platform:PresentationUI.resources.dll'. Could not determine winner due to equal file and assembly versions.
         Encountered conflict between 'Platform:ReachFramework.resources.dll' and 'Platform:ReachFramework.resources.dll'. Could not determine winner due to equal file and assembly versions.
         Encountered conflict between 'Platform:System.Windows.Controls.Ribbon.resources.dll' and 'Platform:System.Windows.Controls.Ribbon.resources.dll'. Could not determine winner due to equal file and assembly versions.
         Encountered conflict between 'Platform:System.Windows.Input.Manipulations.resources.dll' and 'Platform:System.Windows.Input.Manipulations.resources.dll'. Could not determine winner due to equal file and assembly versions.
         Encountered conflict between 'Platform:System.Xaml.resources.dll' and 'Platform:System.Xaml.resources.dll'. Could not determine winner due to equal file and assembly versions.
         Encountered conflict between 'Platform:UIAutomationClient.resources.dll' and 'Platform:UIAutomationClient.resources.dll'. Could not determine winner due to equal file and assembly versions.
         Encountered conflict between 'Platform:UIAutomationClientSideProviders.resources.dll' and 'Platform:UIAutomationClientSideProviders.resources.dll'. Could not determine winner due to equal file and assembly versions.
         Encountered conflict between 'Platform:UIAutomationProvider.resources.dll' and 'Platform:UIAutomationProvider.resources.dll'. Could not determine winner due to equal file and assembly versions.
         Encountered conflict between 'Platform:UIAutomationTypes.resources.dll' and 'Platform:UIAutomationTypes.resources.dll'. Could not determine winner due to equal file and assembly versions.
         Encountered conflict between 'Platform:WindowsBase.resources.dll' and 'Platform:WindowsBase.resources.dll'. Could not determine winner due to equal file and assembly versions.
         Encountered conflict between 'Platform:WindowsFormsIntegration.resources.dll' and 'Platform:WindowsFormsIntegration.resources.dll'. Could not determine winner due to equal file and assembly versions.
         Encountered conflict between 'Platform:D3DCompiler_47_cor3.dll' and 'Platform:D3DCompiler_47_cor3.dll'. Could not determine winner due to equal file and assembly versions.
         Encountered conflict between 'Platform:PenImc_cor3.dll' and 'Platform:PenImc_cor3.dll'. Could not determine winner due to equal file and assembly versions.
         Encountered conflict between 'Platform:PresentationNative_cor3.dll' and 'Platform:PresentationNative_cor3.dll'. Could not determine winner due to equal file and assembly versions.
         Encountered conflict between 'Platform:vcruntime140_cor3.dll' and 'Platform:vcruntime140_cor3.dll'. Could not determine winner due to equal file and assembly versions.
         Encountered conflict between 'Platform:wpfgfx_cor3.dll' and 'Platform:wpfgfx_cor3.dll'. Could not determine winner due to equal file and assembly versions.
         Encountered conflict between 'Platform:System.Diagnostics.EventLog.Messages.dll' and 'Platform:System.Diagnostics.EventLog.Messages.dll'. Could not determine winner due to equal file and assembly versions.
         Encountered conflict between 'Platform:Accessibility.dll' and 'Platform:Accessibility.dll'. Could not determine winner due to equal file and assembly versions.
         Encountered conflict between 'Platform:Microsoft.VisualBasic.dll' and 'Platform:Microsoft.VisualBasic.dll'. Could not determine winner due to equal file and assembly versions.
         Encountered conflict between 'Platform:System.Design.dll' and 'Platform:System.Design.dll'. Could not determine winner due to equal file and assembly versions.
         Encountered conflict between 'Platform:System.Drawing.Design.dll' and 'Platform:System.Drawing.Design.dll'. Could not determine winner due to equal file and assembly versions.
         Encountered conflict between 'Platform:System.Drawing.dll' and 'Platform:System.Drawing.dll'. Could not determine winner due to equal file and assembly versions.
         Encountered conflict between 'Platform:System.Windows.Forms.Design.Editors.dll' and 'Platform:System.Windows.Forms.Design.Editors.dll'. Could not determine winner due to equal file and assembly versions.
         Encountered conflict between 'Platform:Microsoft.Win32.Registry.AccessControl.dll' and 'Platform:Microsoft.Win32.Registry.AccessControl.dll'. Could not determine winner due to equal file and assembly versions.
         Encountered conflict between 'Platform:Microsoft.Win32.SystemEvents.dll' and 'Platform:Microsoft.Win32.SystemEvents.dll'. Could not determine winner due to equal file and assembly versions.
         Encountered conflict between 'Platform:System.CodeDom.dll' and 'Platform:System.CodeDom.dll'. Could not determine winner due to equal file and assembly versions.
         Encountered conflict between 'Platform:System.Configuration.ConfigurationManager.dll' and 'Platform:System.Configuration.ConfigurationManager.dll'. Could not determine winner due to equal file and assembly versions.
         Encountered conflict between 'Platform:System.Diagnostics.EventLog.dll' and 'Platform:System.Diagnostics.EventLog.dll'. Could not determine winner due to equal file and assembly versions.
         Encountered conflict between 'Platform:System.Diagnostics.PerformanceCounter.dll' and 'Platform:System.Diagnostics.PerformanceCounter.dll'. Could not determine winner due to equal file and assembly versions.
         Encountered conflict between 'Platform:System.DirectoryServices.dll' and 'Platform:System.DirectoryServices.dll'. Could not determine winner due to equal file and assembly versions.
         Encountered conflict between 'Platform:System.IO.Packaging.dll' and 'Platform:System.IO.Packaging.dll'. Could not determine winner due to equal file and assembly versions.
         Encountered conflict between 'Platform:System.Resources.Extensions.dll' and 'Platform:System.Resources.Extensions.dll'. Could not determine winner due to equal file and assembly versions.
         Encountered conflict between 'Platform:System.Security.Cryptography.Pkcs.dll' and 'Platform:System.Security.Cryptography.Pkcs.dll'. Could not determine winner due to equal file and assembly versions.
         Encountered conflict between 'Platform:System.Security.Cryptography.ProtectedData.dll' and 'Platform:System.Security.Cryptography.ProtectedData.dll'. Could not determine winner due to equal file and assembly versions.
         Encountered conflict between 'Platform:System.Security.Cryptography.Xml.dll' and 'Platform:System.Security.Cryptography.Xml.dll'. Could not determine winner due to equal file and assembly versions.
         Encountered conflict between 'Platform:System.Security.Permissions.dll' and 'Platform:System.Security.Permissions.dll'. Could not determine winner due to equal file and assembly versions.
         Encountered conflict between 'Platform:System.Threading.AccessControl.dll' and 'Platform:System.Threading.AccessControl.dll'. Could not determine winner due to equal file and assembly versions.
         Encountered conflict between 'Platform:System.Windows.Extensions.dll' and 'Platform:System.Windows.Extensions.dll'. Could not determine winner due to equal file and assembly versions.
         Encountered conflict between 'Platform:Microsoft.VisualBasic.Forms.dll' and 'Platform:Microsoft.VisualBasic.Forms.dll'. Could not determine winner due to equal file and assembly versions.
         Encountered conflict between 'Platform:System.Drawing.Common.dll' and 'Platform:System.Drawing.Common.dll'. Could not determine winner due to equal file and assembly versions.
         Encountered conflict between 'Platform:System.Windows.Forms.Design.dll' and 'Platform:System.Windows.Forms.Design.dll'. Could not determine winner due to equal file and assembly versions.
         Encountered conflict between 'Platform:System.Windows.Forms.Primitives.dll' and 'Platform:System.Windows.Forms.Primitives.dll'. Could not determine winner due to equal file and assembly versions.
         Encountered conflict between 'Platform:System.Windows.Forms.dll' and 'Platform:System.Windows.Forms.dll'. Could not determine winner due to equal file and assembly versions.
         Encountered conflict between 'Platform:DirectWriteForwarder.dll' and 'Platform:DirectWriteForwarder.dll'. Could not determine winner due to equal file and assembly versions.
         Encountered conflict between 'Platform:PresentationCore.dll' and 'Platform:PresentationCore.dll'. Could not determine winner due to equal file and assembly versions.
         Encountered conflict between 'Platform:PresentationFramework-SystemCore.dll' and 'Platform:PresentationFramework-SystemCore.dll'. Could not determine winner due to equal file and assembly versions.
         Encountered conflict between 'Platform:PresentationFramework-SystemData.dll' and 'Platform:PresentationFramework-SystemData.dll'. Could not determine winner due to equal file and assembly versions.
         Encountered conflict between 'Platform:PresentationFramework-SystemDrawing.dll' and 'Platform:PresentationFramework-SystemDrawing.dll'. Could not determine winner due to equal file and assembly versions.
         Encountered conflict between 'Platform:PresentationFramework-SystemXml.dll' and 'Platform:PresentationFramework-SystemXml.dll'. Could not determine winner due to equal file and assembly versions.
         Encountered conflict between 'Platform:PresentationFramework-SystemXmlLinq.dll' and 'Platform:PresentationFramework-SystemXmlLinq.dll'. Could not determine winner due to equal file and assembly versions.
         Encountered conflict between 'Platform:PresentationFramework.Aero.dll' and 'Platform:PresentationFramework.Aero.dll'. Could not determine winner due to equal file and assembly versions.
         Encountered conflict between 'Platform:PresentationFramework.Aero2.dll' and 'Platform:PresentationFramework.Aero2.dll'. Could not determine winner due to equal file and assembly versions.
         Encountered conflict between 'Platform:PresentationFramework.AeroLite.dll' and 'Platform:PresentationFramework.AeroLite.dll'. Could not determine winner due to equal file and assembly versions.
         Encountered conflict between 'Platform:PresentationFramework.Classic.dll' and 'Platform:PresentationFramework.Classic.dll'. Could not determine winner due to equal file and assembly versions.
         Encountered conflict between 'Platform:PresentationFramework.Luna.dll' and 'Platform:PresentationFramework.Luna.dll'. Could not determine winner due to equal file and assembly versions.
         Encountered conflict between 'Platform:PresentationFramework.Royale.dll' and 'Platform:PresentationFramework.Royale.dll'. Could not determine winner due to equal file and assembly versions.
         Encountered conflict between 'Platform:PresentationFramework.dll' and 'Platform:PresentationFramework.dll'. Could not determine winner due to equal file and assembly versions.
         Encountered conflict between 'Platform:PresentationUI.dll' and 'Platform:PresentationUI.dll'. Could not determine winner due to equal file and assembly versions.
         Encountered conflict between 'Platform:ReachFramework.dll' and 'Platform:ReachFramework.dll'. Could not determine winner due to equal file and assembly versions.
         Encountered conflict between 'Platform:System.Printing.dll' and 'Platform:System.Printing.dll'. Could not determine winner due to equal file and assembly versions.
         Encountered conflict between 'Platform:System.Windows.Controls.Ribbon.dll' and 'Platform:System.Windows.Controls.Ribbon.dll'. Could not determine winner due to equal file and assembly versions.
         Encountered conflict between 'Platform:System.Windows.Input.Manipulations.dll' and 'Platform:System.Windows.Input.Manipulations.dll'. Could not determine winner due to equal file and assembly versions.
         Encountered conflict between 'Platform:System.Windows.Presentation.dll' and 'Platform:System.Windows.Presentation.dll'. Could not determine winner due to equal file and assembly versions.
         Encountered conflict between 'Platform:System.Xaml.dll' and 'Platform:System.Xaml.dll'. Could not determine winner due to equal file and assembly versions.
         Encountered conflict between 'Platform:UIAutomationClient.dll' and 'Platform:UIAutomationClient.dll'. Could not determine winner due to equal file and assembly versions.
         Encountered conflict between 'Platform:UIAutomationClientSideProviders.dll' and 'Platform:UIAutomationClientSideProviders.dll'. Could not determine winner due to equal file and assembly versions.
         Encountered conflict between 'Platform:UIAutomationProvider.dll' and 'Platform:UIAutomationProvider.dll'. Could not determine winner due to equal file and assembly versions.
         Encountered conflict between 'Platform:UIAutomationTypes.dll' and 'Platform:UIAutomationTypes.dll'. Could not determine winner due to equal file and assembly versions.
         Encountered conflict between 'Platform:WindowsBase.dll' and 'Platform:WindowsBase.dll'. Could not determine winner due to equal file and assembly versions.
         Encountered conflict between 'Platform:WindowsFormsIntegration.dll' and 'Platform:WindowsFormsIntegration.dll'. Could not determine winner due to equal file and assembly versions.
       Done executing task "ResolvePackageFileConflicts".
   1:7>Done building target "_HandlePackageFileConflicts" in project "CosmoWhisper.csproj".
       Target "ResolveTargetingPackAssets" skipped. Previously built successfully.
   1:7>Target "ResolveAssemblyReferences" in file "C:\Program Files\dotnet\sdk\8.0.417\Microsoft.Common.CurrentVersion.targets" from project "C:\Users\louis\OneDrive\Documents\GitHub\CosmoWhisper-Native\CosmoWhisper-Windows\CosmoWhisper\CosmoWhisper.csproj" (target "ResolveReferences" depends on it):
       Using "ResolveAssemblyReference" task from assembly "Microsoft.Build.Tasks.Core, Version=15.1.0.0, Culture=neutral, PublicKeyToken=b03f5f7f11d50a3a".
       Task "ResolveAssemblyReference"
         TargetFrameworkMoniker:
             .NETCoreApp,Version=v8.0
         TargetFrameworkMonikerDisplayName:
             .NET 8.0
         TargetedRuntimeVersion:
             
         Assemblies:
             C:\Users\louis\.nuget\packages\naudio\2.2.1\lib\net6.0-windows7.0\NAudio.dll
                 Private = 'false'
                 HintPath = 'C:\Users\louis\.nuget\packages\naudio\2.2.1\lib\net6.0-windows7.0\NAudio.dll'
             C:\Users\louis\.nuget\packages\naudio.asio\2.2.1\lib\netstandard2.0\NAudio.Asio.dll
                 Private = 'false'
                 HintPath = 'C:\Users\louis\.nuget\packages\naudio.asio\2.2.1\lib\netstandard2.0\NAudio.Asio.dll'
             C:\Users\louis\.nuget\packages\naudio.core\2.2.1\lib\netstandard2.0\NAudio.Core.dll
                 Private = 'false'
                 HintPath = 'C:\Users\louis\.nuget\packages\naudio.core\2.2.1\lib\netstandard2.0\NAudio.Core.dll'
             C:\Users\louis\.nuget\packages\naudio.midi\2.2.1\lib\netstandard2.0\NAudio.Midi.dll
                 Private = 'false'
                 HintPath = 'C:\Users\louis\.nuget\packages\naudio.midi\2.2.1\lib\netstandard2.0\NAudio.Midi.dll'
             C:\Users\louis\.nuget\packages\naudio.wasapi\2.2.1\lib\netstandard2.0\NAudio.Wasapi.dll
                 Private = 'false'
                 HintPath = 'C:\Users\louis\.nuget\packages\naudio.wasapi\2.2.1\lib\netstandard2.0\NAudio.Wasapi.dll'
             C:\Users\louis\.nuget\packages\naudio.winforms\2.2.1\lib\netcoreapp3.1\NAudio.WinForms.dll
                 Private = 'false'
                 HintPath = 'C:\Users\louis\.nuget\packages\naudio.winforms\2.2.1\lib\netcoreapp3.1\NAudio.WinForms.dll'
             C:\Users\louis\.nuget\packages\naudio.winmm\2.2.1\lib\netstandard2.0\NAudio.WinMM.dll
                 Private = 'false'
                 HintPath = 'C:\Users\louis\.nuget\packages\naudio.winmm\2.2.1\lib\netstandard2.0\NAudio.WinMM.dll'
             C:\Program Files\dotnet\packs\Microsoft.NETCore.App.Ref\8.0.23\ref/net8.0/Microsoft.CSharp.dll
                 Private = 'false'
             C:\Program Files\dotnet\packs\Microsoft.NETCore.App.Ref\8.0.23\ref/net8.0/Microsoft.VisualBasic.Core.dll
                 Private = 'false'
             C:\Program Files\dotnet\packs\Microsoft.NETCore.App.Ref\8.0.23\ref/net8.0/Microsoft.Win32.Primitives.dll
                 Private = 'false'
             C:\Program Files\dotnet\packs\Microsoft.NETCore.App.Ref\8.0.23\ref/net8.0/Microsoft.Win32.Registry.dll
                 Private = 'false'
             C:\Program Files\dotnet\packs\Microsoft.NETCore.App.Ref\8.0.23\ref/net8.0/System.AppContext.dll
                 Private = 'false'
             C:\Program Files\dotnet\packs\Microsoft.NETCore.App.Ref\8.0.23\ref/net8.0/System.Buffers.dll
                 Private = 'false'
             C:\Program Files\dotnet\packs\Microsoft.NETCore.App.Ref\8.0.23\ref/net8.0/System.Collections.Concurrent.dll
                 Private = 'false'
             C:\Program Files\dotnet\packs\Microsoft.NETCore.App.Ref\8.0.23\ref/net8.0/System.Collections.Immutable.dll
                 Private = 'false'
             C:\Program Files\dotnet\packs\Microsoft.NETCore.App.Ref\8.0.23\ref/net8.0/System.Collections.NonGeneric.dll
                 Private = 'false'
             C:\Program Files\dotnet\packs\Microsoft.NETCore.App.Ref\8.0.23\ref/net8.0/System.Collections.Specialized.dll
                 Private = 'false'
             C:\Program Files\dotnet\packs\Microsoft.NETCore.App.Ref\8.0.23\ref/net8.0/System.Collections.dll
                 Private = 'false'
             C:\Program Files\dotnet\packs\Microsoft.NETCore.App.Ref\8.0.23\ref/net8.0/System.ComponentModel.Annotations.dll
                 Private = 'false'
             C:\Program Files\dotnet\packs\Microsoft.NETCore.App.Ref\8.0.23\ref/net8.0/System.ComponentModel.DataAnnotations.dll
                 Private = 'false'
             C:\Program Files\dotnet\packs\Microsoft.NETCore.App.Ref\8.0.23\ref/net8.0/System.ComponentModel.EventBasedAsync.dll
                 Private = 'false'
             C:\Program Files\dotnet\packs\Microsoft.NETCore.App.Ref\8.0.23\ref/net8.0/System.ComponentModel.Primitives.dll
                 Private = 'false'
             C:\Program Files\dotnet\packs\Microsoft.NETCore.App.Ref\8.0.23\ref/net8.0/System.ComponentModel.TypeConverter.dll
                 Private = 'false'
             C:\Program Files\dotnet\packs\Microsoft.NETCore.App.Ref\8.0.23\ref/net8.0/System.ComponentModel.dll
                 Private = 'false'
             C:\Program Files\dotnet\packs\Microsoft.NETCore.App.Ref\8.0.23\ref/net8.0/System.Configuration.dll
                 Private = 'false'
             C:\Program Files\dotnet\packs\Microsoft.NETCore.App.Ref\8.0.23\ref/net8.0/System.Console.dll
                 Private = 'false'
             C:\Program Files\dotnet\packs\Microsoft.NETCore.App.Ref\8.0.23\ref/net8.0/System.Core.dll
                 Private = 'false'
             C:\Program Files\dotnet\packs\Microsoft.NETCore.App.Ref\8.0.23\ref/net8.0/System.Data.Common.dll
                 Private = 'false'
             C:\Program Files\dotnet\packs\Microsoft.NETCore.App.Ref\8.0.23\ref/net8.0/System.Data.DataSetExtensions.dll
                 Private = 'false'
             C:\Program Files\dotnet\packs\Microsoft.NETCore.App.Ref\8.0.23\ref/net8.0/System.Data.dll
                 Private = 'false'
             C:\Program Files\dotnet\packs\Microsoft.NETCore.App.Ref\8.0.23\ref/net8.0/System.Diagnostics.Contracts.dll
                 Private = 'false'
             C:\Program Files\dotnet\packs\Microsoft.NETCore.App.Ref\8.0.23\ref/net8.0/System.Diagnostics.Debug.dll
                 Private = 'false'
             C:\Program Files\dotnet\packs\Microsoft.NETCore.App.Ref\8.0.23\ref/net8.0/System.Diagnostics.DiagnosticSource.dll
                 Private = 'false'
             C:\Program Files\dotnet\packs\Microsoft.NETCore.App.Ref\8.0.23\ref/net8.0/System.Diagnostics.FileVersionInfo.dll
                 Private = 'false'
             C:\Program Files\dotnet\packs\Microsoft.NETCore.App.Ref\8.0.23\ref/net8.0/System.Diagnostics.Process.dll
                 Private = 'false'
             C:\Program Files\dotnet\packs\Microsoft.NETCore.App.Ref\8.0.23\ref/net8.0/System.Diagnostics.StackTrace.dll
                 Private = 'false'
             C:\Program Files\dotnet\packs\Microsoft.NETCore.App.Ref\8.0.23\ref/net8.0/System.Diagnostics.TextWriterTraceListener.dll
                 Private = 'false'
             C:\Program Files\dotnet\packs\Microsoft.NETCore.App.Ref\8.0.23\ref/net8.0/System.Diagnostics.Tools.dll
                 Private = 'false'
             C:\Program Files\dotnet\packs\Microsoft.NETCore.App.Ref\8.0.23\ref/net8.0/System.Diagnostics.TraceSource.dll
                 Private = 'false'
             C:\Program Files\dotnet\packs\Microsoft.NETCore.App.Ref\8.0.23\ref/net8.0/System.Diagnostics.Tracing.dll
                 Private = 'false'
             C:\Program Files\dotnet\packs\Microsoft.NETCore.App.Ref\8.0.23\ref/net8.0/System.Drawing.Primitives.dll
                 Private = 'false'
             C:\Program Files\dotnet\packs\Microsoft.NETCore.App.Ref\8.0.23\ref/net8.0/System.Dynamic.Runtime.dll
                 Private = 'false'
             C:\Program Files\dotnet\packs\Microsoft.NETCore.App.Ref\8.0.23\ref/net8.0/System.Formats.Asn1.dll
                 Private = 'false'
             C:\Program Files\dotnet\packs\Microsoft.NETCore.App.Ref\8.0.23\ref/net8.0/System.Formats.Tar.dll
                 Private = 'false'
             C:\Program Files\dotnet\packs\Microsoft.NETCore.App.Ref\8.0.23\ref/net8.0/System.Globalization.Calendars.dll
                 Private = 'false'
             C:\Program Files\dotnet\packs\Microsoft.NETCore.App.Ref\8.0.23\ref/net8.0/System.Globalization.Extensions.dll
                 Private = 'false'
             C:\Program Files\dotnet\packs\Microsoft.NETCore.App.Ref\8.0.23\ref/net8.0/System.Globalization.dll
                 Private = 'false'
             C:\Program Files\dotnet\packs\Microsoft.NETCore.App.Ref\8.0.23\ref/net8.0/System.IO.Compression.Brotli.dll
                 Private = 'false'
             C:\Program Files\dotnet\packs\Microsoft.NETCore.App.Ref\8.0.23\ref/net8.0/System.IO.Compression.FileSystem.dll
                 Private = 'false'
             C:\Program Files\dotnet\packs\Microsoft.NETCore.App.Ref\8.0.23\ref/net8.0/System.IO.Compression.ZipFile.dll
                 Private = 'false'
             C:\Program Files\dotnet\packs\Microsoft.NETCore.App.Ref\8.0.23\ref/net8.0/System.IO.Compression.dll
                 Private = 'false'
             C:\Program Files\dotnet\packs\Microsoft.NETCore.App.Ref\8.0.23\ref/net8.0/System.IO.FileSystem.AccessControl.dll
                 Private = 'false'
             C:\Program Files\dotnet\packs\Microsoft.NETCore.App.Ref\8.0.23\ref/net8.0/System.IO.FileSystem.DriveInfo.dll
                 Private = 'false'
             C:\Program Files\dotnet\packs\Microsoft.NETCore.App.Ref\8.0.23\ref/net8.0/System.IO.FileSystem.Primitives.dll
                 Private = 'false'
             C:\Program Files\dotnet\packs\Microsoft.NETCore.App.Ref\8.0.23\ref/net8.0/System.IO.FileSystem.Watcher.dll
                 Private = 'false'
             C:\Program Files\dotnet\packs\Microsoft.NETCore.App.Ref\8.0.23\ref/net8.0/System.IO.FileSystem.dll
                 Private = 'false'
             C:\Program Files\dotnet\packs\Microsoft.NETCore.App.Ref\8.0.23\ref/net8.0/System.IO.IsolatedStorage.dll
                 Private = 'false'
             C:\Program Files\dotnet\packs\Microsoft.NETCore.App.Ref\8.0.23\ref/net8.0/System.IO.MemoryMappedFiles.dll
                 Private = 'false'
             C:\Program Files\dotnet\packs\Microsoft.NETCore.App.Ref\8.0.23\ref/net8.0/System.IO.Pipes.AccessControl.dll
                 Private = 'false'
             C:\Program Files\dotnet\packs\Microsoft.NETCore.App.Ref\8.0.23\ref/net8.0/System.IO.Pipes.dll
                 Private = 'false'
             C:\Program Files\dotnet\packs\Microsoft.NETCore.App.Ref\8.0.23\ref/net8.0/System.IO.UnmanagedMemoryStream.dll
                 Private = 'false'
             C:\Program Files\dotnet\packs\Microsoft.NETCore.App.Ref\8.0.23\ref/net8.0/System.IO.dll
                 Private = 'false'
             C:\Program Files\dotnet\packs\Microsoft.NETCore.App.Ref\8.0.23\ref/net8.0/System.Linq.Expressions.dll
                 Private = 'false'
             C:\Program Files\dotnet\packs\Microsoft.NETCore.App.Ref\8.0.23\ref/net8.0/System.Linq.Parallel.dll
                 Private = 'false'
             C:\Program Files\dotnet\packs\Microsoft.NETCore.App.Ref\8.0.23\ref/net8.0/System.Linq.Queryable.dll
                 Private = 'false'
             C:\Program Files\dotnet\packs\Microsoft.NETCore.App.Ref\8.0.23\ref/net8.0/System.Linq.dll
                 Private = 'false'
             C:\Program Files\dotnet\packs\Microsoft.NETCore.App.Ref\8.0.23\ref/net8.0/System.Memory.dll
                 Private = 'false'
             C:\Program Files\dotnet\packs\Microsoft.NETCore.App.Ref\8.0.23\ref/net8.0/System.Net.Http.Json.dll
                 Private = 'false'
             C:\Program Files\dotnet\packs\Microsoft.NETCore.App.Ref\8.0.23\ref/net8.0/System.Net.Http.dll
                 Private = 'false'
             C:\Program Files\dotnet\packs\Microsoft.NETCore.App.Ref\8.0.23\ref/net8.0/System.Net.HttpListener.dll
                 Private = 'false'
             C:\Program Files\dotnet\packs\Microsoft.NETCore.App.Ref\8.0.23\ref/net8.0/System.Net.Mail.dll
                 Private = 'false'
             C:\Program Files\dotnet\packs\Microsoft.NETCore.App.Ref\8.0.23\ref/net8.0/System.Net.NameResolution.dll
                 Private = 'false'
             C:\Program Files\dotnet\packs\Microsoft.NETCore.App.Ref\8.0.23\ref/net8.0/System.Net.NetworkInformation.dll
                 Private = 'false'
             C:\Program Files\dotnet\packs\Microsoft.NETCore.App.Ref\8.0.23\ref/net8.0/System.Net.Ping.dll
                 Private = 'false'
             C:\Program Files\dotnet\packs\Microsoft.NETCore.App.Ref\8.0.23\ref/net8.0/System.Net.Primitives.dll
                 Private = 'false'
             C:\Program Files\dotnet\packs\Microsoft.NETCore.App.Ref\8.0.23\ref/net8.0/System.Net.Quic.dll
                 Private = 'false'
             C:\Program Files\dotnet\packs\Microsoft.NETCore.App.Ref\8.0.23\ref/net8.0/System.Net.Requests.dll
                 Private = 'false'
             C:\Program Files\dotnet\packs\Microsoft.NETCore.App.Ref\8.0.23\ref/net8.0/System.Net.Security.dll
                 Private = 'false'
             C:\Program Files\dotnet\packs\Microsoft.NETCore.App.Ref\8.0.23\ref/net8.0/System.Net.ServicePoint.dll
                 Private = 'false'
             C:\Program Files\dotnet\packs\Microsoft.NETCore.App.Ref\8.0.23\ref/net8.0/System.Net.Sockets.dll
                 Private = 'false'
             C:\Program Files\dotnet\packs\Microsoft.NETCore.App.Ref\8.0.23\ref/net8.0/System.Net.WebClient.dll
                 Private = 'false'
             C:\Program Files\dotnet\packs\Microsoft.NETCore.App.Ref\8.0.23\ref/net8.0/System.Net.WebHeaderCollection.dll
                 Private = 'false'
             C:\Program Files\dotnet\packs\Microsoft.NETCore.App.Ref\8.0.23\ref/net8.0/System.Net.WebProxy.dll
                 Private = 'false'
             C:\Program Files\dotnet\packs\Microsoft.NETCore.App.Ref\8.0.23\ref/net8.0/System.Net.WebSockets.Client.dll
                 Private = 'false'
             C:\Program Files\dotnet\packs\Microsoft.NETCore.App.Ref\8.0.23\ref/net8.0/System.Net.WebSockets.dll
                 Private = 'false'
             C:\Program Files\dotnet\packs\Microsoft.NETCore.App.Ref\8.0.23\ref/net8.0/System.Net.dll
                 Private = 'false'
             C:\Program Files\dotnet\packs\Microsoft.NETCore.App.Ref\8.0.23\ref/net8.0/System.Numerics.Vectors.dll
                 Private = 'false'
             C:\Program Files\dotnet\packs\Microsoft.NETCore.App.Ref\8.0.23\ref/net8.0/System.Numerics.dll
                 Private = 'false'
             C:\Program Files\dotnet\packs\Microsoft.NETCore.App.Ref\8.0.23\ref/net8.0/System.ObjectModel.dll
                 Private = 'false'
             C:\Program Files\dotnet\packs\Microsoft.NETCore.App.Ref\8.0.23\ref/net8.0/System.Reflection.DispatchProxy.dll
                 Private = 'false'
             C:\Program Files\dotnet\packs\Microsoft.NETCore.App.Ref\8.0.23\ref/net8.0/System.Reflection.Emit.ILGeneration.dll
                 Private = 'false'
             C:\Program Files\dotnet\packs\Microsoft.NETCore.App.Ref\8.0.23\ref/net8.0/System.Reflection.Emit.Lightweight.dll
                 Private = 'false'
             C:\Program Files\dotnet\packs\Microsoft.NETCore.App.Ref\8.0.23\ref/net8.0/System.Reflection.Emit.dll
                 Private = 'false'
             C:\Program Files\dotnet\packs\Microsoft.NETCore.App.Ref\8.0.23\ref/net8.0/System.Reflection.Extensions.dll
                 Private = 'false'
             C:\Program Files\dotnet\packs\Microsoft.NETCore.App.Ref\8.0.23\ref/net8.0/System.Reflection.Metadata.dll
                 Private = 'false'
             C:\Program Files\dotnet\packs\Microsoft.NETCore.App.Ref\8.0.23\ref/net8.0/System.Reflection.Primitives.dll
                 Private = 'false'
             C:\Program Files\dotnet\packs\Microsoft.NETCore.App.Ref\8.0.23\ref/net8.0/System.Reflection.TypeExtensions.dll
                 Private = 'false'
             C:\Program Files\dotnet\packs\Microsoft.NETCore.App.Ref\8.0.23\ref/net8.0/System.Reflection.dll
                 Private = 'false'
             C:\Program Files\dotnet\packs\Microsoft.NETCore.App.Ref\8.0.23\ref/net8.0/System.Resources.Reader.dll
                 Private = 'false'
             C:\Program Files\dotnet\packs\Microsoft.NETCore.App.Ref\8.0.23\ref/net8.0/System.Resources.ResourceManager.dll
                 Private = 'false'
             C:\Program Files\dotnet\packs\Microsoft.NETCore.App.Ref\8.0.23\ref/net8.0/System.Resources.Writer.dll
                 Private = 'false'
             C:\Program Files\dotnet\packs\Microsoft.NETCore.App.Ref\8.0.23\ref/net8.0/System.Runtime.CompilerServices.Unsafe.dll
                 Private = 'false'
             C:\Program Files\dotnet\packs\Microsoft.NETCore.App.Ref\8.0.23\ref/net8.0/System.Runtime.CompilerServices.VisualC.dll
                 Private = 'false'
             C:\Program Files\dotnet\packs\Microsoft.NETCore.App.Ref\8.0.23\ref/net8.0/System.Runtime.Extensions.dll
                 Private = 'false'
             C:\Program Files\dotnet\packs\Microsoft.NETCore.App.Ref\8.0.23\ref/net8.0/System.Runtime.Handles.dll
                 Private = 'false'
             C:\Program Files\dotnet\packs\Microsoft.NETCore.App.Ref\8.0.23\ref/net8.0/System.Runtime.InteropServices.JavaScript.dll
                 Private = 'false'
             C:\Program Files\dotnet\packs\Microsoft.NETCore.App.Ref\8.0.23\ref/net8.0/System.Runtime.InteropServices.RuntimeInformation.dll
                 Private = 'false'
             C:\Program Files\dotnet\packs\Microsoft.NETCore.App.Ref\8.0.23\ref/net8.0/System.Runtime.InteropServices.dll
                 Private = 'false'
             C:\Program Files\dotnet\packs\Microsoft.NETCore.App.Ref\8.0.23\ref/net8.0/System.Runtime.Intrinsics.dll
                 Private = 'false'
             C:\Program Files\dotnet\packs\Microsoft.NETCore.App.Ref\8.0.23\ref/net8.0/System.Runtime.Loader.dll
                 Private = 'false'
             C:\Program Files\dotnet\packs\Microsoft.NETCore.App.Ref\8.0.23\ref/net8.0/System.Runtime.Numerics.dll
                 Private = 'false'
             C:\Program Files\dotnet\packs\Microsoft.NETCore.App.Ref\8.0.23\ref/net8.0/System.Runtime.Serialization.Formatters.dll
                 Private = 'false'
             C:\Program Files\dotnet\packs\Microsoft.NETCore.App.Ref\8.0.23\ref/net8.0/System.Runtime.Serialization.Json.dll
                 Private = 'false'
             C:\Program Files\dotnet\packs\Microsoft.NETCore.App.Ref\8.0.23\ref/net8.0/System.Runtime.Serialization.Primitives.dll
                 Private = 'false'
             C:\Program Files\dotnet\packs\Microsoft.NETCore.App.Ref\8.0.23\ref/net8.0/System.Runtime.Serialization.Xml.dll
                 Private = 'false'
             C:\Program Files\dotnet\packs\Microsoft.NETCore.App.Ref\8.0.23\ref/net8.0/System.Runtime.Serialization.dll
                 Private = 'false'
             C:\Program Files\dotnet\packs\Microsoft.NETCore.App.Ref\8.0.23\ref/net8.0/System.Runtime.dll
                 Private = 'false'
             C:\Program Files\dotnet\packs\Microsoft.NETCore.App.Ref\8.0.23\ref/net8.0/System.Security.AccessControl.dll
                 Private = 'false'
             C:\Program Files\dotnet\packs\Microsoft.NETCore.App.Ref\8.0.23\ref/net8.0/System.Security.Claims.dll
                 Private = 'false'
             C:\Program Files\dotnet\packs\Microsoft.NETCore.App.Ref\8.0.23\ref/net8.0/System.Security.Cryptography.Algorithms.dll
                 Private = 'false'
             C:\Program Files\dotnet\packs\Microsoft.NETCore.App.Ref\8.0.23\ref/net8.0/System.Security.Cryptography.Cng.dll
                 Private = 'false'
             C:\Program Files\dotnet\packs\Microsoft.NETCore.App.Ref\8.0.23\ref/net8.0/System.Security.Cryptography.Csp.dll
                 Private = 'false'
             C:\Program Files\dotnet\packs\Microsoft.NETCore.App.Ref\8.0.23\ref/net8.0/System.Security.Cryptography.Encoding.dll
                 Private = 'false'
             C:\Program Files\dotnet\packs\Microsoft.NETCore.App.Ref\8.0.23\ref/net8.0/System.Security.Cryptography.OpenSsl.dll
                 Private = 'false'
             C:\Program Files\dotnet\packs\Microsoft.NETCore.App.Ref\8.0.23\ref/net8.0/System.Security.Cryptography.Primitives.dll
                 Private = 'false'
             C:\Program Files\dotnet\packs\Microsoft.NETCore.App.Ref\8.0.23\ref/net8.0/System.Security.Cryptography.X509Certificates.dll
                 Private = 'false'
             C:\Program Files\dotnet\packs\Microsoft.NETCore.App.Ref\8.0.23\ref/net8.0/System.Security.Cryptography.dll
                 Private = 'false'
             C:\Program Files\dotnet\packs\Microsoft.NETCore.App.Ref\8.0.23\ref/net8.0/System.Security.Principal.Windows.dll
                 Private = 'false'
             C:\Program Files\dotnet\packs\Microsoft.NETCore.App.Ref\8.0.23\ref/net8.0/System.Security.Principal.dll
                 Private = 'false'
             C:\Program Files\dotnet\packs\Microsoft.NETCore.App.Ref\8.0.23\ref/net8.0/System.Security.SecureString.dll
                 Private = 'false'
             C:\Program Files\dotnet\packs\Microsoft.NETCore.App.Ref\8.0.23\ref/net8.0/System.Security.dll
                 Private = 'false'
             C:\Program Files\dotnet\packs\Microsoft.NETCore.App.Ref\8.0.23\ref/net8.0/System.ServiceModel.Web.dll
                 Private = 'false'
             C:\Program Files\dotnet\packs\Microsoft.NETCore.App.Ref\8.0.23\ref/net8.0/System.ServiceProcess.dll
                 Private = 'false'
             C:\Program Files\dotnet\packs\Microsoft.NETCore.App.Ref\8.0.23\ref/net8.0/System.Text.Encoding.CodePages.dll
                 Private = 'false'
             C:\Program Files\dotnet\packs\Microsoft.NETCore.App.Ref\8.0.23\ref/net8.0/System.Text.Encoding.Extensions.dll
                 Private = 'false'
             C:\Program Files\dotnet\packs\Microsoft.NETCore.App.Ref\8.0.23\ref/net8.0/System.Text.Encoding.dll
                 Private = 'false'
             C:\Program Files\dotnet\packs\Microsoft.NETCore.App.Ref\8.0.23\ref/net8.0/System.Text.Encodings.Web.dll
                 Private = 'false'
             C:\Program Files\dotnet\packs\Microsoft.NETCore.App.Ref\8.0.23\ref/net8.0/System.Text.Json.dll
                 Private = 'false'
             C:\Program Files\dotnet\packs\Microsoft.NETCore.App.Ref\8.0.23\ref/net8.0/System.Text.RegularExpressions.dll
                 Private = 'false'
             C:\Program Files\dotnet\packs\Microsoft.NETCore.App.Ref\8.0.23\ref/net8.0/System.Threading.Channels.dll
                 Private = 'false'
             C:\Program Files\dotnet\packs\Microsoft.NETCore.App.Ref\8.0.23\ref/net8.0/System.Threading.Overlapped.dll
                 Private = 'false'
             C:\Program Files\dotnet\packs\Microsoft.NETCore.App.Ref\8.0.23\ref/net8.0/System.Threading.Tasks.Dataflow.dll
                 Private = 'false'
             C:\Program Files\dotnet\packs\Microsoft.NETCore.App.Ref\8.0.23\ref/net8.0/System.Threading.Tasks.Extensions.dll
                 Private = 'false'
             C:\Program Files\dotnet\packs\Microsoft.NETCore.App.Ref\8.0.23\ref/net8.0/System.Threading.Tasks.Parallel.dll
                 Private = 'false'
             C:\Program Files\dotnet\packs\Microsoft.NETCore.App.Ref\8.0.23\ref/net8.0/System.Threading.Tasks.dll
                 Private = 'false'
             C:\Program Files\dotnet\packs\Microsoft.NETCore.App.Ref\8.0.23\ref/net8.0/System.Threading.Thread.dll
                 Private = 'false'
             C:\Program Files\dotnet\packs\Microsoft.NETCore.App.Ref\8.0.23\ref/net8.0/System.Threading.ThreadPool.dll
                 Private = 'false'
             C:\Program Files\dotnet\packs\Microsoft.NETCore.App.Ref\8.0.23\ref/net8.0/System.Threading.Timer.dll
                 Private = 'false'
             C:\Program Files\dotnet\packs\Microsoft.NETCore.App.Ref\8.0.23\ref/net8.0/System.Threading.dll
                 Private = 'false'
             C:\Program Files\dotnet\packs\Microsoft.NETCore.App.Ref\8.0.23\ref/net8.0/System.Transactions.Local.dll
                 Private = 'false'
             C:\Program Files\dotnet\packs\Microsoft.NETCore.App.Ref\8.0.23\ref/net8.0/System.Transactions.dll
                 Private = 'false'
             C:\Program Files\dotnet\packs\Microsoft.NETCore.App.Ref\8.0.23\ref/net8.0/System.ValueTuple.dll
                 Private = 'false'
             C:\Program Files\dotnet\packs\Microsoft.NETCore.App.Ref\8.0.23\ref/net8.0/System.Web.HttpUtility.dll
                 Private = 'false'
             C:\Program Files\dotnet\packs\Microsoft.NETCore.App.Ref\8.0.23\ref/net8.0/System.Web.dll
                 Private = 'false'
             C:\Program Files\dotnet\packs\Microsoft.NETCore.App.Ref\8.0.23\ref/net8.0/System.Windows.dll
                 Private = 'false'
             C:\Program Files\dotnet\packs\Microsoft.NETCore.App.Ref\8.0.23\ref/net8.0/System.Xml.Linq.dll
                 Private = 'false'
             C:\Program Files\dotnet\packs\Microsoft.NETCore.App.Ref\8.0.23\ref/net8.0/System.Xml.ReaderWriter.dll
                 Private = 'false'
             C:\Program Files\dotnet\packs\Microsoft.NETCore.App.Ref\8.0.23\ref/net8.0/System.Xml.Serialization.dll
                 Private = 'false'
             C:\Program Files\dotnet\packs\Microsoft.NETCore.App.Ref\8.0.23\ref/net8.0/System.Xml.XDocument.dll
                 Private = 'false'
             C:\Program Files\dotnet\packs\Microsoft.NETCore.App.Ref\8.0.23\ref/net8.0/System.Xml.XPath.XDocument.dll
                 Private = 'false'
             C:\Program Files\dotnet\packs\Microsoft.NETCore.App.Ref\8.0.23\ref/net8.0/System.Xml.XPath.dll
                 Private = 'false'
             C:\Program Files\dotnet\packs\Microsoft.NETCore.App.Ref\8.0.23\ref/net8.0/System.Xml.XmlDocument.dll
                 Private = 'false'
             C:\Program Files\dotnet\packs\Microsoft.NETCore.App.Ref\8.0.23\ref/net8.0/System.Xml.XmlSerializer.dll
                 Private = 'false'
             C:\Program Files\dotnet\packs\Microsoft.NETCore.App.Ref\8.0.23\ref/net8.0/System.Xml.dll
                 Private = 'false'
             C:\Program Files\dotnet\packs\Microsoft.NETCore.App.Ref\8.0.23\ref/net8.0/System.dll
                 Private = 'false'
             C:\Program Files\dotnet\packs\Microsoft.NETCore.App.Ref\8.0.23\ref/net8.0/mscorlib.dll
                 Private = 'false'
             C:\Program Files\dotnet\packs\Microsoft.NETCore.App.Ref\8.0.23\ref/net8.0/netstandard.dll
                 Private = 'false'
             C:\Program Files\dotnet\packs\Microsoft.WindowsDesktop.App.Ref\8.0.23\ref/net8.0/Accessibility.dll
                 Private = 'false'
             C:\Program Files\dotnet\packs\Microsoft.WindowsDesktop.App.Ref\8.0.23\ref/net8.0/Microsoft.VisualBasic.Forms.dll
                 Private = 'false'
             C:\Program Files\dotnet\packs\Microsoft.WindowsDesktop.App.Ref\8.0.23\ref/net8.0/Microsoft.VisualBasic.dll
                 Private = 'false'
             C:\Program Files\dotnet\packs\Microsoft.WindowsDesktop.App.Ref\8.0.23\ref/net8.0/Microsoft.Win32.Registry.AccessControl.dll
                 Private = 'false'
             C:\Program Files\dotnet\packs\Microsoft.WindowsDesktop.App.Ref\8.0.23\ref/net8.0/Microsoft.Win32.SystemEvents.dll
                 Private = 'false'
             C:\Program Files\dotnet\packs\Microsoft.WindowsDesktop.App.Ref\8.0.23\ref/net8.0/PresentationCore.dll
                 Private = 'false'
             C:\Program Files\dotnet\packs\Microsoft.WindowsDesktop.App.Ref\8.0.23\ref/net8.0/PresentationFramework.Aero.dll
                 Private = 'false'
             C:\Program Files\dotnet\packs\Microsoft.WindowsDesktop.App.Ref\8.0.23\ref/net8.0/PresentationFramework.Aero2.dll
                 Private = 'false'
             C:\Program Files\dotnet\packs\Microsoft.WindowsDesktop.App.Ref\8.0.23\ref/net8.0/PresentationFramework.AeroLite.dll
                 Private = 'false'
             C:\Program Files\dotnet\packs\Microsoft.WindowsDesktop.App.Ref\8.0.23\ref/net8.0/PresentationFramework.Classic.dll
                 Private = 'false'
             C:\Program Files\dotnet\packs\Microsoft.WindowsDesktop.App.Ref\8.0.23\ref/net8.0/PresentationFramework.Luna.dll
                 Private = 'false'
             C:\Program Files\dotnet\packs\Microsoft.WindowsDesktop.App.Ref\8.0.23\ref/net8.0/PresentationFramework.Royale.dll
                 Private = 'false'
             C:\Program Files\dotnet\packs\Microsoft.WindowsDesktop.App.Ref\8.0.23\ref/net8.0/PresentationFramework.dll
                 Private = 'false'
             C:\Program Files\dotnet\packs\Microsoft.WindowsDesktop.App.Ref\8.0.23\ref/net8.0/PresentationUI.dll
                 Private = 'false'
             C:\Program Files\dotnet\packs\Microsoft.WindowsDesktop.App.Ref\8.0.23\ref/net8.0/ReachFramework.dll
                 Private = 'false'
             C:\Program Files\dotnet\packs\Microsoft.WindowsDesktop.App.Ref\8.0.23\ref/net8.0/System.CodeDom.dll
                 Private = 'false'
             C:\Program Files\dotnet\packs\Microsoft.WindowsDesktop.App.Ref\8.0.23\ref/net8.0/System.Configuration.ConfigurationManager.dll
                 Private = 'false'
             C:\Program Files\dotnet\packs\Microsoft.WindowsDesktop.App.Ref\8.0.23\ref/net8.0/System.Design.dll
                 Private = 'false'
             C:\Program Files\dotnet\packs\Microsoft.WindowsDesktop.App.Ref\8.0.23\ref/net8.0/System.Diagnostics.EventLog.dll
                 Private = 'false'
             C:\Program Files\dotnet\packs\Microsoft.WindowsDesktop.App.Ref\8.0.23\ref/net8.0/System.Diagnostics.PerformanceCounter.dll
                 Private = 'false'
             C:\Program Files\dotnet\packs\Microsoft.WindowsDesktop.App.Ref\8.0.23\ref/net8.0/System.DirectoryServices.dll
                 Private = 'false'
             C:\Program Files\dotnet\packs\Microsoft.WindowsDesktop.App.Ref\8.0.23\ref/net8.0/System.Drawing.Common.dll
                 Private = 'false'
             C:\Program Files\dotnet\packs\Microsoft.WindowsDesktop.App.Ref\8.0.23\ref/net8.0/System.Drawing.Design.dll
                 Private = 'false'
             C:\Program Files\dotnet\packs\Microsoft.WindowsDesktop.App.Ref\8.0.23\ref/net8.0/System.Drawing.dll
                 Private = 'false'
             C:\Program Files\dotnet\packs\Microsoft.WindowsDesktop.App.Ref\8.0.23\ref/net8.0/System.IO.Packaging.dll
                 Private = 'false'
             C:\Program Files\dotnet\packs\Microsoft.WindowsDesktop.App.Ref\8.0.23\ref/net8.0/System.Printing.dll
                 Private = 'false'
             C:\Program Files\dotnet\packs\Microsoft.WindowsDesktop.App.Ref\8.0.23\ref/net8.0/System.Resources.Extensions.dll
                 Private = 'false'
             C:\Program Files\dotnet\packs\Microsoft.WindowsDesktop.App.Ref\8.0.23\ref/net8.0/System.Security.Cryptography.Pkcs.dll
                 Private = 'false'
             C:\Program Files\dotnet\packs\Microsoft.WindowsDesktop.App.Ref\8.0.23\ref/net8.0/System.Security.Cryptography.ProtectedData.dll
                 Private = 'false'
             C:\Program Files\dotnet\packs\Microsoft.WindowsDesktop.App.Ref\8.0.23\ref/net8.0/System.Security.Cryptography.Xml.dll
                 Private = 'false'
             C:\Program Files\dotnet\packs\Microsoft.WindowsDesktop.App.Ref\8.0.23\ref/net8.0/System.Security.Permissions.dll
                 Private = 'false'
             C:\Program Files\dotnet\packs\Microsoft.WindowsDesktop.App.Ref\8.0.23\ref/net8.0/System.Threading.AccessControl.dll
                 Private = 'false'
             C:\Program Files\dotnet\packs\Microsoft.WindowsDesktop.App.Ref\8.0.23\ref/net8.0/System.Windows.Controls.Ribbon.dll
                 Private = 'false'
             C:\Program Files\dotnet\packs\Microsoft.WindowsDesktop.App.Ref\8.0.23\ref/net8.0/System.Windows.Extensions.dll
                 Private = 'false'
             C:\Program Files\dotnet\packs\Microsoft.WindowsDesktop.App.Ref\8.0.23\ref/net8.0/System.Windows.Forms.Design.Editors.dll
                 Private = 'false'
             C:\Program Files\dotnet\packs\Microsoft.WindowsDesktop.App.Ref\8.0.23\ref/net8.0/System.Windows.Forms.Design.dll
                 Private = 'false'
             C:\Program Files\dotnet\packs\Microsoft.WindowsDesktop.App.Ref\8.0.23\ref/net8.0/System.Windows.Forms.Primitives.dll
                 Private = 'false'
             C:\Program Files\dotnet\packs\Microsoft.WindowsDesktop.App.Ref\8.0.23\ref/net8.0/System.Windows.Forms.dll
                 Private = 'false'
             C:\Program Files\dotnet\packs\Microsoft.WindowsDesktop.App.Ref\8.0.23\ref/net8.0/System.Windows.Input.Manipulations.dll
                 Private = 'false'
             C:\Program Files\dotnet\packs\Microsoft.WindowsDesktop.App.Ref\8.0.23\ref/net8.0/System.Windows.Presentation.dll
                 Private = 'false'
             C:\Program Files\dotnet\packs\Microsoft.WindowsDesktop.App.Ref\8.0.23\ref/net8.0/System.Xaml.dll
                 Private = 'false'
             C:\Program Files\dotnet\packs\Microsoft.WindowsDesktop.App.Ref\8.0.23\ref/net8.0/UIAutomationClient.dll
                 Private = 'false'
             C:\Program Files\dotnet\packs\Microsoft.WindowsDesktop.App.Ref\8.0.23\ref/net8.0/UIAutomationClientSideProviders.dll
                 Private = 'false'
             C:\Program Files\dotnet\packs\Microsoft.WindowsDesktop.App.Ref\8.0.23\ref/net8.0/UIAutomationProvider.dll
                 Private = 'false'
             C:\Program Files\dotnet\packs\Microsoft.WindowsDesktop.App.Ref\8.0.23\ref/net8.0/UIAutomationTypes.dll
                 Private = 'false'
             C:\Program Files\dotnet\packs\Microsoft.WindowsDesktop.App.Ref\8.0.23\ref/net8.0/WindowsBase.dll
                 Private = 'false'
             C:\Program Files\dotnet\packs\Microsoft.WindowsDesktop.App.Ref\8.0.23\ref/net8.0/WindowsFormsIntegration.dll
                 Private = 'false'
             C:\Users\louis\.nuget\packages\microsoft.windows.sdk.net.ref\10.0.19041.56\lib/net8.0/Microsoft.Windows.SDK.NET.dll
                 Private = 'false'
             C:\Users\louis\.nuget\packages\microsoft.windows.sdk.net.ref\10.0.19041.56\lib/net8.0/WinRT.Runtime.dll
                 Private = 'false'
         AssemblyFiles:
         CandidateAssemblyFiles:
         TargetFrameworkDirectories:
             
         InstalledAssemblyTables:
         IgnoreInstalledAssemblyTable:
             False
         SearchPaths:
             {CandidateAssemblyFiles}
             {HintPathFromItem}
             {TargetFrameworkDirectory}
             {RawFileName}
         AllowedAssemblyExtensions:
             .winmd
             .dll
             .exe
         AllowedRelatedFileExtensions:
             .pdb
             .xml
             .pri
             .dll.config
             .exe.config
         AppConfigFile:
             
         AutoUnify:
             True
         CopyLocalDependenciesWhenParentReferenceInGac:
             True
         FindDependencies:
             True
         TargetProcessorArchitecture:
             msil
         StateFile:
             obj\Debug\net8.0-windows10.0.19041.0\CosmoWhisper.csproj.AssemblyReference.cache
         InstalledAssemblySubsetTables:
         IgnoreInstalledAssemblySubsetTable:
             False
         TargetFrameworkSubsets:
         FullTargetFrameworkSubsetNames:
             Full
         ProfileName:
             
         FullFrameworkFolders:
         LatestTargetFrameworkDirectories:
         ProfileTablesLocation:
         Primary reference "NAudio, Version=2.2.1.0, Culture=neutral, PublicKeyToken=e279aa5131008a41".
             Resolved file path is "C:\Users\louis\.nuget\packages\naudio\2.2.1\lib\net6.0-windows7.0\NAudio.dll".
             Reference found at search path location "{HintPathFromItem}".
             This reference is not "CopyLocal" because at least one source item had "Private" set to "false" and no source items had "Private" set to "true".
         Primary reference "NAudio.Asio, Version=2.2.1.0, Culture=neutral, PublicKeyToken=e279aa5131008a41".
             Resolved file path is "C:\Users\louis\.nuget\packages\naudio.asio\2.2.1\lib\netstandard2.0\NAudio.Asio.dll".
             Reference found at search path location "{HintPathFromItem}".
             This reference is not "CopyLocal" because at least one source item had "Private" set to "false" and no source items had "Private" set to "true".
         Primary reference "NAudio.Core, Version=2.2.1.0, Culture=neutral, PublicKeyToken=e279aa5131008a41".
             Resolved file path is "C:\Users\louis\.nuget\packages\naudio.core\2.2.1\lib\netstandard2.0\NAudio.Core.dll".
             Reference found at search path location "{HintPathFromItem}".
             This reference is not "CopyLocal" because at least one source item had "Private" set to "false" and no source items had "Private" set to "true".
         Primary reference "NAudio.Midi, Version=2.2.1.0, Culture=neutral, PublicKeyToken=e279aa5131008a41".
             Resolved file path is "C:\Users\louis\.nuget\packages\naudio.midi\2.2.1\lib\netstandard2.0\NAudio.Midi.dll".
             Reference found at search path location "{HintPathFromItem}".
             This reference is not "CopyLocal" because at least one source item had "Private" set to "false" and no source items had "Private" set to "true".
         Primary reference "NAudio.Wasapi, Version=2.2.1.0, Culture=neutral, PublicKeyToken=e279aa5131008a41".
             Resolved file path is "C:\Users\louis\.nuget\packages\naudio.wasapi\2.2.1\lib\netstandard2.0\NAudio.Wasapi.dll".
             Reference found at search path location "{HintPathFromItem}".
             This reference is not "CopyLocal" because at least one source item had "Private" set to "false" and no source items had "Private" set to "true".
         Primary reference "NAudio.WinForms, Version=2.2.1.0, Culture=neutral, PublicKeyToken=e279aa5131008a41".
             Resolved file path is "C:\Users\louis\.nuget\packages\naudio.winforms\2.2.1\lib\netcoreapp3.1\NAudio.WinForms.dll".
             Reference found at search path location "{HintPathFromItem}".
             This reference is not "CopyLocal" because at least one source item had "Private" set to "false" and no source items had "Private" set to "true".
         Primary reference "NAudio.WinMM, Version=2.2.1.0, Culture=neutral, PublicKeyToken=e279aa5131008a41".
             Resolved file path is "C:\Users\louis\.nuget\packages\naudio.winmm\2.2.1\lib\netstandard2.0\NAudio.WinMM.dll".
             Reference found at search path location "{HintPathFromItem}".
             This reference is not "CopyLocal" because at least one source item had "Private" set to "false" and no source items had "Private" set to "true".
         Primary reference "Microsoft.CSharp, Version=8.0.0.0, Culture=neutral, PublicKeyToken=b03f5f7f11d50a3a".
             Resolved file path is "C:\Program Files\dotnet\packs\Microsoft.NETCore.App.Ref\8.0.23\ref\net8.0\Microsoft.CSharp.dll".
             Reference found at search path location "{RawFileName}".
             This reference is not "CopyLocal" because at least one source item had "Private" set to "false" and no source items had "Private" set to "true".
         Primary reference "Microsoft.VisualBasic.Core, Version=13.0.0.0, Culture=neutral, PublicKeyToken=b03f5f7f11d50a3a".
             Resolved file path is "C:\Program Files\dotnet\packs\Microsoft.NETCore.App.Ref\8.0.23\ref\net8.0\Microsoft.VisualBasic.Core.dll".
             Reference found at search path location "{RawFileName}".
             This reference is not "CopyLocal" because at least one source item had "Private" set to "false" and no source items had "Private" set to "true".
         Primary reference "Microsoft.Win32.Primitives, Version=8.0.0.0, Culture=neutral, PublicKeyToken=b03f5f7f11d50a3a".
             Resolved file path is "C:\Program Files\dotnet\packs\Microsoft.NETCore.App.Ref\8.0.23\ref\net8.0\Microsoft.Win32.Primitives.dll".
             Reference found at search path location "{RawFileName}".
             This reference is not "CopyLocal" because at least one source item had "Private" set to "false" and no source items had "Private" set to "true".
         Primary reference "Microsoft.Win32.Registry, Version=8.0.0.0, Culture=neutral, PublicKeyToken=b03f5f7f11d50a3a".
             Resolved file path is "C:\Program Files\dotnet\packs\Microsoft.NETCore.App.Ref\8.0.23\ref\net8.0\Microsoft.Win32.Registry.dll".
             Reference found at search path location "{RawFileName}".
             This reference is not "CopyLocal" because at least one source item had "Private" set to "false" and no source items had "Private" set to "true".
         Primary reference "System.AppContext, Version=8.0.0.0, Culture=neutral, PublicKeyToken=b03f5f7f11d50a3a".
             Resolved file path is "C:\Program Files\dotnet\packs\Microsoft.NETCore.App.Ref\8.0.23\ref\net8.0\System.AppContext.dll".
             Reference found at search path location "{RawFileName}".
             This reference is not "CopyLocal" because at least one source item had "Private" set to "false" and no source items had "Private" set to "true".
         Primary reference "System.Buffers, Version=8.0.0.0, Culture=neutral, PublicKeyToken=cc7b13ffcd2ddd51".
             Resolved file path is "C:\Program Files\dotnet\packs\Microsoft.NETCore.App.Ref\8.0.23\ref\net8.0\System.Buffers.dll".
             Reference found at search path location "{RawFileName}".
             This reference is not "CopyLocal" because at least one source item had "Private" set to "false" and no source items had "Private" set to "true".
         Primary reference "System.Collections.Concurrent, Version=8.0.0.0, Culture=neutral, PublicKeyToken=b03f5f7f11d50a3a".
             Resolved file path is "C:\Program Files\dotnet\packs\Microsoft.NETCore.App.Ref\8.0.23\ref\net8.0\System.Collections.Concurrent.dll".
             Reference found at search path location "{RawFileName}".
             This reference is not "CopyLocal" because at least one source item had "Private" set to "false" and no source items had "Private" set to "true".
         Primary reference "System.Collections.Immutable, Version=8.0.0.0, Culture=neutral, PublicKeyToken=b03f5f7f11d50a3a".
             Resolved file path is "C:\Program Files\dotnet\packs\Microsoft.NETCore.App.Ref\8.0.23\ref\net8.0\System.Collections.Immutable.dll".
             Reference found at search path location "{RawFileName}".
             This reference is not "CopyLocal" because at least one source item had "Private" set to "false" and no source items had "Private" set to "true".
         Primary reference "System.Collections.NonGeneric, Version=8.0.0.0, Culture=neutral, PublicKeyToken=b03f5f7f11d50a3a".
             Resolved file path is "C:\Program Files\dotnet\packs\Microsoft.NETCore.App.Ref\8.0.23\ref\net8.0\System.Collections.NonGeneric.dll".
             Reference found at search path location "{RawFileName}".
             This reference is not "CopyLocal" because at least one source item had "Private" set to "false" and no source items had "Private" set to "true".
         Primary reference "System.Collections.Specialized, Version=8.0.0.0, Culture=neutral, PublicKeyToken=b03f5f7f11d50a3a".
             Resolved file path is "C:\Program Files\dotnet\packs\Microsoft.NETCore.App.Ref\8.0.23\ref\net8.0\System.Collections.Specialized.dll".
             Reference found at search path location "{RawFileName}".
             This reference is not "CopyLocal" because at least one source item had "Private" set to "false" and no source items had "Private" set to "true".
         Primary reference "System.Collections, Version=8.0.0.0, Culture=neutral, PublicKeyToken=b03f5f7f11d50a3a".
             Resolved file path is "C:\Program Files\dotnet\packs\Microsoft.NETCore.App.Ref\8.0.23\ref\net8.0\System.Collections.dll".
             Reference found at search path location "{RawFileName}".
             This reference is not "CopyLocal" because at least one source item had "Private" set to "false" and no source items had "Private" set to "true".
         Primary reference "System.ComponentModel.Annotations, Version=8.0.0.0, Culture=neutral, PublicKeyToken=b03f5f7f11d50a3a".
             Resolved file path is "C:\Program Files\dotnet\packs\Microsoft.NETCore.App.Ref\8.0.23\ref\net8.0\System.ComponentModel.Annotations.dll".
             Reference found at search path location "{RawFileName}".
             This reference is not "CopyLocal" because at least one source item had "Private" set to "false" and no source items had "Private" set to "true".
         Primary reference "System.ComponentModel.DataAnnotations, Version=4.0.0.0, Culture=neutral, PublicKeyToken=31bf3856ad364e35".
             Resolved file path is "C:\Program Files\dotnet\packs\Microsoft.NETCore.App.Ref\8.0.23\ref\net8.0\System.ComponentModel.DataAnnotations.dll".
             Reference found at search path location "{RawFileName}".
             This reference is not "CopyLocal" because at least one source item had "Private" set to "false" and no source items had "Private" set to "true".
         Primary reference "System.ComponentModel.EventBasedAsync, Version=8.0.0.0, Culture=neutral, PublicKeyToken=b03f5f7f11d50a3a".
             Resolved file path is "C:\Program Files\dotnet\packs\Microsoft.NETCore.App.Ref\8.0.23\ref\net8.0\System.ComponentModel.EventBasedAsync.dll".
             Reference found at search path location "{RawFileName}".
             This reference is not "CopyLocal" because at least one source item had "Private" set to "false" and no source items had "Private" set to "true".
         Primary reference "System.ComponentModel.Primitives, Version=8.0.0.0, Culture=neutral, PublicKeyToken=b03f5f7f11d50a3a".
             Resolved file path is "C:\Program Files\dotnet\packs\Microsoft.NETCore.App.Ref\8.0.23\ref\net8.0\System.ComponentModel.Primitives.dll".
             Reference found at search path location "{RawFileName}".
             This reference is not "CopyLocal" because at least one source item had "Private" set to "false" and no source items had "Private" set to "true".
         Primary reference "System.ComponentModel.TypeConverter, Version=8.0.0.0, Culture=neutral, PublicKeyToken=b03f5f7f11d50a3a".
             Resolved file path is "C:\Program Files\dotnet\packs\Microsoft.NETCore.App.Ref\8.0.23\ref\net8.0\System.ComponentModel.TypeConverter.dll".
             Reference found at search path location "{RawFileName}".
             This reference is not "CopyLocal" because at least one source item had "Private" set to "false" and no source items had "Private" set to "true".
         Primary reference "System.ComponentModel, Version=8.0.0.0, Culture=neutral, PublicKeyToken=b03f5f7f11d50a3a".
             Resolved file path is "C:\Program Files\dotnet\packs\Microsoft.NETCore.App.Ref\8.0.23\ref\net8.0\System.ComponentModel.dll".
             Reference found at search path location "{RawFileName}".
             This reference is not "CopyLocal" because at least one source item had "Private" set to "false" and no source items had "Private" set to "true".
         Primary reference "System.Configuration, Version=4.0.0.0, Culture=neutral, PublicKeyToken=b03f5f7f11d50a3a".
             Resolved file path is "C:\Program Files\dotnet\packs\Microsoft.NETCore.App.Ref\8.0.23\ref\net8.0\System.Configuration.dll".
             Reference found at search path location "{RawFileName}".
             This reference is not "CopyLocal" because at least one source item had "Private" set to "false" and no source items had "Private" set to "true".
         Primary reference "System.Console, Version=8.0.0.0, Culture=neutral, PublicKeyToken=b03f5f7f11d50a3a".
             Resolved file path is "C:\Program Files\dotnet\packs\Microsoft.NETCore.App.Ref\8.0.23\ref\net8.0\System.Console.dll".
             Reference found at search path location "{RawFileName}".
             This reference is not "CopyLocal" because at least one source item had "Private" set to "false" and no source items had "Private" set to "true".
         Primary reference "System.Core, Version=4.0.0.0, Culture=neutral, PublicKeyToken=b77a5c561934e089".
             Resolved file path is "C:\Program Files\dotnet\packs\Microsoft.NETCore.App.Ref\8.0.23\ref\net8.0\System.Core.dll".
             Reference found at search path location "{RawFileName}".
             This reference is not "CopyLocal" because at least one source item had "Private" set to "false" and no source items had "Private" set to "true".
         Primary reference "System.Data.Common, Version=8.0.0.0, Culture=neutral, PublicKeyToken=b03f5f7f11d50a3a".
             Resolved file path is "C:\Program Files\dotnet\packs\Microsoft.NETCore.App.Ref\8.0.23\ref\net8.0\System.Data.Common.dll".
             Reference found at search path location "{RawFileName}".
             This reference is not "CopyLocal" because at least one source item had "Private" set to "false" and no source items had "Private" set to "true".
         Primary reference "System.Data.DataSetExtensions, Version=8.0.0.0, Culture=neutral, PublicKeyToken=b77a5c561934e089".
             Resolved file path is "C:\Program Files\dotnet\packs\Microsoft.NETCore.App.Ref\8.0.23\ref\net8.0\System.Data.DataSetExtensions.dll".
             Reference found at search path location "{RawFileName}".
             This reference is not "CopyLocal" because at least one source item had "Private" set to "false" and no source items had "Private" set to "true".
         Primary reference "System.Data, Version=4.0.0.0, Culture=neutral, PublicKeyToken=b77a5c561934e089".
             Resolved file path is "C:\Program Files\dotnet\packs\Microsoft.NETCore.App.Ref\8.0.23\ref\net8.0\System.Data.dll".
             Reference found at search path location "{RawFileName}".
             This reference is not "CopyLocal" because at least one source item had "Private" set to "false" and no source items had "Private" set to "true".
         Primary reference "System.Diagnostics.Contracts, Version=8.0.0.0, Culture=neutral, PublicKeyToken=b03f5f7f11d50a3a".
             Resolved file path is "C:\Program Files\dotnet\packs\Microsoft.NETCore.App.Ref\8.0.23\ref\net8.0\System.Diagnostics.Contracts.dll".
             Reference found at search path location "{RawFileName}".
             This reference is not "CopyLocal" because at least one source item had "Private" set to "false" and no source items had "Private" set to "true".
         Primary reference "System.Diagnostics.Debug, Version=8.0.0.0, Culture=neutral, PublicKeyToken=b03f5f7f11d50a3a".
             Resolved file path is "C:\Program Files\dotnet\packs\Microsoft.NETCore.App.Ref\8.0.23\ref\net8.0\System.Diagnostics.Debug.dll".
             Reference found at search path location "{RawFileName}".
             This reference is not "CopyLocal" because at least one source item had "Private" set to "false" and no source items had "Private" set to "true".
         Primary reference "System.Diagnostics.DiagnosticSource, Version=8.0.0.0, Culture=neutral, PublicKeyToken=cc7b13ffcd2ddd51".
             Resolved file path is "C:\Program Files\dotnet\packs\Microsoft.NETCore.App.Ref\8.0.23\ref\net8.0\System.Diagnostics.DiagnosticSource.dll".
             Reference found at search path location "{RawFileName}".
             This reference is not "CopyLocal" because at least one source item had "Private" set to "false" and no source items had "Private" set to "true".
         Primary reference "System.Diagnostics.FileVersionInfo, Version=8.0.0.0, Culture=neutral, PublicKeyToken=b03f5f7f11d50a3a".
             Resolved file path is "C:\Program Files\dotnet\packs\Microsoft.NETCore.App.Ref\8.0.23\ref\net8.0\System.Diagnostics.FileVersionInfo.dll".
             Reference found at search path location "{RawFileName}".
             This reference is not "CopyLocal" because at least one source item had "Private" set to "false" and no source items had "Private" set to "true".
         Primary reference "System.Diagnostics.Process, Version=8.0.0.0, Culture=neutral, PublicKeyToken=b03f5f7f11d50a3a".
             Resolved file path is "C:\Program Files\dotnet\packs\Microsoft.NETCore.App.Ref\8.0.23\ref\net8.0\System.Diagnostics.Process.dll".
             Reference found at search path location "{RawFileName}".
             This reference is not "CopyLocal" because at least one source item had "Private" set to "false" and no source items had "Private" set to "true".
         Primary reference "System.Diagnostics.StackTrace, Version=8.0.0.0, Culture=neutral, PublicKeyToken=b03f5f7f11d50a3a".
             Resolved file path is "C:\Program Files\dotnet\packs\Microsoft.NETCore.App.Ref\8.0.23\ref\net8.0\System.Diagnostics.StackTrace.dll".
             Reference found at search path location "{RawFileName}".
             This reference is not "CopyLocal" because at least one source item had "Private" set to "false" and no source items had "Private" set to "true".
         Primary reference "System.Diagnostics.TextWriterTraceListener, Version=8.0.0.0, Culture=neutral, PublicKeyToken=b03f5f7f11d50a3a".
             Resolved file path is "C:\Program Files\dotnet\packs\Microsoft.NETCore.App.Ref\8.0.23\ref\net8.0\System.Diagnostics.TextWriterTraceListener.dll".
             Reference found at search path location "{RawFileName}".
             This reference is not "CopyLocal" because at least one source item had "Private" set to "false" and no source items had "Private" set to "true".
         Primary reference "System.Diagnostics.Tools, Version=8.0.0.0, Culture=neutral, PublicKeyToken=b03f5f7f11d50a3a".
             Resolved file path is "C:\Program Files\dotnet\packs\Microsoft.NETCore.App.Ref\8.0.23\ref\net8.0\System.Diagnostics.Tools.dll".
             Reference found at search path location "{RawFileName}".
             This reference is not "CopyLocal" because at least one source item had "Private" set to "false" and no source items had "Private" set to "true".
         Primary reference "System.Diagnostics.TraceSource, Version=8.0.0.0, Culture=neutral, PublicKeyToken=b03f5f7f11d50a3a".
             Resolved file path is "C:\Program Files\dotnet\packs\Microsoft.NETCore.App.Ref\8.0.23\ref\net8.0\System.Diagnostics.TraceSource.dll".
             Reference found at search path location "{RawFileName}".
             This reference is not "CopyLocal" because at least one source item had "Private" set to "false" and no source items had "Private" set to "true".
         Primary reference "System.Diagnostics.Tracing, Version=8.0.0.0, Culture=neutral, PublicKeyToken=b03f5f7f11d50a3a".
             Resolved file path is "C:\Program Files\dotnet\packs\Microsoft.NETCore.App.Ref\8.0.23\ref\net8.0\System.Diagnostics.Tracing.dll".
             Reference found at search path location "{RawFileName}".
             This reference is not "CopyLocal" because at least one source item had "Private" set to "false" and no source items had "Private" set to "true".
         Primary reference "System.Drawing.Primitives, Version=8.0.0.0, Culture=neutral, PublicKeyToken=b03f5f7f11d50a3a".
             Resolved file path is "C:\Program Files\dotnet\packs\Microsoft.NETCore.App.Ref\8.0.23\ref\net8.0\System.Drawing.Primitives.dll".
             Reference found at search path location "{RawFileName}".
             This reference is not "CopyLocal" because at least one source item had "Private" set to "false" and no source items had "Private" set to "true".
         Primary reference "System.Dynamic.Runtime, Version=8.0.0.0, Culture=neutral, PublicKeyToken=b03f5f7f11d50a3a".
             Resolved file path is "C:\Program Files\dotnet\packs\Microsoft.NETCore.App.Ref\8.0.23\ref\net8.0\System.Dynamic.Runtime.dll".
             Reference found at search path location "{RawFileName}".
             This reference is not "CopyLocal" because at least one source item had "Private" set to "false" and no source items had "Private" set to "true".
         Primary reference "System.Formats.Asn1, Version=8.0.0.0, Culture=neutral, PublicKeyToken=cc7b13ffcd2ddd51".
             Resolved file path is "C:\Program Files\dotnet\packs\Microsoft.NETCore.App.Ref\8.0.23\ref\net8.0\System.Formats.Asn1.dll".
             Reference found at search path location "{RawFileName}".
             This reference is not "CopyLocal" because at least one source item had "Private" set to "false" and no source items had "Private" set to "true".
         Primary reference "System.Formats.Tar, Version=8.0.0.0, Culture=neutral, PublicKeyToken=cc7b13ffcd2ddd51".
             Resolved file path is "C:\Program Files\dotnet\packs\Microsoft.NETCore.App.Ref\8.0.23\ref\net8.0\System.Formats.Tar.dll".
             Reference found at search path location "{RawFileName}".
             This reference is not "CopyLocal" because at least one source item had "Private" set to "false" and no source items had "Private" set to "true".
         Primary reference "System.Globalization.Calendars, Version=8.0.0.0, Culture=neutral, PublicKeyToken=b03f5f7f11d50a3a".
             Resolved file path is "C:\Program Files\dotnet\packs\Microsoft.NETCore.App.Ref\8.0.23\ref\net8.0\System.Globalization.Calendars.dll".
             Reference found at search path location "{RawFileName}".
             This reference is not "CopyLocal" because at least one source item had "Private" set to "false" and no source items had "Private" set to "true".
         Primary reference "System.Globalization.Extensions, Version=8.0.0.0, Culture=neutral, PublicKeyToken=b03f5f7f11d50a3a".
             Resolved file path is "C:\Program Files\dotnet\packs\Microsoft.NETCore.App.Ref\8.0.23\ref\net8.0\System.Globalization.Extensions.dll".
             Reference found at search path location "{RawFileName}".
             This reference is not "CopyLocal" because at least one source item had "Private" set to "false" and no source items had "Private" set to "true".
         Primary reference "System.Globalization, Version=8.0.0.0, Culture=neutral, PublicKeyToken=b03f5f7f11d50a3a".
             Resolved file path is "C:\Program Files\dotnet\packs\Microsoft.NETCore.App.Ref\8.0.23\ref\net8.0\System.Globalization.dll".
             Reference found at search path location "{RawFileName}".
             This reference is not "CopyLocal" because at least one source item had "Private" set to "false" and no source items had "Private" set to "true".
         Primary reference "System.IO.Compression.Brotli, Version=8.0.0.0, Culture=neutral, PublicKeyToken=b77a5c561934e089".
             Resolved file path is "C:\Program Files\dotnet\packs\Microsoft.NETCore.App.Ref\8.0.23\ref\net8.0\System.IO.Compression.Brotli.dll".
             Reference found at search path location "{RawFileName}".
             This reference is not "CopyLocal" because at least one source item had "Private" set to "false" and no source items had "Private" set to "true".
         Primary reference "System.IO.Compression.FileSystem, Version=4.0.0.0, Culture=neutral, PublicKeyToken=b77a5c561934e089".
             Resolved file path is "C:\Program Files\dotnet\packs\Microsoft.NETCore.App.Ref\8.0.23\ref\net8.0\System.IO.Compression.FileSystem.dll".
             Reference found at search path location "{RawFileName}".
             This reference is not "CopyLocal" because at least one source item had "Private" set to "false" and no source items had "Private" set to "true".
         Primary reference "System.IO.Compression.ZipFile, Version=8.0.0.0, Culture=neutral, PublicKeyToken=b77a5c561934e089".
             Resolved file path is "C:\Program Files\dotnet\packs\Microsoft.NETCore.App.Ref\8.0.23\ref\net8.0\System.IO.Compression.ZipFile.dll".
             Reference found at search path location "{RawFileName}".
             This reference is not "CopyLocal" because at least one source item had "Private" set to "false" and no source items had "Private" set to "true".
         Primary reference "System.IO.Compression, Version=8.0.0.0, Culture=neutral, PublicKeyToken=b77a5c561934e089".
             Resolved file path is "C:\Program Files\dotnet\packs\Microsoft.NETCore.App.Ref\8.0.23\ref\net8.0\System.IO.Compression.dll".
             Reference found at search path location "{RawFileName}".
             This reference is not "CopyLocal" because at least one source item had "Private" set to "false" and no source items had "Private" set to "true".
         Primary reference "System.IO.FileSystem.AccessControl, Version=8.0.0.0, Culture=neutral, PublicKeyToken=b03f5f7f11d50a3a".
             Resolved file path is "C:\Program Files\dotnet\packs\Microsoft.NETCore.App.Ref\8.0.23\ref\net8.0\System.IO.FileSystem.AccessControl.dll".
             Reference found at search path location "{RawFileName}".
             This reference is not "CopyLocal" because at least one source item had "Private" set to "false" and no source items had "Private" set to "true".
         Primary reference "System.IO.FileSystem.DriveInfo, Version=8.0.0.0, Culture=neutral, PublicKeyToken=b03f5f7f11d50a3a".
             Resolved file path is "C:\Program Files\dotnet\packs\Microsoft.NETCore.App.Ref\8.0.23\ref\net8.0\System.IO.FileSystem.DriveInfo.dll".
             Reference found at search path location "{RawFileName}".
             This reference is not "CopyLocal" because at least one source item had "Private" set to "false" and no source items had "Private" set to "true".
         Primary reference "System.IO.FileSystem.Primitives, Version=8.0.0.0, Culture=neutral, PublicKeyToken=b03f5f7f11d50a3a".
             Resolved file path is "C:\Program Files\dotnet\packs\Microsoft.NETCore.App.Ref\8.0.23\ref\net8.0\System.IO.FileSystem.Primitives.dll".
             Reference found at search path location "{RawFileName}".
             This reference is not "CopyLocal" because at least one source item had "Private" set to "false" and no source items had "Private" set to "true".
         Primary reference "System.IO.FileSystem.Watcher, Version=8.0.0.0, Culture=neutral, PublicKeyToken=b03f5f7f11d50a3a".
             Resolved file path is "C:\Program Files\dotnet\packs\Microsoft.NETCore.App.Ref\8.0.23\ref\net8.0\System.IO.FileSystem.Watcher.dll".
             Reference found at search path location "{RawFileName}".
             This reference is not "CopyLocal" because at least one source item had "Private" set to "false" and no source items had "Private" set to "true".
         Primary reference "System.IO.FileSystem, Version=8.0.0.0, Culture=neutral, PublicKeyToken=b03f5f7f11d50a3a".
             Resolved file path is "C:\Program Files\dotnet\packs\Microsoft.NETCore.App.Ref\8.0.23\ref\net8.0\System.IO.FileSystem.dll".
             Reference found at search path location "{RawFileName}".
             This reference is not "CopyLocal" because at least one source item had "Private" set to "false" and no source items had "Private" set to "true".
         Primary reference "System.IO.IsolatedStorage, Version=8.0.0.0, Culture=neutral, PublicKeyToken=b03f5f7f11d50a3a".
             Resolved file path is "C:\Program Files\dotnet\packs\Microsoft.NETCore.App.Ref\8.0.23\ref\net8.0\System.IO.IsolatedStorage.dll".
             Reference found at search path location "{RawFileName}".
             This reference is not "CopyLocal" because at least one source item had "Private" set to "false" and no source items had "Private" set to "true".
         Primary reference "System.IO.MemoryMappedFiles, Version=8.0.0.0, Culture=neutral, PublicKeyToken=b03f5f7f11d50a3a".
             Resolved file path is "C:\Program Files\dotnet\packs\Microsoft.NETCore.App.Ref\8.0.23\ref\net8.0\System.IO.MemoryMappedFiles.dll".
             Reference found at search path location "{RawFileName}".
             This reference is not "CopyLocal" because at least one source item had "Private" set to "false" and no source items had "Private" set to "true".
         Primary reference "System.IO.Pipes.AccessControl, Version=8.0.0.0, Culture=neutral, PublicKeyToken=b03f5f7f11d50a3a".
             Resolved file path is "C:\Program Files\dotnet\packs\Microsoft.NETCore.App.Ref\8.0.23\ref\net8.0\System.IO.Pipes.AccessControl.dll".
             Reference found at search path location "{RawFileName}".
             This reference is not "CopyLocal" because at least one source item had "Private" set to "false" and no source items had "Private" set to "true".
         Primary reference "System.IO.Pipes, Version=8.0.0.0, Culture=neutral, PublicKeyToken=b03f5f7f11d50a3a".
             Resolved file path is "C:\Program Files\dotnet\packs\Microsoft.NETCore.App.Ref\8.0.23\ref\net8.0\System.IO.Pipes.dll".
             Reference found at search path location "{RawFileName}".
             This reference is not "CopyLocal" because at least one source item had "Private" set to "false" and no source items had "Private" set to "true".
         Primary reference "System.IO.UnmanagedMemoryStream, Version=8.0.0.0, Culture=neutral, PublicKeyToken=b03f5f7f11d50a3a".
             Resolved file path is "C:\Program Files\dotnet\packs\Microsoft.NETCore.App.Ref\8.0.23\ref\net8.0\System.IO.UnmanagedMemoryStream.dll".
             Reference found at search path location "{RawFileName}".
             This reference is not "CopyLocal" because at least one source item had "Private" set to "false" and no source items had "Private" set to "true".
         Primary reference "System.IO, Version=8.0.0.0, Culture=neutral, PublicKeyToken=b03f5f7f11d50a3a".
             Resolved file path is "C:\Program Files\dotnet\packs\Microsoft.NETCore.App.Ref\8.0.23\ref\net8.0\System.IO.dll".
             Reference found at search path location "{RawFileName}".
             This reference is not "CopyLocal" because at least one source item had "Private" set to "false" and no source items had "Private" set to "true".
         Primary reference "System.Linq.Expressions, Version=8.0.0.0, Culture=neutral, PublicKeyToken=b03f5f7f11d50a3a".
             Resolved file path is "C:\Program Files\dotnet\packs\Microsoft.NETCore.App.Ref\8.0.23\ref\net8.0\System.Linq.Expressions.dll".
             Reference found at search path location "{RawFileName}".
             This reference is not "CopyLocal" because at least one source item had "Private" set to "false" and no source items had "Private" set to "true".
         Primary reference "System.Linq.Parallel, Version=8.0.0.0, Culture=neutral, PublicKeyToken=b03f5f7f11d50a3a".
             Resolved file path is "C:\Program Files\dotnet\packs\Microsoft.NETCore.App.Ref\8.0.23\ref\net8.0\System.Linq.Parallel.dll".
             Reference found at search path location "{RawFileName}".
             This reference is not "CopyLocal" because at least one source item had "Private" set to "false" and no source items had "Private" set to "true".
         Primary reference "System.Linq.Queryable, Version=8.0.0.0, Culture=neutral, PublicKeyToken=b03f5f7f11d50a3a".
             Resolved file path is "C:\Program Files\dotnet\packs\Microsoft.NETCore.App.Ref\8.0.23\ref\net8.0\System.Linq.Queryable.dll".
             Reference found at search path location "{RawFileName}".
             This reference is not "CopyLocal" because at least one source item had "Private" set to "false" and no source items had "Private" set to "true".
         Primary reference "System.Linq, Version=8.0.0.0, Culture=neutral, PublicKeyToken=b03f5f7f11d50a3a".
             Resolved file path is "C:\Program Files\dotnet\packs\Microsoft.NETCore.App.Ref\8.0.23\ref\net8.0\System.Linq.dll".
             Reference found at search path location "{RawFileName}".
             This reference is not "CopyLocal" because at least one source item had "Private" set to "false" and no source items had "Private" set to "true".
         Primary reference "System.Memory, Version=8.0.0.0, Culture=neutral, PublicKeyToken=cc7b13ffcd2ddd51".
             Resolved file path is "C:\Program Files\dotnet\packs\Microsoft.NETCore.App.Ref\8.0.23\ref\net8.0\System.Memory.dll".
             Reference found at search path location "{RawFileName}".
             This reference is not "CopyLocal" because at least one source item had "Private" set to "false" and no source items had "Private" set to "true".
         Primary reference "System.Net.Http.Json, Version=8.0.0.0, Culture=neutral, PublicKeyToken=cc7b13ffcd2ddd51".
             Resolved file path is "C:\Program Files\dotnet\packs\Microsoft.NETCore.App.Ref\8.0.23\ref\net8.0\System.Net.Http.Json.dll".
             Reference found at search path location "{RawFileName}".
             This reference is not "CopyLocal" because at least one source item had "Private" set to "false" and no source items had "Private" set to "true".
         Primary reference "System.Net.Http, Version=8.0.0.0, Culture=neutral, PublicKeyToken=b03f5f7f11d50a3a".
             Resolved file path is "C:\Program Files\dotnet\packs\Microsoft.NETCore.App.Ref\8.0.23\ref\net8.0\System.Net.Http.dll".
             Reference found at search path location "{RawFileName}".
             This reference is not "CopyLocal" because at least one source item had "Private" set to "false" and no source items had "Private" set to "true".
         Primary reference "System.Net.HttpListener, Version=8.0.0.0, Culture=neutral, PublicKeyToken=cc7b13ffcd2ddd51".
             Resolved file path is "C:\Program Files\dotnet\packs\Microsoft.NETCore.App.Ref\8.0.23\ref\net8.0\System.Net.HttpListener.dll".
             Reference found at search path location "{RawFileName}".
             This reference is not "CopyLocal" because at least one source item had "Private" set to "false" and no source items had "Private" set to "true".
         Primary reference "System.Net.Mail, Version=8.0.0.0, Culture=neutral, PublicKeyToken=cc7b13ffcd2ddd51".
             Resolved file path is "C:\Program Files\dotnet\packs\Microsoft.NETCore.App.Ref\8.0.23\ref\net8.0\System.Net.Mail.dll".
             Reference found at search path location "{RawFileName}".
             This reference is not "CopyLocal" because at least one source item had "Private" set to "false" and no source items had "Private" set to "true".
         Primary reference "System.Net.NameResolution, Version=8.0.0.0, Culture=neutral, PublicKeyToken=b03f5f7f11d50a3a".
             Resolved file path is "C:\Program Files\dotnet\packs\Microsoft.NETCore.App.Ref\8.0.23\ref\net8.0\System.Net.NameResolution.dll".
             Reference found at search path location "{RawFileName}".
             This reference is not "CopyLocal" because at least one source item had "Private" set to "false" and no source items had "Private" set to "true".
         Primary reference "System.Net.NetworkInformation, Version=8.0.0.0, Culture=neutral, PublicKeyToken=b03f5f7f11d50a3a".
             Resolved file path is "C:\Program Files\dotnet\packs\Microsoft.NETCore.App.Ref\8.0.23\ref\net8.0\System.Net.NetworkInformation.dll".
             Reference found at search path location "{RawFileName}".
             This reference is not "CopyLocal" because at least one source item had "Private" set to "false" and no source items had "Private" set to "true".
         Primary reference "System.Net.Ping, Version=8.0.0.0, Culture=neutral, PublicKeyToken=b03f5f7f11d50a3a".
             Resolved file path is "C:\Program Files\dotnet\packs\Microsoft.NETCore.App.Ref\8.0.23\ref\net8.0\System.Net.Ping.dll".
             Reference found at search path location "{RawFileName}".
             This reference is not "CopyLocal" because at least one source item had "Private" set to "false" and no source items had "Private" set to "true".
         Primary reference "System.Net.Primitives, Version=8.0.0.0, Culture=neutral, PublicKeyToken=b03f5f7f11d50a3a".
             Resolved file path is "C:\Program Files\dotnet\packs\Microsoft.NETCore.App.Ref\8.0.23\ref\net8.0\System.Net.Primitives.dll".
             Reference found at search path location "{RawFileName}".
             This reference is not "CopyLocal" because at least one source item had "Private" set to "false" and no source items had "Private" set to "true".
         Primary reference "System.Net.Quic, Version=8.0.0.0, Culture=neutral, PublicKeyToken=b03f5f7f11d50a3a".
             Resolved file path is "C:\Program Files\dotnet\packs\Microsoft.NETCore.App.Ref\8.0.23\ref\net8.0\System.Net.Quic.dll".
             Reference found at search path location "{RawFileName}".
             This reference is not "CopyLocal" because at least one source item had "Private" set to "false" and no source items had "Private" set to "true".
         Primary reference "System.Net.Requests, Version=8.0.0.0, Culture=neutral, PublicKeyToken=b03f5f7f11d50a3a".
             Resolved file path is "C:\Program Files\dotnet\packs\Microsoft.NETCore.App.Ref\8.0.23\ref\net8.0\System.Net.Requests.dll".
             Reference found at search path location "{RawFileName}".
             This reference is not "CopyLocal" because at least one source item had "Private" set to "false" and no source items had "Private" set to "true".
         Primary reference "System.Net.Security, Version=8.0.0.0, Culture=neutral, PublicKeyToken=b03f5f7f11d50a3a".
             Resolved file path is "C:\Program Files\dotnet\packs\Microsoft.NETCore.App.Ref\8.0.23\ref\net8.0\System.Net.Security.dll".
             Reference found at search path location "{RawFileName}".
             This reference is not "CopyLocal" because at least one source item had "Private" set to "false" and no source items had "Private" set to "true".
         Primary reference "System.Net.ServicePoint, Version=8.0.0.0, Culture=neutral, PublicKeyToken=cc7b13ffcd2ddd51".
             Resolved file path is "C:\Program Files\dotnet\packs\Microsoft.NETCore.App.Ref\8.0.23\ref\net8.0\System.Net.ServicePoint.dll".
             Reference found at search path location "{RawFileName}".
             This reference is not "CopyLocal" because at least one source item had "Private" set to "false" and no source items had "Private" set to "true".
         Primary reference "System.Net.Sockets, Version=8.0.0.0, Culture=neutral, PublicKeyToken=b03f5f7f11d50a3a".
             Resolved file path is "C:\Program Files\dotnet\packs\Microsoft.NETCore.App.Ref\8.0.23\ref\net8.0\System.Net.Sockets.dll".
             Reference found at search path location "{RawFileName}".
             This reference is not "CopyLocal" because at least one source item had "Private" set to "false" and no source items had "Private" set to "true".
         Primary reference "System.Net.WebClient, Version=8.0.0.0, Culture=neutral, PublicKeyToken=cc7b13ffcd2ddd51".
             Resolved file path is "C:\Program Files\dotnet\packs\Microsoft.NETCore.App.Ref\8.0.23\ref\net8.0\System.Net.WebClient.dll".
             Reference found at search path location "{RawFileName}".
             This reference is not "CopyLocal" because at least one source item had "Private" set to "false" and no source items had "Private" set to "true".
         Primary reference "System.Net.WebHeaderCollection, Version=8.0.0.0, Culture=neutral, PublicKeyToken=b03f5f7f11d50a3a".
             Resolved file path is "C:\Program Files\dotnet\packs\Microsoft.NETCore.App.Ref\8.0.23\ref\net8.0\System.Net.WebHeaderCollection.dll".
             Reference found at search path location "{RawFileName}".
             This reference is not "CopyLocal" because at least one source item had "Private" set to "false" and no source items had "Private" set to "true".
         Primary reference "System.Net.WebProxy, Version=8.0.0.0, Culture=neutral, PublicKeyToken=cc7b13ffcd2ddd51".
             Resolved file path is "C:\Program Files\dotnet\packs\Microsoft.NETCore.App.Ref\8.0.23\ref\net8.0\System.Net.WebProxy.dll".
             Reference found at search path location "{RawFileName}".
             This reference is not "CopyLocal" because at least one source item had "Private" set to "false" and no source items had "Private" set to "true".
         Primary reference "System.Net.WebSockets.Client, Version=8.0.0.0, Culture=neutral, PublicKeyToken=b03f5f7f11d50a3a".
             Resolved file path is "C:\Program Files\dotnet\packs\Microsoft.NETCore.App.Ref\8.0.23\ref\net8.0\System.Net.WebSockets.Client.dll".
             Reference found at search path location "{RawFileName}".
             This reference is not "CopyLocal" because at least one source item had "Private" set to "false" and no source items had "Private" set to "true".
         Primary reference "System.Net.WebSockets, Version=8.0.0.0, Culture=neutral, PublicKeyToken=b03f5f7f11d50a3a".
             Resolved file path is "C:\Program Files\dotnet\packs\Microsoft.NETCore.App.Ref\8.0.23\ref\net8.0\System.Net.WebSockets.dll".
             Reference found at search path location "{RawFileName}".
             This reference is not "CopyLocal" because at least one source item had "Private" set to "false" and no source items had "Private" set to "true".
         Primary reference "System.Net, Version=4.0.0.0, Culture=neutral, PublicKeyToken=b03f5f7f11d50a3a".
             Resolved file path is "C:\Program Files\dotnet\packs\Microsoft.NETCore.App.Ref\8.0.23\ref\net8.0\System.Net.dll".
             Reference found at search path location "{RawFileName}".
             This reference is not "CopyLocal" because at least one source item had "Private" set to "false" and no source items had "Private" set to "true".
         Primary reference "System.Numerics.Vectors, Version=8.0.0.0, Culture=neutral, PublicKeyToken=b03f5f7f11d50a3a".
             Resolved file path is "C:\Program Files\dotnet\packs\Microsoft.NETCore.App.Ref\8.0.23\ref\net8.0\System.Numerics.Vectors.dll".
             Reference found at search path location "{RawFileName}".
             This reference is not "CopyLocal" because at least one source item had "Private" set to "false" and no source items had "Private" set to "true".
         Primary reference "System.Numerics, Version=4.0.0.0, Culture=neutral, PublicKeyToken=b77a5c561934e089".
             Resolved file path is "C:\Program Files\dotnet\packs\Microsoft.NETCore.App.Ref\8.0.23\ref\net8.0\System.Numerics.dll".
             Reference found at search path location "{RawFileName}".
             This reference is not "CopyLocal" because at least one source item had "Private" set to "false" and no source items had "Private" set to "true".
         Primary reference "System.ObjectModel, Version=8.0.0.0, Culture=neutral, PublicKeyToken=b03f5f7f11d50a3a".
             Resolved file path is "C:\Program Files\dotnet\packs\Microsoft.NETCore.App.Ref\8.0.23\ref\net8.0\System.ObjectModel.dll".
             Reference found at search path location "{RawFileName}".
             This reference is not "CopyLocal" because at least one source item had "Private" set to "false" and no source items had "Private" set to "true".
         Primary reference "System.Reflection.DispatchProxy, Version=8.0.0.0, Culture=neutral, PublicKeyToken=b03f5f7f11d50a3a".
             Resolved file path is "C:\Program Files\dotnet\packs\Microsoft.NETCore.App.Ref\8.0.23\ref\net8.0\System.Reflection.DispatchProxy.dll".
             Reference found at search path location "{RawFileName}".
             This reference is not "CopyLocal" because at least one source item had "Private" set to "false" and no source items had "Private" set to "true".
         Primary reference "System.Reflection.Emit.ILGeneration, Version=8.0.0.0, Culture=neutral, PublicKeyToken=b03f5f7f11d50a3a".
             Resolved file path is "C:\Program Files\dotnet\packs\Microsoft.NETCore.App.Ref\8.0.23\ref\net8.0\System.Reflection.Emit.ILGeneration.dll".
             Reference found at search path location "{RawFileName}".
             This reference is not "CopyLocal" because at least one source item had "Private" set to "false" and no source items had "Private" set to "true".
         Primary reference "System.Reflection.Emit.Lightweight, Version=8.0.0.0, Culture=neutral, PublicKeyToken=b03f5f7f11d50a3a".
             Resolved file path is "C:\Program Files\dotnet\packs\Microsoft.NETCore.App.Ref\8.0.23\ref\net8.0\System.Reflection.Emit.Lightweight.dll".
             Reference found at search path location "{RawFileName}".
             This reference is not "CopyLocal" because at least one source item had "Private" set to "false" and no source items had "Private" set to "true".
         Primary reference "System.Reflection.Emit, Version=8.0.0.0, Culture=neutral, PublicKeyToken=b03f5f7f11d50a3a".
             Resolved file path is "C:\Program Files\dotnet\packs\Microsoft.NETCore.App.Ref\8.0.23\ref\net8.0\System.Reflection.Emit.dll".
             Reference found at search path location "{RawFileName}".
             This reference is not "CopyLocal" because at least one source item had "Private" set to "false" and no source items had "Private" set to "true".
         Primary reference "System.Reflection.Extensions, Version=8.0.0.0, Culture=neutral, PublicKeyToken=b03f5f7f11d50a3a".
             Resolved file path is "C:\Program Files\dotnet\packs\Microsoft.NETCore.App.Ref\8.0.23\ref\net8.0\System.Reflection.Extensions.dll".
             Reference found at search path location "{RawFileName}".
             This reference is not "CopyLocal" because at least one source item had "Private" set to "false" and no source items had "Private" set to "true".
         Primary reference "System.Reflection.Metadata, Version=8.0.0.0, Culture=neutral, PublicKeyToken=b03f5f7f11d50a3a".
             Resolved file path is "C:\Program Files\dotnet\packs\Microsoft.NETCore.App.Ref\8.0.23\ref\net8.0\System.Reflection.Metadata.dll".
             Reference found at search path location "{RawFileName}".
             This reference is not "CopyLocal" because at least one source item had "Private" set to "false" and no source items had "Private" set to "true".
         Primary reference "System.Reflection.Primitives, Version=8.0.0.0, Culture=neutral, PublicKeyToken=b03f5f7f11d50a3a".
             Resolved file path is "C:\Program Files\dotnet\packs\Microsoft.NETCore.App.Ref\8.0.23\ref\net8.0\System.Reflection.Primitives.dll".
             Reference found at search path location "{RawFileName}".
             This reference is not "CopyLocal" because at least one source item had "Private" set to "false" and no source items had "Private" set to "true".
         Primary reference "System.Reflection.TypeExtensions, Version=8.0.0.0, Culture=neutral, PublicKeyToken=b03f5f7f11d50a3a".
             Resolved file path is "C:\Program Files\dotnet\packs\Microsoft.NETCore.App.Ref\8.0.23\ref\net8.0\System.Reflection.TypeExtensions.dll".
             Reference found at search path location "{RawFileName}".
             This reference is not "CopyLocal" because at least one source item had "Private" set to "false" and no source items had "Private" set to "true".
         Primary reference "System.Reflection, Version=8.0.0.0, Culture=neutral, PublicKeyToken=b03f5f7f11d50a3a".
             Resolved file path is "C:\Program Files\dotnet\packs\Microsoft.NETCore.App.Ref\8.0.23\ref\net8.0\System.Reflection.dll".
             Reference found at search path location "{RawFileName}".
             This reference is not "CopyLocal" because at least one source item had "Private" set to "false" and no source items had "Private" set to "true".
         Primary reference "System.Resources.Reader, Version=8.0.0.0, Culture=neutral, PublicKeyToken=b03f5f7f11d50a3a".
             Resolved file path is "C:\Program Files\dotnet\packs\Microsoft.NETCore.App.Ref\8.0.23\ref\net8.0\System.Resources.Reader.dll".
             Reference found at search path location "{RawFileName}".
             This reference is not "CopyLocal" because at least one source item had "Private" set to "false" and no source items had "Private" set to "true".
         Primary reference "System.Resources.ResourceManager, Version=8.0.0.0, Culture=neutral, PublicKeyToken=b03f5f7f11d50a3a".
             Resolved file path is "C:\Program Files\dotnet\packs\Microsoft.NETCore.App.Ref\8.0.23\ref\net8.0\System.Resources.ResourceManager.dll".
             Reference found at search path location "{RawFileName}".
             This reference is not "CopyLocal" because at least one source item had "Private" set to "false" and no source items had "Private" set to "true".
         Primary reference "System.Resources.Writer, Version=8.0.0.0, Culture=neutral, PublicKeyToken=b03f5f7f11d50a3a".
             Resolved file path is "C:\Program Files\dotnet\packs\Microsoft.NETCore.App.Ref\8.0.23\ref\net8.0\System.Resources.Writer.dll".
             Reference found at search path location "{RawFileName}".
             This reference is not "CopyLocal" because at least one source item had "Private" set to "false" and no source items had "Private" set to "true".
         Primary reference "System.Runtime.CompilerServices.Unsafe, Version=8.0.0.0, Culture=neutral, PublicKeyToken=b03f5f7f11d50a3a".
             Resolved file path is "C:\Program Files\dotnet\packs\Microsoft.NETCore.App.Ref\8.0.23\ref\net8.0\System.Runtime.CompilerServices.Unsafe.dll".
             Reference found at search path location "{RawFileName}".
             This reference is not "CopyLocal" because at least one source item had "Private" set to "false" and no source items had "Private" set to "true".
         Primary reference "System.Runtime.CompilerServices.VisualC, Version=8.0.0.0, Culture=neutral, PublicKeyToken=b03f5f7f11d50a3a".
             Resolved file path is "C:\Program Files\dotnet\packs\Microsoft.NETCore.App.Ref\8.0.23\ref\net8.0\System.Runtime.CompilerServices.VisualC.dll".
             Reference found at search path location "{RawFileName}".
             This reference is not "CopyLocal" because at least one source item had "Private" set to "false" and no source items had "Private" set to "true".
         Primary reference "System.Runtime.Extensions, Version=8.0.0.0, Culture=neutral, PublicKeyToken=b03f5f7f11d50a3a".
             Resolved file path is "C:\Program Files\dotnet\packs\Microsoft.NETCore.App.Ref\8.0.23\ref\net8.0\System.Runtime.Extensions.dll".
             Reference found at search path location "{RawFileName}".
             This reference is not "CopyLocal" because at least one source item had "Private" set to "false" and no source items had "Private" set to "true".
         Primary reference "System.Runtime.Handles, Version=8.0.0.0, Culture=neutral, PublicKeyToken=b03f5f7f11d50a3a".
             Resolved file path is "C:\Program Files\dotnet\packs\Microsoft.NETCore.App.Ref\8.0.23\ref\net8.0\System.Runtime.Handles.dll".
             Reference found at search path location "{RawFileName}".
             This reference is not "CopyLocal" because at least one source item had "Private" set to "false" and no source items had "Private" set to "true".
         Primary reference "System.Runtime.InteropServices.JavaScript, Version=8.0.0.0, Culture=neutral, PublicKeyToken=b03f5f7f11d50a3a".
             Resolved file path is "C:\Program Files\dotnet\packs\Microsoft.NETCore.App.Ref\8.0.23\ref\net8.0\System.Runtime.InteropServices.JavaScript.dll".
             Reference found at search path location "{RawFileName}".
             This reference is not "CopyLocal" because at least one source item had "Private" set to "false" and no source items had "Private" set to "true".
         Primary reference "System.Runtime.InteropServices.RuntimeInformation, Version=8.0.0.0, Culture=neutral, PublicKeyToken=b03f5f7f11d50a3a".
             Resolved file path is "C:\Program Files\dotnet\packs\Microsoft.NETCore.App.Ref\8.0.23\ref\net8.0\System.Runtime.InteropServices.RuntimeInformation.dll".
             Reference found at search path location "{RawFileName}".
             This reference is not "CopyLocal" because at least one source item had "Private" set to "false" and no source items had "Private" set to "true".
         Primary reference "System.Runtime.InteropServices, Version=8.0.0.0, Culture=neutral, PublicKeyToken=b03f5f7f11d50a3a".
             Resolved file path is "C:\Program Files\dotnet\packs\Microsoft.NETCore.App.Ref\8.0.23\ref\net8.0\System.Runtime.InteropServices.dll".
             Reference found at search path location "{RawFileName}".
             This reference is not "CopyLocal" because at least one source item had "Private" set to "false" and no source items had "Private" set to "true".
         Primary reference "System.Runtime.Intrinsics, Version=8.0.0.0, Culture=neutral, PublicKeyToken=cc7b13ffcd2ddd51".
             Resolved file path is "C:\Program Files\dotnet\packs\Microsoft.NETCore.App.Ref\8.0.23\ref\net8.0\System.Runtime.Intrinsics.dll".
             Reference found at search path location "{RawFileName}".
             This reference is not "CopyLocal" because at least one source item had "Private" set to "false" and no source items had "Private" set to "true".
         Primary reference "System.Runtime.Loader, Version=8.0.0.0, Culture=neutral, PublicKeyToken=b03f5f7f11d50a3a".
             Resolved file path is "C:\Program Files\dotnet\packs\Microsoft.NETCore.App.Ref\8.0.23\ref\net8.0\System.Runtime.Loader.dll".
             Reference found at search path location "{RawFileName}".
             This reference is not "CopyLocal" because at least one source item had "Private" set to "false" and no source items had "Private" set to "true".
         Primary reference "System.Runtime.Numerics, Version=8.0.0.0, Culture=neutral, PublicKeyToken=b03f5f7f11d50a3a".
             Resolved file path is "C:\Program Files\dotnet\packs\Microsoft.NETCore.App.Ref\8.0.23\ref\net8.0\System.Runtime.Numerics.dll".
             Reference found at search path location "{RawFileName}".
             This reference is not "CopyLocal" because at least one source item had "Private" set to "false" and no source items had "Private" set to "true".
         Primary reference "System.Runtime.Serialization.Formatters, Version=8.0.0.0, Culture=neutral, PublicKeyToken=b03f5f7f11d50a3a".
             Resolved file path is "C:\Program Files\dotnet\packs\Microsoft.NETCore.App.Ref\8.0.23\ref\net8.0\System.Runtime.Serialization.Formatters.dll".
             Reference found at search path location "{RawFileName}".
             This reference is not "CopyLocal" because at least one source item had "Private" set to "false" and no source items had "Private" set to "true".
         Primary reference "System.Runtime.Serialization.Json, Version=8.0.0.0, Culture=neutral, PublicKeyToken=b03f5f7f11d50a3a".
             Resolved file path is "C:\Program Files\dotnet\packs\Microsoft.NETCore.App.Ref\8.0.23\ref\net8.0\System.Runtime.Serialization.Json.dll".
             Reference found at search path location "{RawFileName}".
             This reference is not "CopyLocal" because at least one source item had "Private" set to "false" and no source items had "Private" set to "true".
         Primary reference "System.Runtime.Serialization.Primitives, Version=8.0.0.0, Culture=neutral, PublicKeyToken=b03f5f7f11d50a3a".
             Resolved file path is "C:\Program Files\dotnet\packs\Microsoft.NETCore.App.Ref\8.0.23\ref\net8.0\System.Runtime.Serialization.Primitives.dll".
             Reference found at search path location "{RawFileName}".
             This reference is not "CopyLocal" because at least one source item had "Private" set to "false" and no source items had "Private" set to "true".
         Primary reference "System.Runtime.Serialization.Xml, Version=8.0.0.0, Culture=neutral, PublicKeyToken=b03f5f7f11d50a3a".
             Resolved file path is "C:\Program Files\dotnet\packs\Microsoft.NETCore.App.Ref\8.0.23\ref\net8.0\System.Runtime.Serialization.Xml.dll".
             Reference found at search path location "{RawFileName}".
             This reference is not "CopyLocal" because at least one source item had "Private" set to "false" and no source items had "Private" set to "true".
         Primary reference "System.Runtime.Serialization, Version=4.0.0.0, Culture=neutral, PublicKeyToken=b77a5c561934e089".
             Resolved file path is "C:\Program Files\dotnet\packs\Microsoft.NETCore.App.Ref\8.0.23\ref\net8.0\System.Runtime.Serialization.dll".
             Reference found at search path location "{RawFileName}".
             This reference is not "CopyLocal" because at least one source item had "Private" set to "false" and no source items had "Private" set to "true".
         Primary reference "System.Runtime, Version=8.0.0.0, Culture=neutral, PublicKeyToken=b03f5f7f11d50a3a".
             Resolved file path is "C:\Program Files\dotnet\packs\Microsoft.NETCore.App.Ref\8.0.23\ref\net8.0\System.Runtime.dll".
             Reference found at search path location "{RawFileName}".
             This reference is not "CopyLocal" because at least one source item had "Private" set to "false" and no source items had "Private" set to "true".
         Primary reference "System.Security.AccessControl, Version=8.0.0.0, Culture=neutral, PublicKeyToken=b03f5f7f11d50a3a".
             Resolved file path is "C:\Program Files\dotnet\packs\Microsoft.NETCore.App.Ref\8.0.23\ref\net8.0\System.Security.AccessControl.dll".
             Reference found at search path location "{RawFileName}".
             This reference is not "CopyLocal" because at least one source item had "Private" set to "false" and no source items had "Private" set to "true".
         Primary reference "System.Security.Claims, Version=8.0.0.0, Culture=neutral, PublicKeyToken=b03f5f7f11d50a3a".
             Resolved file path is "C:\Program Files\dotnet\packs\Microsoft.NETCore.App.Ref\8.0.23\ref\net8.0\System.Security.Claims.dll".
             Reference found at search path location "{RawFileName}".
             This reference is not "CopyLocal" because at least one source item had "Private" set to "false" and no source items had "Private" set to "true".
         Primary reference "System.Security.Cryptography.Algorithms, Version=8.0.0.0, Culture=neutral, PublicKeyToken=b03f5f7f11d50a3a".
             Resolved file path is "C:\Program Files\dotnet\packs\Microsoft.NETCore.App.Ref\8.0.23\ref\net8.0\System.Security.Cryptography.Algorithms.dll".
             Reference found at search path location "{RawFileName}".
             This reference is not "CopyLocal" because at least one source item had "Private" set to "false" and no source items had "Private" set to "true".
         Primary reference "System.Security.Cryptography.Cng, Version=8.0.0.0, Culture=neutral, PublicKeyToken=b03f5f7f11d50a3a".
             Resolved file path is "C:\Program Files\dotnet\packs\Microsoft.NETCore.App.Ref\8.0.23\ref\net8.0\System.Security.Cryptography.Cng.dll".
             Reference found at search path location "{RawFileName}".
             This reference is not "CopyLocal" because at least one source item had "Private" set to "false" and no source items had "Private" set to "true".
         Primary reference "System.Security.Cryptography.Csp, Version=8.0.0.0, Culture=neutral, PublicKeyToken=b03f5f7f11d50a3a".
             Resolved file path is "C:\Program Files\dotnet\packs\Microsoft.NETCore.App.Ref\8.0.23\ref\net8.0\System.Security.Cryptography.Csp.dll".
             Reference found at search path location "{RawFileName}".
             This reference is not "CopyLocal" because at least one source item had "Private" set to "false" and no source items had "Private" set to "true".
         Primary reference "System.Security.Cryptography.Encoding, Version=8.0.0.0, Culture=neutral, PublicKeyToken=b03f5f7f11d50a3a".
             Resolved file path is "C:\Program Files\dotnet\packs\Microsoft.NETCore.App.Ref\8.0.23\ref\net8.0\System.Security.Cryptography.Encoding.dll".
             Reference found at search path location "{RawFileName}".
             This reference is not "CopyLocal" because at least one source item had "Private" set to "false" and no source items had "Private" set to "true".
         Primary reference "System.Security.Cryptography.OpenSsl, Version=8.0.0.0, Culture=neutral, PublicKeyToken=b03f5f7f11d50a3a".
             Resolved file path is "C:\Program Files\dotnet\packs\Microsoft.NETCore.App.Ref\8.0.23\ref\net8.0\System.Security.Cryptography.OpenSsl.dll".
             Reference found at search path location "{RawFileName}".
             This reference is not "CopyLocal" because at least one source item had "Private" set to "false" and no source items had "Private" set to "true".
         Primary reference "System.Security.Cryptography.Primitives, Version=8.0.0.0, Culture=neutral, PublicKeyToken=b03f5f7f11d50a3a".
             Resolved file path is "C:\Program Files\dotnet\packs\Microsoft.NETCore.App.Ref\8.0.23\ref\net8.0\System.Security.Cryptography.Primitives.dll".
             Reference found at search path location "{RawFileName}".
             This reference is not "CopyLocal" because at least one source item had "Private" set to "false" and no source items had "Private" set to "true".
         Primary reference "System.Security.Cryptography.X509Certificates, Version=8.0.0.0, Culture=neutral, PublicKeyToken=b03f5f7f11d50a3a".
             Resolved file path is "C:\Program Files\dotnet\packs\Microsoft.NETCore.App.Ref\8.0.23\ref\net8.0\System.Security.Cryptography.X509Certificates.dll".
             Reference found at search path location "{RawFileName}".
             This reference is not "CopyLocal" because at least one source item had "Private" set to "false" and no source items had "Private" set to "true".
         Primary reference "System.Security.Cryptography, Version=8.0.0.0, Culture=neutral, PublicKeyToken=b03f5f7f11d50a3a".
             Resolved file path is "C:\Program Files\dotnet\packs\Microsoft.NETCore.App.Ref\8.0.23\ref\net8.0\System.Security.Cryptography.dll".
             Reference found at search path location "{RawFileName}".
             This reference is not "CopyLocal" because at least one source item had "Private" set to "false" and no source items had "Private" set to "true".
         Primary reference "System.Security.Principal.Windows, Version=8.0.0.0, Culture=neutral, PublicKeyToken=b03f5f7f11d50a3a".
             Resolved file path is "C:\Program Files\dotnet\packs\Microsoft.NETCore.App.Ref\8.0.23\ref\net8.0\System.Security.Principal.Windows.dll".
             Reference found at search path location "{RawFileName}".
             This reference is not "CopyLocal" because at least one source item had "Private" set to "false" and no source items had "Private" set to "true".
         Primary reference "System.Security.Principal, Version=8.0.0.0, Culture=neutral, PublicKeyToken=b03f5f7f11d50a3a".
             Resolved file path is "C:\Program Files\dotnet\packs\Microsoft.NETCore.App.Ref\8.0.23\ref\net8.0\System.Security.Principal.dll".
             Reference found at search path location "{RawFileName}".
             This reference is not "CopyLocal" because at least one source item had "Private" set to "false" and no source items had "Private" set to "true".
         Primary reference "System.Security.SecureString, Version=8.0.0.0, Culture=neutral, PublicKeyToken=b03f5f7f11d50a3a".
             Resolved file path is "C:\Program Files\dotnet\packs\Microsoft.NETCore.App.Ref\8.0.23\ref\net8.0\System.Security.SecureString.dll".
             Reference found at search path location "{RawFileName}".
             This reference is not "CopyLocal" because at least one source item had "Private" set to "false" and no source items had "Private" set to "true".
         Primary reference "System.Security, Version=4.0.0.0, Culture=neutral, PublicKeyToken=b03f5f7f11d50a3a".
             Resolved file path is "C:\Program Files\dotnet\packs\Microsoft.NETCore.App.Ref\8.0.23\ref\net8.0\System.Security.dll".
             Reference found at search path location "{RawFileName}".
             This reference is not "CopyLocal" because at least one source item had "Private" set to "false" and no source items had "Private" set to "true".
         Primary reference "System.ServiceModel.Web, Version=4.0.0.0, Culture=neutral, PublicKeyToken=31bf3856ad364e35".
             Resolved file path is "C:\Program Files\dotnet\packs\Microsoft.NETCore.App.Ref\8.0.23\ref\net8.0\System.ServiceModel.Web.dll".
             Reference found at search path location "{RawFileName}".
             This reference is not "CopyLocal" because at least one source item had "Private" set to "false" and no source items had "Private" set to "true".
         Primary reference "System.ServiceProcess, Version=4.0.0.0, Culture=neutral, PublicKeyToken=b03f5f7f11d50a3a".
             Resolved file path is "C:\Program Files\dotnet\packs\Microsoft.NETCore.App.Ref\8.0.23\ref\net8.0\System.ServiceProcess.dll".
             Reference found at search path location "{RawFileName}".
             This reference is not "CopyLocal" because at least one source item had "Private" set to "false" and no source items had "Private" set to "true".
         Primary reference "System.Text.Encoding.CodePages, Version=8.0.0.0, Culture=neutral, PublicKeyToken=b03f5f7f11d50a3a".
             Resolved file path is "C:\Program Files\dotnet\packs\Microsoft.NETCore.App.Ref\8.0.23\ref\net8.0\System.Text.Encoding.CodePages.dll".
             Reference found at search path location "{RawFileName}".
             This reference is not "CopyLocal" because at least one source item had "Private" set to "false" and no source items had "Private" set to "true".
         Primary reference "System.Text.Encoding.Extensions, Version=8.0.0.0, Culture=neutral, PublicKeyToken=b03f5f7f11d50a3a".
             Resolved file path is "C:\Program Files\dotnet\packs\Microsoft.NETCore.App.Ref\8.0.23\ref\net8.0\System.Text.Encoding.Extensions.dll".
             Reference found at search path location "{RawFileName}".
             This reference is not "CopyLocal" because at least one source item had "Private" set to "false" and no source items had "Private" set to "true".
         Primary reference "System.Text.Encoding, Version=8.0.0.0, Culture=neutral, PublicKeyToken=b03f5f7f11d50a3a".
             Resolved file path is "C:\Program Files\dotnet\packs\Microsoft.NETCore.App.Ref\8.0.23\ref\net8.0\System.Text.Encoding.dll".
             Reference found at search path location "{RawFileName}".
             This reference is not "CopyLocal" because at least one source item had "Private" set to "false" and no source items had "Private" set to "true".
         Primary reference "System.Text.Encodings.Web, Version=8.0.0.0, Culture=neutral, PublicKeyToken=cc7b13ffcd2ddd51".
             Resolved file path is "C:\Program Files\dotnet\packs\Microsoft.NETCore.App.Ref\8.0.23\ref\net8.0\System.Text.Encodings.Web.dll".
             Reference found at search path location "{RawFileName}".
             This reference is not "CopyLocal" because at least one source item had "Private" set to "false" and no source items had "Private" set to "true".
         Primary reference "System.Text.Json, Version=8.0.0.0, Culture=neutral, PublicKeyToken=cc7b13ffcd2ddd51".
             Resolved file path is "C:\Program Files\dotnet\packs\Microsoft.NETCore.App.Ref\8.0.23\ref\net8.0\System.Text.Json.dll".
             Reference found at search path location "{RawFileName}".
             This reference is not "CopyLocal" because at least one source item had "Private" set to "false" and no source items had "Private" set to "true".
         Primary reference "System.Text.RegularExpressions, Version=8.0.0.0, Culture=neutral, PublicKeyToken=b03f5f7f11d50a3a".
             Resolved file path is "C:\Program Files\dotnet\packs\Microsoft.NETCore.App.Ref\8.0.23\ref\net8.0\System.Text.RegularExpressions.dll".
             Reference found at search path location "{RawFileName}".
             This reference is not "CopyLocal" because at least one source item had "Private" set to "false" and no source items had "Private" set to "true".
         Primary reference "System.Threading.Channels, Version=8.0.0.0, Culture=neutral, PublicKeyToken=cc7b13ffcd2ddd51".
             Resolved file path is "C:\Program Files\dotnet\packs\Microsoft.NETCore.App.Ref\8.0.23\ref\net8.0\System.Threading.Channels.dll".
             Reference found at search path location "{RawFileName}".
             This reference is not "CopyLocal" because at least one source item had "Private" set to "false" and no source items had "Private" set to "true".
         Primary reference "System.Threading.Overlapped, Version=8.0.0.0, Culture=neutral, PublicKeyToken=b03f5f7f11d50a3a".
             Resolved file path is "C:\Program Files\dotnet\packs\Microsoft.NETCore.App.Ref\8.0.23\ref\net8.0\System.Threading.Overlapped.dll".
             Reference found at search path location "{RawFileName}".
             This reference is not "CopyLocal" because at least one source item had "Private" set to "false" and no source items had "Private" set to "true".
         Primary reference "System.Threading.Tasks.Dataflow, Version=8.0.0.0, Culture=neutral, PublicKeyToken=b03f5f7f11d50a3a".
             Resolved file path is "C:\Program Files\dotnet\packs\Microsoft.NETCore.App.Ref\8.0.23\ref\net8.0\System.Threading.Tasks.Dataflow.dll".
             Reference found at search path location "{RawFileName}".
             This reference is not "CopyLocal" because at least one source item had "Private" set to "false" and no source items had "Private" set to "true".
         Primary reference "System.Threading.Tasks.Extensions, Version=8.0.0.0, Culture=neutral, PublicKeyToken=cc7b13ffcd2ddd51".
             Resolved file path is "C:\Program Files\dotnet\packs\Microsoft.NETCore.App.Ref\8.0.23\ref\net8.0\System.Threading.Tasks.Extensions.dll".
             Reference found at search path location "{RawFileName}".
             This reference is not "CopyLocal" because at least one source item had "Private" set to "false" and no source items had "Private" set to "true".
         Primary reference "System.Threading.Tasks.Parallel, Version=8.0.0.0, Culture=neutral, PublicKeyToken=b03f5f7f11d50a3a".
             Resolved file path is "C:\Program Files\dotnet\packs\Microsoft.NETCore.App.Ref\8.0.23\ref\net8.0\System.Threading.Tasks.Parallel.dll".
             Reference found at search path location "{RawFileName}".
             This reference is not "CopyLocal" because at least one source item had "Private" set to "false" and no source items had "Private" set to "true".
         Primary reference "System.Threading.Tasks, Version=8.0.0.0, Culture=neutral, PublicKeyToken=b03f5f7f11d50a3a".
             Resolved file path is "C:\Program Files\dotnet\packs\Microsoft.NETCore.App.Ref\8.0.23\ref\net8.0\System.Threading.Tasks.dll".
             Reference found at search path location "{RawFileName}".
             This reference is not "CopyLocal" because at least one source item had "Private" set to "false" and no source items had "Private" set to "true".
         Primary reference "System.Threading.Thread, Version=8.0.0.0, Culture=neutral, PublicKeyToken=b03f5f7f11d50a3a".
             Resolved file path is "C:\Program Files\dotnet\packs\Microsoft.NETCore.App.Ref\8.0.23\ref\net8.0\System.Threading.Thread.dll".
             Reference found at search path location "{RawFileName}".
             This reference is not "CopyLocal" because at least one source item had "Private" set to "false" and no source items had "Private" set to "true".
         Primary reference "System.Threading.ThreadPool, Version=8.0.0.0, Culture=neutral, PublicKeyToken=b03f5f7f11d50a3a".
             Resolved file path is "C:\Program Files\dotnet\packs\Microsoft.NETCore.App.Ref\8.0.23\ref\net8.0\System.Threading.ThreadPool.dll".
             Reference found at search path location "{RawFileName}".
             This reference is not "CopyLocal" because at least one source item had "Private" set to "false" and no source items had "Private" set to "true".
         Primary reference "System.Threading.Timer, Version=8.0.0.0, Culture=neutral, PublicKeyToken=b03f5f7f11d50a3a".
             Resolved file path is "C:\Program Files\dotnet\packs\Microsoft.NETCore.App.Ref\8.0.23\ref\net8.0\System.Threading.Timer.dll".
             Reference found at search path location "{RawFileName}".
             This reference is not "CopyLocal" because at least one source item had "Private" set to "false" and no source items had "Private" set to "true".
         Primary reference "System.Threading, Version=8.0.0.0, Culture=neutral, PublicKeyToken=b03f5f7f11d50a3a".
             Resolved file path is "C:\Program Files\dotnet\packs\Microsoft.NETCore.App.Ref\8.0.23\ref\net8.0\System.Threading.dll".
             Reference found at search path location "{RawFileName}".
             This reference is not "CopyLocal" because at least one source item had "Private" set to "false" and no source items had "Private" set to "true".
         Primary reference "System.Transactions.Local, Version=8.0.0.0, Culture=neutral, PublicKeyToken=cc7b13ffcd2ddd51".
             Resolved file path is "C:\Program Files\dotnet\packs\Microsoft.NETCore.App.Ref\8.0.23\ref\net8.0\System.Transactions.Local.dll".
             Reference found at search path location "{RawFileName}".
             This reference is not "CopyLocal" because at least one source item had "Private" set to "false" and no source items had "Private" set to "true".
         Primary reference "System.Transactions, Version=4.0.0.0, Culture=neutral, PublicKeyToken=b77a5c561934e089".
             Resolved file path is "C:\Program Files\dotnet\packs\Microsoft.NETCore.App.Ref\8.0.23\ref\net8.0\System.Transactions.dll".
             Reference found at search path location "{RawFileName}".
             This reference is not "CopyLocal" because at least one source item had "Private" set to "false" and no source items had "Private" set to "true".
         Primary reference "System.ValueTuple, Version=8.0.0.0, Culture=neutral, PublicKeyToken=cc7b13ffcd2ddd51".
             Resolved file path is "C:\Program Files\dotnet\packs\Microsoft.NETCore.App.Ref\8.0.23\ref\net8.0\System.ValueTuple.dll".
             Reference found at search path location "{RawFileName}".
             This reference is not "CopyLocal" because at least one source item had "Private" set to "false" and no source items had "Private" set to "true".
         Primary reference "System.Web.HttpUtility, Version=8.0.0.0, Culture=neutral, PublicKeyToken=cc7b13ffcd2ddd51".
             Resolved file path is "C:\Program Files\dotnet\packs\Microsoft.NETCore.App.Ref\8.0.23\ref\net8.0\System.Web.HttpUtility.dll".
             Reference found at search path location "{RawFileName}".
             This reference is not "CopyLocal" because at least one source item had "Private" set to "false" and no source items had "Private" set to "true".
         Primary reference "System.Web, Version=4.0.0.0, Culture=neutral, PublicKeyToken=b03f5f7f11d50a3a".
             Resolved file path is "C:\Program Files\dotnet\packs\Microsoft.NETCore.App.Ref\8.0.23\ref\net8.0\System.Web.dll".
             Reference found at search path location "{RawFileName}".
             This reference is not "CopyLocal" because at least one source item had "Private" set to "false" and no source items had "Private" set to "true".
         Primary reference "System.Windows, Version=4.0.0.0, Culture=neutral, PublicKeyToken=b03f5f7f11d50a3a".
             Resolved file path is "C:\Program Files\dotnet\packs\Microsoft.NETCore.App.Ref\8.0.23\ref\net8.0\System.Windows.dll".
             Reference found at search path location "{RawFileName}".
             This reference is not "CopyLocal" because at least one source item had "Private" set to "false" and no source items had "Private" set to "true".
         Primary reference "System.Xml.Linq, Version=4.0.0.0, Culture=neutral, PublicKeyToken=b77a5c561934e089".
             Resolved file path is "C:\Program Files\dotnet\packs\Microsoft.NETCore.App.Ref\8.0.23\ref\net8.0\System.Xml.Linq.dll".
             Reference found at search path location "{RawFileName}".
             This reference is not "CopyLocal" because at least one source item had "Private" set to "false" and no source items had "Private" set to "true".
         Primary reference "System.Xml.ReaderWriter, Version=8.0.0.0, Culture=neutral, PublicKeyToken=b03f5f7f11d50a3a".
             Resolved file path is "C:\Program Files\dotnet\packs\Microsoft.NETCore.App.Ref\8.0.23\ref\net8.0\System.Xml.ReaderWriter.dll".
             Reference found at search path location "{RawFileName}".
             This reference is not "CopyLocal" because at least one source item had "Private" set to "false" and no source items had "Private" set to "true".
         Primary reference "System.Xml.Serialization, Version=4.0.0.0, Culture=neutral, PublicKeyToken=b77a5c561934e089".
             Resolved file path is "C:\Program Files\dotnet\packs\Microsoft.NETCore.App.Ref\8.0.23\ref\net8.0\System.Xml.Serialization.dll".
             Reference found at search path location "{RawFileName}".
             This reference is not "CopyLocal" because at least one source item had "Private" set to "false" and no source items had "Private" set to "true".
         Primary reference "System.Xml.XDocument, Version=8.0.0.0, Culture=neutral, PublicKeyToken=b03f5f7f11d50a3a".
             Resolved file path is "C:\Program Files\dotnet\packs\Microsoft.NETCore.App.Ref\8.0.23\ref\net8.0\System.Xml.XDocument.dll".
             Reference found at search path location "{RawFileName}".
             This reference is not "CopyLocal" because at least one source item had "Private" set to "false" and no source items had "Private" set to "true".
         Primary reference "System.Xml.XPath.XDocument, Version=8.0.0.0, Culture=neutral, PublicKeyToken=b03f5f7f11d50a3a".
             Resolved file path is "C:\Program Files\dotnet\packs\Microsoft.NETCore.App.Ref\8.0.23\ref\net8.0\System.Xml.XPath.XDocument.dll".
             Reference found at search path location "{RawFileName}".
             This reference is not "CopyLocal" because at least one source item had "Private" set to "false" and no source items had "Private" set to "true".
         Primary reference "System.Xml.XPath, Version=8.0.0.0, Culture=neutral, PublicKeyToken=b03f5f7f11d50a3a".
             Resolved file path is "C:\Program Files\dotnet\packs\Microsoft.NETCore.App.Ref\8.0.23\ref\net8.0\System.Xml.XPath.dll".
             Reference found at search path location "{RawFileName}".
             This reference is not "CopyLocal" because at least one source item had "Private" set to "false" and no source items had "Private" set to "true".
         Primary reference "System.Xml.XmlDocument, Version=8.0.0.0, Culture=neutral, PublicKeyToken=b03f5f7f11d50a3a".
             Resolved file path is "C:\Program Files\dotnet\packs\Microsoft.NETCore.App.Ref\8.0.23\ref\net8.0\System.Xml.XmlDocument.dll".
             Reference found at search path location "{RawFileName}".
             This reference is not "CopyLocal" because at least one source item had "Private" set to "false" and no source items had "Private" set to "true".
         Primary reference "System.Xml.XmlSerializer, Version=8.0.0.0, Culture=neutral, PublicKeyToken=b03f5f7f11d50a3a".
             Resolved file path is "C:\Program Files\dotnet\packs\Microsoft.NETCore.App.Ref\8.0.23\ref\net8.0\System.Xml.XmlSerializer.dll".
             Reference found at search path location "{RawFileName}".
             This reference is not "CopyLocal" because at least one source item had "Private" set to "false" and no source items had "Private" set to "true".
         Primary reference "System.Xml, Version=4.0.0.0, Culture=neutral, PublicKeyToken=b77a5c561934e089".
             Resolved file path is "C:\Program Files\dotnet\packs\Microsoft.NETCore.App.Ref\8.0.23\ref\net8.0\System.Xml.dll".
             Reference found at search path location "{RawFileName}".
             This reference is not "CopyLocal" because at least one source item had "Private" set to "false" and no source items had "Private" set to "true".
         Primary reference "System, Version=4.0.0.0, Culture=neutral, PublicKeyToken=b77a5c561934e089".
             Resolved file path is "C:\Program Files\dotnet\packs\Microsoft.NETCore.App.Ref\8.0.23\ref\net8.0\System.dll".
             Reference found at search path location "{RawFileName}".
             This reference is not "CopyLocal" because at least one source item had "Private" set to "false" and no source items had "Private" set to "true".
         Primary reference "mscorlib, Version=4.0.0.0, Culture=neutral, PublicKeyToken=b77a5c561934e089".
             Resolved file path is "C:\Program Files\dotnet\packs\Microsoft.NETCore.App.Ref\8.0.23\ref\net8.0\mscorlib.dll".
             Reference found at search path location "{RawFileName}".
             This reference is not "CopyLocal" because at least one source item had "Private" set to "false" and no source items had "Private" set to "true".
         Primary reference "netstandard, Version=2.1.0.0, Culture=neutral, PublicKeyToken=cc7b13ffcd2ddd51".
             Resolved file path is "C:\Program Files\dotnet\packs\Microsoft.NETCore.App.Ref\8.0.23\ref\net8.0\netstandard.dll".
             Reference found at search path location "{RawFileName}".
             This reference is not "CopyLocal" because at least one source item had "Private" set to "false" and no source items had "Private" set to "true".
         Primary reference "Accessibility, Version=4.0.0.0, Culture=neutral, PublicKeyToken=31bf3856ad364e35".
             Resolved file path is "C:\Program Files\dotnet\packs\Microsoft.WindowsDesktop.App.Ref\8.0.23\ref\net8.0\Accessibility.dll".
             Reference found at search path location "{RawFileName}".
             This reference is not "CopyLocal" because at least one source item had "Private" set to "false" and no source items had "Private" set to "true".
         Primary reference "Microsoft.VisualBasic.Forms, Version=8.0.0.0, Culture=neutral, PublicKeyToken=b03f5f7f11d50a3a".
             Resolved file path is "C:\Program Files\dotnet\packs\Microsoft.WindowsDesktop.App.Ref\8.0.23\ref\net8.0\Microsoft.VisualBasic.Forms.dll".
             Reference found at search path location "{RawFileName}".
             This reference is not "CopyLocal" because at least one source item had "Private" set to "false" and no source items had "Private" set to "true".
         Primary reference "Microsoft.VisualBasic, Version=10.1.0.0, Culture=neutral, PublicKeyToken=b03f5f7f11d50a3a".
             Resolved file path is "C:\Program Files\dotnet\packs\Microsoft.WindowsDesktop.App.Ref\8.0.23\ref\net8.0\Microsoft.VisualBasic.dll".
             Reference found at search path location "{RawFileName}".
             This reference is not "CopyLocal" because at least one source item had "Private" set to "false" and no source items had "Private" set to "true".
         Primary reference "Microsoft.Win32.Registry.AccessControl, Version=8.0.0.0, Culture=neutral, PublicKeyToken=b03f5f7f11d50a3a".
             Resolved file path is "C:\Program Files\dotnet\packs\Microsoft.WindowsDesktop.App.Ref\8.0.23\ref\net8.0\Microsoft.Win32.Registry.AccessControl.dll".
             Reference found at search path location "{RawFileName}".
             This reference is not "CopyLocal" because at least one source item had "Private" set to "false" and no source items had "Private" set to "true".
         Primary reference "Microsoft.Win32.SystemEvents, Version=8.0.0.0, Culture=neutral, PublicKeyToken=cc7b13ffcd2ddd51".
             Resolved file path is "C:\Program Files\dotnet\packs\Microsoft.WindowsDesktop.App.Ref\8.0.23\ref\net8.0\Microsoft.Win32.SystemEvents.dll".
             Reference found at search path location "{RawFileName}".
             This reference is not "CopyLocal" because at least one source item had "Private" set to "false" and no source items had "Private" set to "true".
         Primary reference "PresentationCore, Version=8.0.0.0, Culture=neutral, PublicKeyToken=31bf3856ad364e35".
             Resolved file path is "C:\Program Files\dotnet\packs\Microsoft.WindowsDesktop.App.Ref\8.0.23\ref\net8.0\PresentationCore.dll".
             Reference found at search path location "{RawFileName}".
             This reference is not "CopyLocal" because at least one source item had "Private" set to "false" and no source items had "Private" set to "true".
         Primary reference "PresentationFramework.Aero, Version=8.0.0.0, Culture=neutral, PublicKeyToken=31bf3856ad364e35".
             Resolved file path is "C:\Program Files\dotnet\packs\Microsoft.WindowsDesktop.App.Ref\8.0.23\ref\net8.0\PresentationFramework.Aero.dll".
             Reference found at search path location "{RawFileName}".
             This reference is not "CopyLocal" because at least one source item had "Private" set to "false" and no source items had "Private" set to "true".
         Primary reference "PresentationFramework.Aero2, Version=8.0.0.0, Culture=neutral, PublicKeyToken=31bf3856ad364e35".
             Resolved file path is "C:\Program Files\dotnet\packs\Microsoft.WindowsDesktop.App.Ref\8.0.23\ref\net8.0\PresentationFramework.Aero2.dll".
             Reference found at search path location "{RawFileName}".
             This reference is not "CopyLocal" because at least one source item had "Private" set to "false" and no source items had "Private" set to "true".
         Primary reference "PresentationFramework.AeroLite, Version=8.0.0.0, Culture=neutral, PublicKeyToken=31bf3856ad364e35".
             Resolved file path is "C:\Program Files\dotnet\packs\Microsoft.WindowsDesktop.App.Ref\8.0.23\ref\net8.0\PresentationFramework.AeroLite.dll".
             Reference found at search path location "{RawFileName}".
             This reference is not "CopyLocal" because at least one source item had "Private" set to "false" and no source items had "Private" set to "true".
         Primary reference "PresentationFramework.Classic, Version=8.0.0.0, Culture=neutral, PublicKeyToken=31bf3856ad364e35".
             Resolved file path is "C:\Program Files\dotnet\packs\Microsoft.WindowsDesktop.App.Ref\8.0.23\ref\net8.0\PresentationFramework.Classic.dll".
             Reference found at search path location "{RawFileName}".
             This reference is not "CopyLocal" because at least one source item had "Private" set to "false" and no source items had "Private" set to "true".
         Primary reference "PresentationFramework.Luna, Version=8.0.0.0, Culture=neutral, PublicKeyToken=31bf3856ad364e35".
             Resolved file path is "C:\Program Files\dotnet\packs\Microsoft.WindowsDesktop.App.Ref\8.0.23\ref\net8.0\PresentationFramework.Luna.dll".
             Reference found at search path location "{RawFileName}".
             This reference is not "CopyLocal" because at least one source item had "Private" set to "false" and no source items had "Private" set to "true".
         Primary reference "PresentationFramework.Royale, Version=8.0.0.0, Culture=neutral, PublicKeyToken=31bf3856ad364e35".
             Resolved file path is "C:\Program Files\dotnet\packs\Microsoft.WindowsDesktop.App.Ref\8.0.23\ref\net8.0\PresentationFramework.Royale.dll".
             Reference found at search path location "{RawFileName}".
             This reference is not "CopyLocal" because at least one source item had "Private" set to "false" and no source items had "Private" set to "true".
         Primary reference "PresentationFramework, Version=8.0.0.0, Culture=neutral, PublicKeyToken=31bf3856ad364e35".
             Resolved file path is "C:\Program Files\dotnet\packs\Microsoft.WindowsDesktop.App.Ref\8.0.23\ref\net8.0\PresentationFramework.dll".
             Reference found at search path location "{RawFileName}".
             This reference is not "CopyLocal" because at least one source item had "Private" set to "false" and no source items had "Private" set to "true".
         Primary reference "PresentationUI, Version=8.0.0.0, Culture=neutral, PublicKeyToken=b77a5c561934e089".
             Resolved file path is "C:\Program Files\dotnet\packs\Microsoft.WindowsDesktop.App.Ref\8.0.23\ref\net8.0\PresentationUI.dll".
             Reference found at search path location "{RawFileName}".
             This reference is not "CopyLocal" because at least one source item had "Private" set to "false" and no source items had "Private" set to "true".
         Primary reference "ReachFramework, Version=8.0.0.0, Culture=neutral, PublicKeyToken=31bf3856ad364e35".
             Resolved file path is "C:\Program Files\dotnet\packs\Microsoft.WindowsDesktop.App.Ref\8.0.23\ref\net8.0\ReachFramework.dll".
             Reference found at search path location "{RawFileName}".
             This reference is not "CopyLocal" because at least one source item had "Private" set to "false" and no source items had "Private" set to "true".
         Primary reference "System.CodeDom, Version=8.0.0.0, Culture=neutral, PublicKeyToken=cc7b13ffcd2ddd51".
             Resolved file path is "C:\Program Files\dotnet\packs\Microsoft.WindowsDesktop.App.Ref\8.0.23\ref\net8.0\System.CodeDom.dll".
             Reference found at search path location "{RawFileName}".
             This reference is not "CopyLocal" because at least one source item had "Private" set to "false" and no source items had "Private" set to "true".
         Primary reference "System.Configuration.ConfigurationManager, Version=8.0.0.0, Culture=neutral, PublicKeyToken=cc7b13ffcd2ddd51".
             Resolved file path is "C:\Program Files\dotnet\packs\Microsoft.WindowsDesktop.App.Ref\8.0.23\ref\net8.0\System.Configuration.ConfigurationManager.dll".
             Reference found at search path location "{RawFileName}".
             This reference is not "CopyLocal" because at least one source item had "Private" set to "false" and no source items had "Private" set to "true".
         Primary reference "System.Design, Version=8.0.0.0, Culture=neutral, PublicKeyToken=b03f5f7f11d50a3a".
             Resolved file path is "C:\Program Files\dotnet\packs\Microsoft.WindowsDesktop.App.Ref\8.0.23\ref\net8.0\System.Design.dll".
             Reference found at search path location "{RawFileName}".
             This reference is not "CopyLocal" because at least one source item had "Private" set to "false" and no source items had "Private" set to "true".
         Primary reference "System.Diagnostics.EventLog, Version=8.0.0.0, Culture=neutral, PublicKeyToken=cc7b13ffcd2ddd51".
             Resolved file path is "C:\Program Files\dotnet\packs\Microsoft.WindowsDesktop.App.Ref\8.0.23\ref\net8.0\System.Diagnostics.EventLog.dll".
             Reference found at search path location "{RawFileName}".
             This reference is not "CopyLocal" because at least one source item had "Private" set to "false" and no source items had "Private" set to "true".
         Primary reference "System.Diagnostics.PerformanceCounter, Version=8.0.0.0, Culture=neutral, PublicKeyToken=cc7b13ffcd2ddd51".
             Resolved file path is "C:\Program Files\dotnet\packs\Microsoft.WindowsDesktop.App.Ref\8.0.23\ref\net8.0\System.Diagnostics.PerformanceCounter.dll".
             Reference found at search path location "{RawFileName}".
             This reference is not "CopyLocal" because at least one source item had "Private" set to "false" and no source items had "Private" set to "true".
         Primary reference "System.DirectoryServices, Version=8.0.0.0, Culture=neutral, PublicKeyToken=b03f5f7f11d50a3a".
             Resolved file path is "C:\Program Files\dotnet\packs\Microsoft.WindowsDesktop.App.Ref\8.0.23\ref\net8.0\System.DirectoryServices.dll".
             Reference found at search path location "{RawFileName}".
             This reference is not "CopyLocal" because at least one source item had "Private" set to "false" and no source items had "Private" set to "true".
         Primary reference "System.Drawing.Common, Version=8.0.0.0, Culture=neutral, PublicKeyToken=cc7b13ffcd2ddd51".
             Resolved file path is "C:\Program Files\dotnet\packs\Microsoft.WindowsDesktop.App.Ref\8.0.23\ref\net8.0\System.Drawing.Common.dll".
             Reference found at search path location "{RawFileName}".
             This reference is not "CopyLocal" because at least one source item had "Private" set to "false" and no source items had "Private" set to "true".
         Primary reference "System.Drawing.Design, Version=8.0.0.0, Culture=neutral, PublicKeyToken=b03f5f7f11d50a3a".
             Resolved file path is "C:\Program Files\dotnet\packs\Microsoft.WindowsDesktop.App.Ref\8.0.23\ref\net8.0\System.Drawing.Design.dll".
             Reference found at search path location "{RawFileName}".
             This reference is not "CopyLocal" because at least one source item had "Private" set to "false" and no source items had "Private" set to "true".
         Primary reference "System.Drawing, Version=8.0.0.0, Culture=neutral, PublicKeyToken=b03f5f7f11d50a3a".
             Resolved file path is "C:\Program Files\dotnet\packs\Microsoft.WindowsDesktop.App.Ref\8.0.23\ref\net8.0\System.Drawing.dll".
             Reference found at search path location "{RawFileName}".
             This reference is not "CopyLocal" because at least one source item had "Private" set to "false" and no source items had "Private" set to "true".
         Primary reference "System.IO.Packaging, Version=8.0.0.0, Culture=neutral, PublicKeyToken=b03f5f7f11d50a3a".
             Resolved file path is "C:\Program Files\dotnet\packs\Microsoft.WindowsDesktop.App.Ref\8.0.23\ref\net8.0\System.IO.Packaging.dll".
             Reference found at search path location "{RawFileName}".
             This reference is not "CopyLocal" because at least one source item had "Private" set to "false" and no source items had "Private" set to "true".
         Primary reference "System.Printing, Version=8.0.0.0, Culture=neutral, PublicKeyToken=31bf3856ad364e35".
             Resolved file path is "C:\Program Files\dotnet\packs\Microsoft.WindowsDesktop.App.Ref\8.0.23\ref\net8.0\System.Printing.dll".
             Reference found at search path location "{RawFileName}".
             This reference is not "CopyLocal" because at least one source item had "Private" set to "false" and no source items had "Private" set to "true".
         Primary reference "System.Resources.Extensions, Version=8.0.0.0, Culture=neutral, PublicKeyToken=cc7b13ffcd2ddd51".
             Resolved file path is "C:\Program Files\dotnet\packs\Microsoft.WindowsDesktop.App.Ref\8.0.23\ref\net8.0\System.Resources.Extensions.dll".
             Reference found at search path location "{RawFileName}".
             This reference is not "CopyLocal" because at least one source item had "Private" set to "false" and no source items had "Private" set to "true".
         Primary reference "System.Security.Cryptography.Pkcs, Version=8.0.0.0, Culture=neutral, PublicKeyToken=b03f5f7f11d50a3a".
             Resolved file path is "C:\Program Files\dotnet\packs\Microsoft.WindowsDesktop.App.Ref\8.0.23\ref\net8.0\System.Security.Cryptography.Pkcs.dll".
             Reference found at search path location "{RawFileName}".
             This reference is not "CopyLocal" because at least one source item had "Private" set to "false" and no source items had "Private" set to "true".
         Primary reference "System.Security.Cryptography.ProtectedData, Version=8.0.0.0, Culture=neutral, PublicKeyToken=b03f5f7f11d50a3a".
             Resolved file path is "C:\Program Files\dotnet\packs\Microsoft.WindowsDesktop.App.Ref\8.0.23\ref\net8.0\System.Security.Cryptography.ProtectedData.dll".
             Reference found at search path location "{RawFileName}".
             This reference is not "CopyLocal" because at least one source item had "Private" set to "false" and no source items had "Private" set to "true".
         Primary reference "System.Security.Cryptography.Xml, Version=8.0.0.0, Culture=neutral, PublicKeyToken=cc7b13ffcd2ddd51".
             Resolved file path is "C:\Program Files\dotnet\packs\Microsoft.WindowsDesktop.App.Ref\8.0.23\ref\net8.0\System.Security.Cryptography.Xml.dll".
             Reference found at search path location "{RawFileName}".
             This reference is not "CopyLocal" because at least one source item had "Private" set to "false" and no source items had "Private" set to "true".
         Primary reference "System.Security.Permissions, Version=8.0.0.0, Culture=neutral, PublicKeyToken=cc7b13ffcd2ddd51".
             Resolved file path is "C:\Program Files\dotnet\packs\Microsoft.WindowsDesktop.App.Ref\8.0.23\ref\net8.0\System.Security.Permissions.dll".
             Reference found at search path location "{RawFileName}".
             This reference is not "CopyLocal" because at least one source item had "Private" set to "false" and no source items had "Private" set to "true".
         Primary reference "System.Threading.AccessControl, Version=8.0.0.0, Culture=neutral, PublicKeyToken=b03f5f7f11d50a3a".
             Resolved file path is "C:\Program Files\dotnet\packs\Microsoft.WindowsDesktop.App.Ref\8.0.23\ref\net8.0\System.Threading.AccessControl.dll".
             Reference found at search path location "{RawFileName}".
             This reference is not "CopyLocal" because at least one source item had "Private" set to "false" and no source items had "Private" set to "true".
         Primary reference "System.Windows.Controls.Ribbon, Version=8.0.0.0, Culture=neutral, PublicKeyToken=b77a5c561934e089".
             Resolved file path is "C:\Program Files\dotnet\packs\Microsoft.WindowsDesktop.App.Ref\8.0.23\ref\net8.0\System.Windows.Controls.Ribbon.dll".
             Reference found at search path location "{RawFileName}".
             This reference is not "CopyLocal" because at least one source item had "Private" set to "false" and no source items had "Private" set to "true".
         Primary reference "System.Windows.Extensions, Version=8.0.0.0, Culture=neutral, PublicKeyToken=cc7b13ffcd2ddd51".
             Resolved file path is "C:\Program Files\dotnet\packs\Microsoft.WindowsDesktop.App.Ref\8.0.23\ref\net8.0\System.Windows.Extensions.dll".
             Reference found at search path location "{RawFileName}".
             This reference is not "CopyLocal" because at least one source item had "Private" set to "false" and no source items had "Private" set to "true".
         Primary reference "System.Windows.Forms.Design.Editors, Version=8.0.0.0, Culture=neutral, PublicKeyToken=b03f5f7f11d50a3a".
             Resolved file path is "C:\Program Files\dotnet\packs\Microsoft.WindowsDesktop.App.Ref\8.0.23\ref\net8.0\System.Windows.Forms.Design.Editors.dll".
             Reference found at search path location "{RawFileName}".
             This reference is not "CopyLocal" because at least one source item had "Private" set to "false" and no source items had "Private" set to "true".
         Primary reference "System.Windows.Forms.Design, Version=8.0.0.0, Culture=neutral, PublicKeyToken=b77a5c561934e089".
             Resolved file path is "C:\Program Files\dotnet\packs\Microsoft.WindowsDesktop.App.Ref\8.0.23\ref\net8.0\System.Windows.Forms.Design.dll".
             Reference found at search path location "{RawFileName}".
             This reference is not "CopyLocal" because at least one source item had "Private" set to "false" and no source items had "Private" set to "true".
         Primary reference "System.Windows.Forms.Primitives, Version=8.0.0.0, Culture=neutral, PublicKeyToken=b77a5c561934e089".
             Resolved file path is "C:\Program Files\dotnet\packs\Microsoft.WindowsDesktop.App.Ref\8.0.23\ref\net8.0\System.Windows.Forms.Primitives.dll".
             Reference found at search path location "{RawFileName}".
             This reference is not "CopyLocal" because at least one source item had "Private" set to "false" and no source items had "Private" set to "true".
         Primary reference "System.Windows.Forms, Version=8.0.0.0, Culture=neutral, PublicKeyToken=b77a5c561934e089".
             Resolved file path is "C:\Program Files\dotnet\packs\Microsoft.WindowsDesktop.App.Ref\8.0.23\ref\net8.0\System.Windows.Forms.dll".
             Reference found at search path location "{RawFileName}".
             This reference is not "CopyLocal" because at least one source item had "Private" set to "false" and no source items had "Private" set to "true".
         Primary reference "System.Windows.Input.Manipulations, Version=8.0.0.0, Culture=neutral, PublicKeyToken=b77a5c561934e089".
             Resolved file path is "C:\Program Files\dotnet\packs\Microsoft.WindowsDesktop.App.Ref\8.0.23\ref\net8.0\System.Windows.Input.Manipulations.dll".
             Reference found at search path location "{RawFileName}".
             This reference is not "CopyLocal" because at least one source item had "Private" set to "false" and no source items had "Private" set to "true".
         Primary reference "System.Windows.Presentation, Version=8.0.0.0, Culture=neutral, PublicKeyToken=b77a5c561934e089".
             Resolved file path is "C:\Program Files\dotnet\packs\Microsoft.WindowsDesktop.App.Ref\8.0.23\ref\net8.0\System.Windows.Presentation.dll".
             Reference found at search path location "{RawFileName}".
             This reference is not "CopyLocal" because at least one source item had "Private" set to "false" and no source items had "Private" set to "true".
         Primary reference "System.Xaml, Version=8.0.0.0, Culture=neutral, PublicKeyToken=b77a5c561934e089".
             Resolved file path is "C:\Program Files\dotnet\packs\Microsoft.WindowsDesktop.App.Ref\8.0.23\ref\net8.0\System.Xaml.dll".
             Reference found at search path location "{RawFileName}".
             This reference is not "CopyLocal" because at least one source item had "Private" set to "false" and no source items had "Private" set to "true".
         Primary reference "UIAutomationClient, Version=8.0.0.0, Culture=neutral, PublicKeyToken=31bf3856ad364e35".
             Resolved file path is "C:\Program Files\dotnet\packs\Microsoft.WindowsDesktop.App.Ref\8.0.23\ref\net8.0\UIAutomationClient.dll".
             Reference found at search path location "{RawFileName}".
             This reference is not "CopyLocal" because at least one source item had "Private" set to "false" and no source items had "Private" set to "true".
         Primary reference "UIAutomationClientSideProviders, Version=8.0.0.0, Culture=neutral, PublicKeyToken=b77a5c561934e089".
             Resolved file path is "C:\Program Files\dotnet\packs\Microsoft.WindowsDesktop.App.Ref\8.0.23\ref\net8.0\UIAutomationClientSideProviders.dll".
             Reference found at search path location "{RawFileName}".
             This reference is not "CopyLocal" because at least one source item had "Private" set to "false" and no source items had "Private" set to "true".
         Primary reference "UIAutomationProvider, Version=8.0.0.0, Culture=neutral, PublicKeyToken=31bf3856ad364e35".
             Resolved file path is "C:\Program Files\dotnet\packs\Microsoft.WindowsDesktop.App.Ref\8.0.23\ref\net8.0\UIAutomationProvider.dll".
             Reference found at search path location "{RawFileName}".
             This reference is not "CopyLocal" because at least one source item had "Private" set to "false" and no source items had "Private" set to "true".
         Primary reference "UIAutomationTypes, Version=8.0.0.0, Culture=neutral, PublicKeyToken=31bf3856ad364e35".
             Resolved file path is "C:\Program Files\dotnet\packs\Microsoft.WindowsDesktop.App.Ref\8.0.23\ref\net8.0\UIAutomationTypes.dll".
             Reference found at search path location "{RawFileName}".
             This reference is not "CopyLocal" because at least one source item had "Private" set to "false" and no source items had "Private" set to "true".
         Primary reference "WindowsBase, Version=8.0.0.0, Culture=neutral, PublicKeyToken=31bf3856ad364e35".
             Resolved file path is "C:\Program Files\dotnet\packs\Microsoft.WindowsDesktop.App.Ref\8.0.23\ref\net8.0\WindowsBase.dll".
             Reference found at search path location "{RawFileName}".
             This reference is not "CopyLocal" because at least one source item had "Private" set to "false" and no source items had "Private" set to "true".
         Primary reference "WindowsFormsIntegration, Version=8.0.0.0, Culture=neutral, PublicKeyToken=31bf3856ad364e35".
             Resolved file path is "C:\Program Files\dotnet\packs\Microsoft.WindowsDesktop.App.Ref\8.0.23\ref\net8.0\WindowsFormsIntegration.dll".
             Reference found at search path location "{RawFileName}".
             This reference is not "CopyLocal" because at least one source item had "Private" set to "false" and no source items had "Private" set to "true".
         Primary reference "Microsoft.Windows.SDK.NET, Version=10.0.19041.38, Culture=neutral, PublicKeyToken=31bf3856ad364e35".
             Resolved file path is "C:\Users\louis\.nuget\packages\microsoft.windows.sdk.net.ref\10.0.19041.56\lib\net8.0\Microsoft.Windows.SDK.NET.dll".
             Reference found at search path location "{RawFileName}".
             This reference is not "CopyLocal" because at least one source item had "Private" set to "false" and no source items had "Private" set to "true".
         Primary reference "WinRT.Runtime, Version=2.2.0.0, Culture=neutral, PublicKeyToken=99ea127f02d97709".
             Resolved file path is "C:\Users\louis\.nuget\packages\microsoft.windows.sdk.net.ref\10.0.19041.56\lib\net8.0\WinRT.Runtime.dll".
             Reference found at search path location "{RawFileName}".
             This reference is not "CopyLocal" because at least one source item had "Private" set to "false" and no source items had "Private" set to "true".
       Done executing task "ResolveAssemblyReference".
   1:7>Done building target "ResolveAssemblyReferences" in project "CosmoWhisper.csproj".
       Target "_ErrorOnUnresolvedWindowsSDKAssemblyConflict" skipped, due to false condition; ( '@(ResolveAssemblyReferenceUnresolvedAssemblyConflicts)' != '' ) was evaluated as ( '' != '' ).
       Target "GenerateBindingRedirects" skipped, due to false condition; ('$(AutoGenerateBindingRedirects)' == 'true' and '$(GenerateBindingRedirectsOutputType)' == 'true' and '@(SuggestedBindingRedirects)' != '' and '$(DesignTimeBuild)' != 'true' and '$(BuildingProject)' == 'true') was evaluated as ('' == 'true' and 'true' == 'true' and '' != '' and '' != 'true' and 'true' == 'true').
       Target "GenerateSupportedRuntime" skipped, due to false condition; ('$(GenerateSupportedRuntime)' != 'false' and '$(TargetFrameworkIdentifier)' == '.NETFramework' and '$(HasRuntimeOutput)' == 'true') was evaluated as ('' != 'false' and '.NETCoreApp' == '.NETFramework' and 'true' == 'true').
       Target "GenerateBindingRedirectsUpdateAppConfig" skipped, due to false condition; ('$(AutoGenerateBindingRedirects)' == 'true' and '$(GenerateBindingRedirectsOutputType)' == 'true') was evaluated as ('' == 'true' and 'true' == 'true').
       Target "ResolveComReferences" skipped, due to false condition; ('@(COMReference)'!='' or '@(COMFileReference)'!='') was evaluated as (''!='' or ''!='').
   1:7>Target "AfterResolveReferences" in file "C:\Program Files\dotnet\sdk\8.0.417\Microsoft.Common.CurrentVersion.targets" from project "C:\Users\louis\OneDrive\Documents\GitHub\CosmoWhisper-Native\CosmoWhisper-Windows\CosmoWhisper\CosmoWhisper.csproj" (target "ResolveReferences" depends on it):
   1:7>Done building target "AfterResolveReferences" in project "CosmoWhisper.csproj".
   1:7>Target "ResolveReferences" in file "C:\Program Files\dotnet\sdk\8.0.417\Microsoft.Common.CurrentVersion.targets" from project "C:\Users\louis\OneDrive\Documents\GitHub\CosmoWhisper-Native\CosmoWhisper-Windows\CosmoWhisper\CosmoWhisper.csproj" (target "_BlockWinMDsOnUnsupportedTFMs" depends on it):
   1:7>Done building target "ResolveReferences" in project "CosmoWhisper.csproj".
   1:7>Target "_BlockWinMDsOnUnsupportedTFMs" in file "C:\Program Files\dotnet\sdk\8.0.417\Sdks\Microsoft.NET.Sdk\targets\Microsoft.NET.Sdk.targets" from project "C:\Users\louis\OneDrive\Documents\GitHub\CosmoWhisper-Native\CosmoWhisper-Windows\CosmoWhisper\CosmoWhisper.csproj" (target "CoreBuild" depends on it):
       Using "CheckForUnsupportedWinMDReferences" task from assembly "C:\Program Files\dotnet\sdk\8.0.417\Sdks\Microsoft.NET.Sdk\targets\..\tools\net8.0\Microsoft.NET.Build.Tasks.dll".
       Task "CheckForUnsupportedWinMDReferences"
       Done executing task "CheckForUnsupportedWinMDReferences".
       Task "NETSdkError" skipped, due to false condition; ('$(OutputType)' == 'winmdobj') was evaluated as ('WinExe' == 'winmdobj').
   1:7>Done building target "_BlockWinMDsOnUnsupportedTFMs" in project "CosmoWhisper.csproj".
       Target "ResolveReferences" skipped. Previously built successfully.
       Target "SplashScreenValidation" skipped, due to false condition; ('@(SplashScreen)' != '') was evaluated as ('' != '').
   1:7>Target "MarkupCompilePass1" in file "C:\Program Files\dotnet\sdk\8.0.417\Sdks\Microsoft.NET.Sdk.WindowsDesktop\targets\Microsoft.WinFX.targets" from project "C:\Users\louis\OneDrive\Documents\GitHub\CosmoWhisper-Native\CosmoWhisper-Windows\CosmoWhisper\CosmoWhisper.csproj" (target "PrepareResources" depends on it):
       Task "Message" skipped, due to false condition; ('$(MSBuildTargetsVerbose)'=='true') was evaluated as (''=='true').
       Task "Message" skipped, due to false condition; ('$(MSBuildTargetsVerbose)'=='true') was evaluated as (''=='true').
       Task "Message" skipped, due to false condition; ('$(MSBuildTargetsVerbose)'=='true') was evaluated as (''=='true').
       Task "Message" skipped, due to false condition; ('$(MSBuildTargetsVerbose)'=='true') was evaluated as (''=='true').
       Assembly loaded during TaskRun: PresentationBuildTasks, Version=8.0.23.0, Culture=neutral, PublicKeyToken=31bf3856ad364e35 (location: C:\Program Files\dotnet\sdk\8.0.417\Sdks\Microsoft.NET.Sdk.WindowsDesktop\tools\net8.0\PresentationBuildTasks.dll, MVID: 0612b732-1d12-4454-ae9f-93637c32d58a, AssemblyLoadContext: MSBuild plugin C:\Program Files\dotnet\sdk\8.0.417\Sdks\Microsoft.NET.Sdk.WindowsDesktop\tools\net8.0\PresentationBuildTasks.dll)
       Using "MarkupCompilePass1" task from assembly "C:\Program Files\dotnet\sdk\8.0.417\Sdks\Microsoft.NET.Sdk.WindowsDesktop\tools\net8.0\PresentationBuildTasks.dll".
       Task "MarkupCompilePass1"
         
         
         Microsoft (R) Build Task 'MarkupCompilePass1' Version '8.0.2325.60904'.
         Copyright (C) Microsoft Corporation 2005. All rights reserved.
         
         
         Input: Markup ApplicationDefinition file: 'C:\Users\louis\OneDrive\Documents\GitHub\CosmoWhisper-Native\CosmoWhisper-Windows\CosmoWhisper\App.xaml'.
         Current project directory is 'C:\Users\louis\OneDrive\Documents\GitHub\CosmoWhisper-Native\CosmoWhisper-Windows\CosmoWhisper\'.
         Analysis Result : 'NoRecompile'.
         Generated code file: 'C:\Users\louis\OneDrive\Documents\GitHub\CosmoWhisper-Native\CosmoWhisper-Windows\CosmoWhisper\obj\Debug\net8.0-windows10.0.19041.0\DashboardWindow.g.cs'.
         Generated BAML file: 'C:\Users\louis\OneDrive\Documents\GitHub\CosmoWhisper-Native\CosmoWhisper-Windows\CosmoWhisper\obj\Debug\net8.0-windows10.0.19041.0\DashboardWindow.baml'.
         Generated code file: 'C:\Users\louis\OneDrive\Documents\GitHub\CosmoWhisper-Native\CosmoWhisper-Windows\CosmoWhisper\obj\Debug\net8.0-windows10.0.19041.0\MainWindow.g.cs'.
         Generated BAML file: 'C:\Users\louis\OneDrive\Documents\GitHub\CosmoWhisper-Native\CosmoWhisper-Windows\CosmoWhisper\obj\Debug\net8.0-windows10.0.19041.0\MainWindow.baml'.
         Generated code file: 'C:\Users\louis\OneDrive\Documents\GitHub\CosmoWhisper-Native\CosmoWhisper-Windows\CosmoWhisper\obj\Debug\net8.0-windows10.0.19041.0\Views\MicrophoneView.g.cs'.
         Generated BAML file: 'C:\Users\louis\OneDrive\Documents\GitHub\CosmoWhisper-Native\CosmoWhisper-Windows\CosmoWhisper\obj\Debug\net8.0-windows10.0.19041.0\Views\MicrophoneView.baml'.
         Generated code file: 'C:\Users\louis\OneDrive\Documents\GitHub\CosmoWhisper-Native\CosmoWhisper-Windows\CosmoWhisper\obj\Debug\net8.0-windows10.0.19041.0\Views\ScriptsView.g.cs'.
         Generated BAML file: 'C:\Users\louis\OneDrive\Documents\GitHub\CosmoWhisper-Native\CosmoWhisper-Windows\CosmoWhisper\obj\Debug\net8.0-windows10.0.19041.0\Views\ScriptsView.baml'.
         Generated code file: 'C:\Users\louis\OneDrive\Documents\GitHub\CosmoWhisper-Native\CosmoWhisper-Windows\CosmoWhisper\obj\Debug\net8.0-windows10.0.19041.0\WidgetWindow.g.cs'.
         Generated BAML file: 'C:\Users\louis\OneDrive\Documents\GitHub\CosmoWhisper-Native\CosmoWhisper-Windows\CosmoWhisper\obj\Debug\net8.0-windows10.0.19041.0\WidgetWindow.baml'.
         Generated code file: 'C:\Users\louis\OneDrive\Documents\GitHub\CosmoWhisper-Native\CosmoWhisper-Windows\CosmoWhisper\obj\Debug\net8.0-windows10.0.19041.0\App.g.cs'.
         Generated BAML file: 'C:\Users\louis\OneDrive\Documents\GitHub\CosmoWhisper-Native\CosmoWhisper-Windows\CosmoWhisper\obj\Debug\net8.0-windows10.0.19041.0\App.baml'.
         Markup compilation is done.
         MarkupCompilePass1 successfully generated BAML or source code files.
       Done executing task "MarkupCompilePass1".
       Task "Message" skipped, due to false condition; ('$(MSBuildTargetsVerbose)'=='true') was evaluated as (''=='true').
       Task "Message" skipped, due to false condition; ('$(MSBuildTargetsVerbose)'=='true') was evaluated as (''=='true').
       Task "Message" skipped, due to false condition; ('$(MSBuildTargetsVerbose)'=='true') was evaluated as (''=='true').
       Task "Message" skipped, due to false condition; ('$(MSBuildTargetsVerbose)'=='true') was evaluated as (''=='true').
       Task "Message" skipped, due to false condition; ('$(MSBuildTargetsVerbose)'=='true') was evaluated as (''=='true').
       Task "Message" skipped, due to false condition; ('$(MSBuildTargetsVerbose)'=='true') was evaluated as (''=='true').
   1:7>Done building target "MarkupCompilePass1" in project "CosmoWhisper.csproj".
   1:7>Target "AfterMarkupCompilePass1" in file "C:\Program Files\dotnet\sdk\8.0.417\Sdks\Microsoft.NET.Sdk.WindowsDesktop\targets\Microsoft.WinFX.targets" from project "C:\Users\louis\OneDrive\Documents\GitHub\CosmoWhisper-Native\CosmoWhisper-Windows\CosmoWhisper\CosmoWhisper.csproj" (target "PrepareResources" depends on it):
   1:7>Done building target "AfterMarkupCompilePass1" in project "CosmoWhisper.csproj".
       Target "MarkupCompilePass2ForMainAssembly" skipped, due to false condition; ('$(_RequireMCPass2ForMainAssembly)' == 'true' ) was evaluated as ('False' == 'true' ).
   1:7>Target "FileClassification" in file "C:\Program Files\dotnet\sdk\8.0.417\Sdks\Microsoft.NET.Sdk.WindowsDesktop\targets\Microsoft.WinFX.targets" from project "C:\Users\louis\OneDrive\Documents\GitHub\CosmoWhisper-Native\CosmoWhisper-Windows\CosmoWhisper\CosmoWhisper.csproj" (target "PrepareResources" depends on it):
       Using "FileClassifier" task from assembly "C:\Program Files\dotnet\sdk\8.0.417\Sdks\Microsoft.NET.Sdk.WindowsDesktop\tools\net8.0\PresentationBuildTasks.dll".
       Task "FileClassifier"
         
         
         Microsoft (R) Build Task 'FileClassifier' Version '8.0.2325.60904'.
         Copyright (C) Microsoft Corporation 2005. All rights reserved.
         
         
       Done executing task "FileClassifier".
       Task "Message" skipped, due to false condition; ('$(MSBuildTargetsVerbose)'=='true') was evaluated as (''=='true').
       Task "Message" skipped, due to false condition; ('$(MSBuildTargetsVerbose)'=='true') was evaluated as (''=='true').
   1:7>Done building target "FileClassification" in project "CosmoWhisper.csproj".
   1:7>Target "MainResourcesGeneration" in file "C:\Program Files\dotnet\sdk\8.0.417\Sdks\Microsoft.NET.Sdk.WindowsDesktop\targets\Microsoft.WinFX.targets" from project "C:\Users\louis\OneDrive\Documents\GitHub\CosmoWhisper-Native\CosmoWhisper-Windows\CosmoWhisper\CosmoWhisper.csproj" (target "PrepareResources" depends on it):
       Skipping target "MainResourcesGeneration" because all output files are up-to-date with respect to the input files.
       Input files: 
           C:\Users\louis\OneDrive\Documents\GitHub\CosmoWhisper-Native\CosmoWhisper-Windows\CosmoWhisper\obj\Debug\net8.0-windows10.0.19041.0\DashboardWindow.baml
           C:\Users\louis\OneDrive\Documents\GitHub\CosmoWhisper-Native\CosmoWhisper-Windows\CosmoWhisper\obj\Debug\net8.0-windows10.0.19041.0\MainWindow.baml
           C:\Users\louis\OneDrive\Documents\GitHub\CosmoWhisper-Native\CosmoWhisper-Windows\CosmoWhisper\obj\Debug\net8.0-windows10.0.19041.0\Views\MicrophoneView.baml
           C:\Users\louis\OneDrive\Documents\GitHub\CosmoWhisper-Native\CosmoWhisper-Windows\CosmoWhisper\obj\Debug\net8.0-windows10.0.19041.0\Views\ScriptsView.baml
           C:\Users\louis\OneDrive\Documents\GitHub\CosmoWhisper-Native\CosmoWhisper-Windows\CosmoWhisper\obj\Debug\net8.0-windows10.0.19041.0\WidgetWindow.baml
           C:\Users\louis\OneDrive\Documents\GitHub\CosmoWhisper-Native\CosmoWhisper-Windows\CosmoWhisper\obj\Debug\net8.0-windows10.0.19041.0\App.baml
       Output files: obj\Debug\net8.0-windows10.0.19041.0\CosmoWhisperNative.g.resources
   1:7>Done building target "MainResourcesGeneration" in project "CosmoWhisper.csproj".
       Target "ResolvePackageDependenciesForBuild" skipped. Previously built successfully.
       Target "_HandlePackageFileConflicts" skipped. Previously built successfully.
       Target "AssignWinFXEmbeddedResource" skipped, due to false condition; ('@(WinFXEmbeddedResource)' != '') was evaluated as ('' != '').
   1:7>Target "CopyAdditionalFiles" in file "C:\Program Files\dotnet\sdk\8.0.417\Roslyn\Microsoft.Managed.Core.targets" from project "C:\Users\louis\OneDrive\Documents\GitHub\CosmoWhisper-Native\CosmoWhisper-Windows\CosmoWhisper\CosmoWhisper.csproj" (target "AssignTargetPaths" depends on it):
   1:7>Done building target "CopyAdditionalFiles" in project "CosmoWhisper.csproj".
       Target "ResolvePackageAssets" skipped. Previously built successfully.
       Target "ResolveFrameworkReferences" skipped. Previously built successfully.
   1:7>Target "_GetAppHostPaths" in file "C:\Program Files\dotnet\sdk\8.0.417\Sdks\Microsoft.NET.Sdk\targets\Microsoft.NET.Sdk.targets" from project "C:\Users\louis\OneDrive\Documents\GitHub\CosmoWhisper-Native\CosmoWhisper-Windows\CosmoWhisper\CosmoWhisper.csproj" (target "_ChooseAppHost" depends on it):
       Task "NETSdkError" skipped, due to false condition; ('@(_NativeRestoredAppHostNETCore->Count())' > 1) was evaluated as ('0' > 1).
   1:7>Done building target "_GetAppHostPaths" in project "CosmoWhisper.csproj".
   1:7>Target "_ChooseAppHost" in file "C:\Program Files\dotnet\sdk\8.0.417\Sdks\Microsoft.NET.Sdk\targets\Microsoft.NET.Sdk.targets" from project "C:\Users\louis\OneDrive\Documents\GitHub\CosmoWhisper-Native\CosmoWhisper-Windows\CosmoWhisper\CosmoWhisper.csproj" (target "_ComputeNETCoreBuildOutputFiles" depends on it):
   1:7>Done building target "_ChooseAppHost" in project "CosmoWhisper.csproj".
       Target "_GetComHostPaths" skipped, due to false condition; ('$(EnableComHosting)' == 'true' and '$(_IsExecutable)' != 'true') was evaluated as ('' == 'true' and 'true' != 'true').
       Target "_GetIjwHostPaths" skipped, due to false condition; ('$(UseIJWHost)' == 'true') was evaluated as ('' == 'true').
   1:7>Target "_ComputeNETCoreBuildOutputFiles" in file "C:\Program Files\dotnet\sdk\8.0.417\Sdks\Microsoft.NET.Sdk\targets\Microsoft.NET.Sdk.targets" from project "C:\Users\louis\OneDrive\Documents\GitHub\CosmoWhisper-Native\CosmoWhisper-Windows\CosmoWhisper\CosmoWhisper.csproj" (target "AssignTargetPaths" depends on it):
   1:7>Done building target "_ComputeNETCoreBuildOutputFiles" in project "CosmoWhisper.csproj".
   1:7>Target "AssignTargetPaths" in file "C:\Program Files\dotnet\sdk\8.0.417\Microsoft.Common.CurrentVersion.targets" from project "C:\Users\louis\OneDrive\Documents\GitHub\CosmoWhisper-Native\CosmoWhisper-Windows\CosmoWhisper\CosmoWhisper.csproj" (target "PrepareResourceNames" depends on it):
       Using "AssignTargetPath" task from assembly "Microsoft.Build.Tasks.Core, Version=15.1.0.0, Culture=neutral, PublicKeyToken=b03f5f7f11d50a3a".
       Task "AssignTargetPath"
       Done executing task "AssignTargetPath".
       Task "AssignTargetPath"
       Done executing task "AssignTargetPath".
       Task "AssignTargetPath"
       Done executing task "AssignTargetPath".
       Task "AssignTargetPath"
       Done executing task "AssignTargetPath".
       Task "AssignTargetPath" skipped, due to false condition; ('@(_DeploymentBaseManifestWithTargetPath)'=='' and '%(None.Extension)'=='.manifest') was evaluated as (''=='' and '.ico'=='.manifest').
       Task "AssignTargetPath"
       Done executing task "AssignTargetPath".
       Task "AssignTargetPath" skipped, due to false condition; ('@(_DeploymentBaseManifestWithTargetPath)'=='' and '%(None.Extension)'=='.manifest') was evaluated as (''=='' and '.wav'=='.manifest').
       Task "AssignTargetPath" skipped, due to false condition; ('@(_DeploymentBaseManifestWithTargetPath)'=='' and '%(None.Extension)'=='.manifest') was evaluated as (''=='' and '.ps1'=='.manifest').
       Task "AssignTargetPath" skipped, due to false condition; ('@(_DeploymentBaseManifestWithTargetPath)'=='' and '%(None.Extension)'=='.manifest') was evaluated as (''=='' and '.md'=='.manifest').
       Task "AssignTargetPath" skipped, due to false condition; ('@(_DeploymentBaseManifestWithTargetPath)'=='' and '%(None.Extension)'=='.manifest') was evaluated as (''=='' and '.png'=='.manifest').
       Task "AssignTargetPath" skipped, due to false condition; ('@(_DeploymentBaseManifestWithTargetPath)'=='' and '%(None.Extension)'=='.manifest') was evaluated as (''=='' and '.exe'=='.manifest').
   1:7>Done building target "AssignTargetPaths" in project "CosmoWhisper.csproj".
       Target "AssignTargetPaths" skipped. Previously built successfully.
   1:7>Target "SplitResourcesByCulture" in file "C:\Program Files\dotnet\sdk\8.0.417\Microsoft.Common.CurrentVersion.targets" from project "C:\Users\louis\OneDrive\Documents\GitHub\CosmoWhisper-Native\CosmoWhisper-Windows\CosmoWhisper\CosmoWhisper.csproj" (target "PrepareResourceNames" depends on it):
       Task "Warning" skipped, due to false condition; ('@(ResxWithNoCulture)'!='') was evaluated as (''!='').
       Task "Warning" skipped, due to false condition; ('@(ResxWithCulture)'!='') was evaluated as (''!='').
       Task "Warning" skipped, due to false condition; ('@(NonResxWithCulture)'!='') was evaluated as (''!='').
       Task "Warning" skipped, due to false condition; ('@(NonResxWithNoCulture)'!='') was evaluated as (''!='').
       Using "AssignCulture" task from assembly "Microsoft.Build.Tasks.Core, Version=15.1.0.0, Culture=neutral, PublicKeyToken=b03f5f7f11d50a3a".
       Task "AssignCulture"
         Culture of "" was assigned to file "obj\Debug\net8.0-windows10.0.19041.0\CosmoWhisperNative.g.resources".
       Done executing task "AssignCulture".
   1:7>Done building target "SplitResourcesByCulture" in project "CosmoWhisper.csproj".
   1:7>Target "CreateManifestResourceNames" in file "C:\Program Files\dotnet\sdk\8.0.417\Microsoft.CSharp.CurrentVersion.targets" from project "C:\Users\louis\OneDrive\Documents\GitHub\CosmoWhisper-Native\CosmoWhisper-Windows\CosmoWhisper\CosmoWhisper.csproj" (target "PrepareResourceNames" depends on it):
       Using "CreateCSharpManifestResourceName" task from assembly "Microsoft.Build.Tasks.Core, Version=15.1.0.0, Culture=neutral, PublicKeyToken=b03f5f7f11d50a3a".
       Task "CreateCSharpManifestResourceName"
         Root namespace is 'CosmoWhisper'.
         Resource file 'obj\Debug\net8.0-windows10.0.19041.0\CosmoWhisperNative.g.resources' doesn't depend on any other file.
         Resource file 'obj\Debug\net8.0-windows10.0.19041.0\CosmoWhisperNative.g.resources' gets manifest resource name 'CosmoWhisper.obj.Debug.net8._0_windows10._0._19041._0.CosmoWhisperNative.g.resources'.
       Done executing task "CreateCSharpManifestResourceName".
       Task "CreateCSharpManifestResourceName" skipped, due to false condition; ('%(EmbeddedResource.ManifestResourceName)' == '' and '%(EmbeddedResource.WithCulture)' == 'true' and '%(EmbeddedResource.Type)' == 'Non-Resx') was evaluated as ('' == '' and 'false' == 'true' and 'Resx' == 'Non-Resx').
   1:7>Done building target "CreateManifestResourceNames" in project "CosmoWhisper.csproj".
   1:7>Target "CreateCustomManifestResourceNames" in file "C:\Program Files\dotnet\sdk\8.0.417\Microsoft.Common.CurrentVersion.targets" from project "C:\Users\louis\OneDrive\Documents\GitHub\CosmoWhisper-Native\CosmoWhisper-Windows\CosmoWhisper\CosmoWhisper.csproj" (target "PrepareResourceNames" depends on it):
   1:7>Done building target "CreateCustomManifestResourceNames" in project "CosmoWhisper.csproj".
   1:7>Target "PrepareResourceNames" in file "C:\Program Files\dotnet\sdk\8.0.417\Microsoft.Common.CurrentVersion.targets" from project "C:\Users\louis\OneDrive\Documents\GitHub\CosmoWhisper-Native\CosmoWhisper-Windows\CosmoWhisper\CosmoWhisper.csproj" (target "PrepareResources" depends on it):
   1:7>Done building target "PrepareResourceNames" in project "CosmoWhisper.csproj".
       Target "ResolveAssemblyReferences" skipped. Previously built successfully.
       Target "SplitResourcesByCulture" skipped. Previously built successfully.
   1:7>Target "BeforeResGen" in file "C:\Program Files\dotnet\sdk\8.0.417\Microsoft.Common.CurrentVersion.targets" from project "C:\Users\louis\OneDrive\Documents\GitHub\CosmoWhisper-Native\CosmoWhisper-Windows\CosmoWhisper\CosmoWhisper.csproj" (target "ResGen" depends on it):
   1:7>Done building target "BeforeResGen" in project "CosmoWhisper.csproj".
       Target "ResolveReferences" skipped. Previously built successfully.
   1:7>Target "FindReferenceAssembliesForReferences" in file "C:\Program Files\dotnet\sdk\8.0.417\Microsoft.Common.CurrentVersion.targets" from project "C:\Users\louis\OneDrive\Documents\GitHub\CosmoWhisper-Native\CosmoWhisper-Windows\CosmoWhisper\CosmoWhisper.csproj" (target "CoreResGen" depends on it):
   1:7>Done building target "FindReferenceAssembliesForReferences" in project "CosmoWhisper.csproj".
   1:7>Target "CoreResGen" in file "C:\Program Files\dotnet\sdk\8.0.417\Microsoft.Common.CurrentVersion.targets" from project "C:\Users\louis\OneDrive\Documents\GitHub\CosmoWhisper-Native\CosmoWhisper-Windows\CosmoWhisper\CosmoWhisper.csproj" (target "ResGen" depends on it):
       Task "GenerateResource" skipped, due to false condition; ('%(EmbeddedResource.Type)' == 'Resx' and '%(EmbeddedResource.GenerateResource)' != 'false' and '$(GenerateResourceMSBuildRuntime)' != 'CLR2') was evaluated as ('Resx' == 'Resx' and 'false' != 'false' and 'CurrentRuntime' != 'CLR2').
       Task "GenerateResource" skipped, due to false condition; ('%(EmbeddedResource.Type)' == 'Resx' and '%(EmbeddedResource.GenerateResource)' != 'false' and '$(GenerateResourceMSBuildRuntime)' == 'CLR2') was evaluated as ('Resx' == 'Resx' and 'false' != 'false' and 'CurrentRuntime' == 'CLR2').
   1:7>Done building target "CoreResGen" in project "CosmoWhisper.csproj".
   1:7>Target "AfterResGen" in file "C:\Program Files\dotnet\sdk\8.0.417\Microsoft.Common.CurrentVersion.targets" from project "C:\Users\louis\OneDrive\Documents\GitHub\CosmoWhisper-Native\CosmoWhisper-Windows\CosmoWhisper\CosmoWhisper.csproj" (target "ResGen" depends on it):
   1:7>Done building target "AfterResGen" in project "CosmoWhisper.csproj".
   1:7>Target "ResGen" in file "C:\Program Files\dotnet\sdk\8.0.417\Microsoft.Common.CurrentVersion.targets" from project "C:\Users\louis\OneDrive\Documents\GitHub\CosmoWhisper-Native\CosmoWhisper-Windows\CosmoWhisper\CosmoWhisper.csproj" (target "PrepareResources" depends on it):
   1:7>Done building target "ResGen" in project "CosmoWhisper.csproj".
       Target "CompileLicxFiles" skipped, due to false condition; ('@(_LicxFile)'!='') was evaluated as (''!='').
   1:7>Target "PrepareResources" in file "C:\Program Files\dotnet\sdk\8.0.417\Microsoft.Common.CurrentVersion.targets" from project "C:\Users\louis\OneDrive\Documents\GitHub\CosmoWhisper-Native\CosmoWhisper-Windows\CosmoWhisper\CosmoWhisper.csproj" (target "CoreBuild" depends on it):
   1:7>Done building target "PrepareResources" in project "CosmoWhisper.csproj".
       Target "ResolveKeySource" skipped, due to false condition; ($(SignManifests) == 'true' or $(SignAssembly) == 'true') was evaluated as ( == 'true' or false == 'true').
       Target "ResolveReferences" skipped. Previously built successfully.
       Target "ResolveKeySource" skipped, due to false condition; ($(SignManifests) == 'true' or $(SignAssembly) == 'true') was evaluated as ( == 'true' or false == 'true').
       Target "ResolveComReferences" skipped, due to false condition; ('@(COMReference)'!='' or '@(COMFileReference)'!='') was evaluated as (''!='' or ''!='').
       Target "ResolveNativeReferences" skipped, due to false condition; ('@(NativeReference)'!='') was evaluated as (''!='').
       Target "_SetExternalWin32ManifestProperties" skipped, due to false condition; ('$(GenerateClickOnceManifests)'=='true' or '@(NativeReference)'!='' or '@(ResolvedIsolatedComModules)'!='') was evaluated as (''=='true' or ''!='' or ''!='').
   1:7>Target "_SetEmbeddedWin32ManifestProperties" in file "C:\Program Files\dotnet\sdk\8.0.417\Microsoft.Common.CurrentVersion.targets" from project "C:\Users\louis\OneDrive\Documents\GitHub\CosmoWhisper-Native\CosmoWhisper-Windows\CosmoWhisper\CosmoWhisper.csproj" (target "SetWin32ManifestProperties" depends on it):
       Task "GetFrameworkPath" skipped, due to false condition; ('$(ApplicationManifest)'=='' and '$(NoWin32Manifest)'!='true' and '$(PreferNativeArm64)' != 'true') was evaluated as ('app.manifest'=='' and ''!='true' and '' != 'true').
   1:7>Done building target "_SetEmbeddedWin32ManifestProperties" in project "CosmoWhisper.csproj".
   1:7>Target "SetWin32ManifestProperties" in file "C:\Program Files\dotnet\sdk\8.0.417\Microsoft.Common.CurrentVersion.targets" from project "C:\Users\louis\OneDrive\Documents\GitHub\CosmoWhisper-Native\CosmoWhisper-Windows\CosmoWhisper\CosmoWhisper.csproj" (target "Compile" depends on it):
   1:7>Done building target "SetWin32ManifestProperties" in project "CosmoWhisper.csproj".
       Target "_SetPreferNativeArm64Win32ManifestProperties" skipped, due to false condition; ( '$(PreferNativeArm64)'=='true' and '$(NoWin32Manifest)'!='true') was evaluated as ( ''=='true' and ''!='true').
       Target "FindReferenceAssembliesForReferences" skipped. Previously built successfully.
   1:7>Target "_GenerateCompileInputs" in file "C:\Program Files\dotnet\sdk\8.0.417\Microsoft.Common.CurrentVersion.targets" from project "C:\Users\louis\OneDrive\Documents\GitHub\CosmoWhisper-Native\CosmoWhisper-Windows\CosmoWhisper\CosmoWhisper.csproj" (target "Compile" depends on it):
       Task "Warning" skipped, due to false condition; ('@(ManifestResourceWithNoCulture)'!='' and '%(ManifestResourceWithNoCulture.EmittedForCompatibilityOnly)'=='') was evaluated as ('obj\Debug\net8.0-windows10.0.19041.0\CosmoWhisperNative.g.resources'!='' and 'true'=='').
       Task "Warning" skipped, due to false condition; ('@(ManifestNonResxWithNoCultureOnDisk)'!='' and '%(ManifestNonResxWithNoCultureOnDisk.EmittedForCompatibilityOnly)'=='') was evaluated as (''!='' and ''=='').
   1:7>Done building target "_GenerateCompileInputs" in project "CosmoWhisper.csproj".
       Target "PrepareForBuild" skipped. Previously built successfully.
   1:7>Target "GenerateMSBuildEditorConfigFileShouldRun" in file "C:\Program Files\dotnet\sdk\8.0.417\Roslyn\Microsoft.Managed.Core.targets" from project "C:\Users\louis\OneDrive\Documents\GitHub\CosmoWhisper-Native\CosmoWhisper-Windows\CosmoWhisper\CosmoWhisper.csproj" (target "GenerateMSBuildEditorConfigFile" depends on it):
   1:7>Done building target "GenerateMSBuildEditorConfigFileShouldRun" in project "CosmoWhisper.csproj".
   1:7>Target "GenerateMSBuildEditorConfigFileCore" in file "C:\Program Files\dotnet\sdk\8.0.417\Roslyn\Microsoft.Managed.Core.targets" from project "C:\Users\louis\OneDrive\Documents\GitHub\CosmoWhisper-Native\CosmoWhisper-Windows\CosmoWhisper\CosmoWhisper.csproj" (target "GenerateMSBuildEditorConfigFile" depends on it):
       Building target "GenerateMSBuildEditorConfigFileCore" completely.
       No input files were specified.
       Using "GenerateMSBuildEditorConfig" task from assembly "C:\Program Files\dotnet\sdk\8.0.417\Roslyn\Microsoft.Build.Tasks.CodeAnalysis.dll".
       Task "GenerateMSBuildEditorConfig"
       Done executing task "GenerateMSBuildEditorConfig".
   1:7>Done building target "GenerateMSBuildEditorConfigFileCore" in project "CosmoWhisper.csproj".
   1:7>Target "GenerateMSBuildEditorConfigFile" in file "C:\Program Files\dotnet\sdk\8.0.417\Roslyn\Microsoft.Managed.Core.targets" from project "C:\Users\louis\OneDrive\Documents\GitHub\CosmoWhisper-Native\CosmoWhisper-Windows\CosmoWhisper\CosmoWhisper.csproj" (target "BeforeCompile" depends on it):
   1:7>Done building target "GenerateMSBuildEditorConfigFile" in project "CosmoWhisper.csproj".
       Target "PrepareForBuild" skipped. Previously built successfully.
       Target "GetReferenceAssemblyPaths" skipped. Previously built successfully.
   1:7>Target "_SetTargetFrameworkMonikerAttribute" in file "C:\Program Files\dotnet\sdk\8.0.417\Microsoft.CSharp.CurrentVersion.targets" from project "C:\Users\louis\OneDrive\Documents\GitHub\CosmoWhisper-Native\CosmoWhisper-Windows\CosmoWhisper\CosmoWhisper.csproj" (target "GenerateTargetFrameworkMonikerAttribute" depends on it):
   1:7>Done building target "_SetTargetFrameworkMonikerAttribute" in project "CosmoWhisper.csproj".
   1:7>Target "GenerateTargetFrameworkMonikerAttribute" in file "C:\Program Files\dotnet\sdk\8.0.417\Microsoft.Common.CurrentVersion.targets" from project "C:\Users\louis\OneDrive\Documents\GitHub\CosmoWhisper-Native\CosmoWhisper-Windows\CosmoWhisper\CosmoWhisper.csproj" (target "BeforeCompile" depends on it):
       Skipping target "GenerateTargetFrameworkMonikerAttribute" because all output files are up-to-date with respect to the input files.
       Input files: C:\Program Files\dotnet\sdk\8.0.417\Microsoft.Common.targets
       Output files: obj\Debug\net8.0-windows10.0.19041.0\.NETCoreApp,Version=v8.0.AssemblyAttributes.cs
   1:7>Done building target "GenerateTargetFrameworkMonikerAttribute" in project "CosmoWhisper.csproj".
       Target "GenerateAdditionalSources" skipped, due to false condition; ('@(AssemblyAttributes)' != '' and '$(GenerateAdditionalSources)' == 'true') was evaluated as ('' != '' and '' == 'true').
       Target "PrepareForBuild" skipped. Previously built successfully.
   1:7>Target "GetAssemblyVersion" in file "C:\Program Files\dotnet\sdk\8.0.417\Sdks\Microsoft.NET.Sdk\targets\Microsoft.NET.GenerateAssemblyInfo.targets" from project "C:\Users\louis\OneDrive\Documents\GitHub\CosmoWhisper-Native\CosmoWhisper-Windows\CosmoWhisper\CosmoWhisper.csproj" (target "GetAssemblyAttributes" depends on it):
       Using "GetAssemblyVersion" task from assembly "C:\Program Files\dotnet\sdk\8.0.417\Sdks\Microsoft.NET.Sdk\targets\..\tools\net8.0\Microsoft.NET.Build.Tasks.dll".
       Task "GetAssemblyVersion"
       Done executing task "GetAssemblyVersion".
   1:7>Done building target "GetAssemblyVersion" in project "CosmoWhisper.csproj".
       Target "GetAssemblyVersion" skipped. Previously built successfully.
   1:7>Target "InitializeSourceControlInformationFromSourceControlManager" in file "C:\Program Files\dotnet\sdk\8.0.417\Sdks\Microsoft.Build.Tasks.Git\build\Microsoft.Build.Tasks.Git.targets" from project "C:\Users\louis\OneDrive\Documents\GitHub\CosmoWhisper-Native\CosmoWhisper-Windows\CosmoWhisper\CosmoWhisper.csproj" (target "_InitializeSourceControlInformationFromSourceControlManager" depends on it):
       Using "Microsoft.Build.Tasks.Git.LocateRepository" task from assembly "C:\Program Files\dotnet\sdk\8.0.417\Sdks\Microsoft.Build.Tasks.Git\build\..\tools\core\Microsoft.Build.Tasks.Git.dll".
       Task "Microsoft.Build.Tasks.Git.LocateRepository"
         SourceLink: Repository instance not found in cache: '*:C:\Users\louis\OneDrive\Documents\GitHub\CosmoWhisper-Native\.git'
       Done executing task "Microsoft.Build.Tasks.Git.LocateRepository".
   1:7>Done building target "InitializeSourceControlInformationFromSourceControlManager" in project "CosmoWhisper.csproj".
   1:7>Target "_SourceLinkHasSingleProvider" in file "C:\Program Files\dotnet\sdk\8.0.417\Sdks\Microsoft.SourceLink.Common\build\InitializeSourceControlInformation.targets" from project "C:\Users\louis\OneDrive\Documents\GitHub\CosmoWhisper-Native\CosmoWhisper-Windows\CosmoWhisper\CosmoWhisper.csproj" (target "_InitializeSourceControlInformationFromSourceControlManager" depends on it):
       Assembly loaded during TaskRun: Microsoft.SourceLink.Common, Version=8.0.9.11501, Culture=neutral, PublicKeyToken=31bf3856ad364e35 (location: C:\Program Files\dotnet\sdk\8.0.417\Sdks\Microsoft.SourceLink.Common\tools\core\Microsoft.SourceLink.Common.dll, MVID: d5b96578-81ec-438f-8487-2f5405206516, AssemblyLoadContext: MSBuild plugin C:\Program Files\dotnet\sdk\8.0.417\Sdks\Microsoft.SourceLink.Common\tools\core\Microsoft.SourceLink.Common.dll)
       Using "Microsoft.SourceLink.Common.SourceLinkHasSingleProvider" task from assembly "C:\Program Files\dotnet\sdk\8.0.417\Sdks\Microsoft.SourceLink.Common\build\..\tools\core\Microsoft.SourceLink.Common.dll".
       Task "Microsoft.SourceLink.Common.SourceLinkHasSingleProvider"
       Done executing task "Microsoft.SourceLink.Common.SourceLinkHasSingleProvider".
   1:7>Done building target "_SourceLinkHasSingleProvider" in project "CosmoWhisper.csproj".
   1:7>Target "TranslateGitHubUrlsInSourceControlInformation" in file "C:\Program Files\dotnet\sdk\8.0.417\Sdks\Microsoft.SourceLink.GitHub\build\Microsoft.SourceLink.GitHub.targets" from project "C:\Users\louis\OneDrive\Documents\GitHub\CosmoWhisper-Native\CosmoWhisper-Windows\CosmoWhisper\CosmoWhisper.csproj" (target "_InitializeSourceControlInformationFromSourceControlManager" depends on it):
       Assembly loaded during TaskRun: Microsoft.SourceLink.GitHub, Version=8.0.9.11501, Culture=neutral, PublicKeyToken=31bf3856ad364e35 (location: C:\Program Files\dotnet\sdk\8.0.417\Sdks\Microsoft.SourceLink.GitHub\tools\core\Microsoft.SourceLink.GitHub.dll, MVID: 1fbac130-3a2a-4cf4-9c60-b0ae73333681, AssemblyLoadContext: MSBuild plugin C:\Program Files\dotnet\sdk\8.0.417\Sdks\Microsoft.SourceLink.GitHub\tools\core\Microsoft.SourceLink.GitHub.dll)
       Using "Microsoft.SourceLink.GitHub.TranslateRepositoryUrls" task from assembly "C:\Program Files\dotnet\sdk\8.0.417\Sdks\Microsoft.SourceLink.GitHub\build\..\tools\core\Microsoft.SourceLink.GitHub.dll".
       Task "Microsoft.SourceLink.GitHub.TranslateRepositoryUrls"
       Done executing task "Microsoft.SourceLink.GitHub.TranslateRepositoryUrls".
   1:7>Done building target "TranslateGitHubUrlsInSourceControlInformation" in project "CosmoWhisper.csproj".
   1:7>Target "TranslateGitLabUrlsInSourceControlInformation" in file "C:\Program Files\dotnet\sdk\8.0.417\Sdks\Microsoft.SourceLink.GitLab\build\Microsoft.SourceLink.GitLab.targets" from project "C:\Users\louis\OneDrive\Documents\GitHub\CosmoWhisper-Native\CosmoWhisper-Windows\CosmoWhisper\CosmoWhisper.csproj" (target "_InitializeSourceControlInformationFromSourceControlManager" depends on it):
       Assembly loaded during TaskRun: Microsoft.SourceLink.GitLab, Version=8.0.9.11501, Culture=neutral, PublicKeyToken=31bf3856ad364e35 (location: C:\Program Files\dotnet\sdk\8.0.417\Sdks\Microsoft.SourceLink.GitLab\tools\core\Microsoft.SourceLink.GitLab.dll, MVID: 6b003cb9-36ef-4a5a-83ae-cc8fa7fbcb67, AssemblyLoadContext: MSBuild plugin C:\Program Files\dotnet\sdk\8.0.417\Sdks\Microsoft.SourceLink.GitLab\tools\core\Microsoft.SourceLink.GitLab.dll)
       Using "Microsoft.SourceLink.GitLab.TranslateRepositoryUrls" task from assembly "C:\Program Files\dotnet\sdk\8.0.417\Sdks\Microsoft.SourceLink.GitLab\build\..\tools\core\Microsoft.SourceLink.GitLab.dll".
       Task "Microsoft.SourceLink.GitLab.TranslateRepositoryUrls"
       Done executing task "Microsoft.SourceLink.GitLab.TranslateRepositoryUrls".
   1:7>Done building target "TranslateGitLabUrlsInSourceControlInformation" in project "CosmoWhisper.csproj".
   1:7>Target "TranslateAzureReposGitUrlsInSourceControlInformation" in file "C:\Program Files\dotnet\sdk\8.0.417\Sdks\Microsoft.SourceLink.AzureRepos.Git\build\Microsoft.SourceLink.AzureRepos.Git.targets" from project "C:\Users\louis\OneDrive\Documents\GitHub\CosmoWhisper-Native\CosmoWhisper-Windows\CosmoWhisper\CosmoWhisper.csproj" (target "_InitializeSourceControlInformationFromSourceControlManager" depends on it):
       Assembly loaded during TaskRun: Microsoft.SourceLink.AzureRepos.Git, Version=8.0.9.11501, Culture=neutral, PublicKeyToken=31bf3856ad364e35 (location: C:\Program Files\dotnet\sdk\8.0.417\Sdks\Microsoft.SourceLink.AzureRepos.Git\tools\core\Microsoft.SourceLink.AzureRepos.Git.dll, MVID: 3a082d27-0e6b-4d51-92ea-8eaf3fc3120f, AssemblyLoadContext: MSBuild plugin C:\Program Files\dotnet\sdk\8.0.417\Sdks\Microsoft.SourceLink.AzureRepos.Git\tools\core\Microsoft.SourceLink.AzureRepos.Git.dll)
       Using "Microsoft.SourceLink.AzureRepos.Git.TranslateRepositoryUrls" task from assembly "C:\Program Files\dotnet\sdk\8.0.417\Sdks\Microsoft.SourceLink.AzureRepos.Git\build\..\tools\core\Microsoft.SourceLink.AzureRepos.Git.dll".
       Task "Microsoft.SourceLink.AzureRepos.Git.TranslateRepositoryUrls"
       Done executing task "Microsoft.SourceLink.AzureRepos.Git.TranslateRepositoryUrls".
   1:7>Done building target "TranslateAzureReposGitUrlsInSourceControlInformation" in project "CosmoWhisper.csproj".
   1:7>Target "TranslateBitbucketGitUrlsInSourceControlInformation" in file "C:\Program Files\dotnet\sdk\8.0.417\Sdks\Microsoft.SourceLink.Bitbucket.Git\build\Microsoft.SourceLink.Bitbucket.Git.targets" from project "C:\Users\louis\OneDrive\Documents\GitHub\CosmoWhisper-Native\CosmoWhisper-Windows\CosmoWhisper\CosmoWhisper.csproj" (target "_InitializeSourceControlInformationFromSourceControlManager" depends on it):
       Assembly loaded during TaskRun: Microsoft.SourceLink.Bitbucket.Git, Version=8.0.9.11501, Culture=neutral, PublicKeyToken=31bf3856ad364e35 (location: C:\Program Files\dotnet\sdk\8.0.417\Sdks\Microsoft.SourceLink.Bitbucket.Git\tools\core\Microsoft.SourceLink.Bitbucket.Git.dll, MVID: 3994e8b0-7ae9-409e-bc2b-53baef289161, AssemblyLoadContext: MSBuild plugin C:\Program Files\dotnet\sdk\8.0.417\Sdks\Microsoft.SourceLink.Bitbucket.Git\tools\core\Microsoft.SourceLink.Bitbucket.Git.dll)
       Using "Microsoft.SourceLink.Bitbucket.Git.TranslateRepositoryUrls" task from assembly "C:\Program Files\dotnet\sdk\8.0.417\Sdks\Microsoft.SourceLink.Bitbucket.Git\build\..\tools\core\Microsoft.SourceLink.Bitbucket.Git.dll".
       Task "Microsoft.SourceLink.Bitbucket.Git.TranslateRepositoryUrls"
       Done executing task "Microsoft.SourceLink.Bitbucket.Git.TranslateRepositoryUrls".
   1:7>Done building target "TranslateBitbucketGitUrlsInSourceControlInformation" in project "CosmoWhisper.csproj".
   1:7>Target "SourceControlManagerPublishTranslatedUrls" in file "C:\Program Files\dotnet\sdk\8.0.417\Sdks\Microsoft.SourceLink.Common\build\InitializeSourceControlInformation.targets" from project "C:\Users\louis\OneDrive\Documents\GitHub\CosmoWhisper-Native\CosmoWhisper-Windows\CosmoWhisper\CosmoWhisper.csproj" (target "_InitializeSourceControlInformationFromSourceControlManager" depends on it):
   1:7>Done building target "SourceControlManagerPublishTranslatedUrls" in project "CosmoWhisper.csproj".
   1:7>Target "_InitializeSourceControlInformationFromSourceControlManager" in file "C:\Program Files\dotnet\sdk\8.0.417\Sdks\Microsoft.SourceLink.Common\build\InitializeSourceControlInformation.targets" from project "C:\Users\louis\OneDrive\Documents\GitHub\CosmoWhisper-Native\CosmoWhisper-Windows\CosmoWhisper\CosmoWhisper.csproj" (target "InitializeSourceControlInformation" depends on it):
   1:7>Done building target "_InitializeSourceControlInformationFromSourceControlManager" in project "CosmoWhisper.csproj".
   1:7>Target "InitializeSourceControlInformation" in file "C:\Program Files\dotnet\sdk\8.0.417\Microsoft.Common.CurrentVersion.targets" from project "C:\Users\louis\OneDrive\Documents\GitHub\CosmoWhisper-Native\CosmoWhisper-Windows\CosmoWhisper\CosmoWhisper.csproj" (target "AddSourceRevisionToInformationalVersion" depends on it):
   1:7>Done building target "InitializeSourceControlInformation" in project "CosmoWhisper.csproj".
   1:7>Target "AddSourceRevisionToInformationalVersion" in file "C:\Program Files\dotnet\sdk\8.0.417\Sdks\Microsoft.NET.Sdk\targets\Microsoft.NET.GenerateAssemblyInfo.targets" from project "C:\Users\louis\OneDrive\Documents\GitHub\CosmoWhisper-Native\CosmoWhisper-Windows\CosmoWhisper\CosmoWhisper.csproj" (target "GetAssemblyAttributes" depends on it):
   1:7>Done building target "AddSourceRevisionToInformationalVersion" in project "CosmoWhisper.csproj".
       Target "_GetUserSecretsAssemblyAttribute" skipped, due to false condition; ( '$(UserSecretsId)' != '' AND '$(GenerateUserSecretsAttribute)' != 'false' AND '$(GeneratedUserSecretsAttributeFile)' == '' ) was evaluated as ( '' != '' AND '' != 'false' AND '' == '' ).
   1:7>Target "GetAssemblyAttributes" in file "C:\Program Files\dotnet\sdk\8.0.417\Sdks\Microsoft.NET.Sdk\targets\Microsoft.NET.GenerateAssemblyInfo.targets" from project "C:\Users\louis\OneDrive\Documents\GitHub\CosmoWhisper-Native\CosmoWhisper-Windows\CosmoWhisper\CosmoWhisper.csproj" (target "CreateGeneratedAssemblyInfoInputsCacheFile" depends on it):
   1:7>Done building target "GetAssemblyAttributes" in project "CosmoWhisper.csproj".
   1:7>Target "CreateGeneratedAssemblyInfoInputsCacheFile" in file "C:\Program Files\dotnet\sdk\8.0.417\Sdks\Microsoft.NET.Sdk\targets\Microsoft.NET.GenerateAssemblyInfo.targets" from project "C:\Users\louis\OneDrive\Documents\GitHub\CosmoWhisper-Native\CosmoWhisper-Windows\CosmoWhisper\CosmoWhisper.csproj" (target "CoreGenerateAssemblyInfo" depends on it):
       Using "Hash" task from assembly "Microsoft.Build.Tasks.Core, Version=15.1.0.0, Culture=neutral, PublicKeyToken=b03f5f7f11d50a3a".
       Task "Hash"
       Done executing task "Hash".
       Task "WriteLinesToFile"
         Skipping write to file "obj\Debug\net8.0-windows10.0.19041.0\CosmoWhisper.AssemblyInfoInputs.cache" because content would not change.
       Done executing task "WriteLinesToFile".
   1:7>Done building target "CreateGeneratedAssemblyInfoInputsCacheFile" in project "CosmoWhisper.csproj".
   1:7>Target "CoreGenerateAssemblyInfo" in file "C:\Program Files\dotnet\sdk\8.0.417\Sdks\Microsoft.NET.Sdk\targets\Microsoft.NET.GenerateAssemblyInfo.targets" from project "C:\Users\louis\OneDrive\Documents\GitHub\CosmoWhisper-Native\CosmoWhisper-Windows\CosmoWhisper\CosmoWhisper.csproj" (target "GenerateAssemblyInfo" depends on it):
       Skipping target "CoreGenerateAssemblyInfo" because all output files are up-to-date with respect to the input files.
       Input files: obj\Debug\net8.0-windows10.0.19041.0\CosmoWhisper.AssemblyInfoInputs.cache
       Output files: obj\Debug\net8.0-windows10.0.19041.0\CosmoWhisper.AssemblyInfo.cs
   1:7>Done building target "CoreGenerateAssemblyInfo" in project "CosmoWhisper.csproj".
   1:7>Target "GenerateAssemblyInfo" in file "C:\Program Files\dotnet\sdk\8.0.417\Sdks\Microsoft.NET.Sdk\targets\Microsoft.NET.GenerateAssemblyInfo.targets" from project "C:\Users\louis\OneDrive\Documents\GitHub\CosmoWhisper-Native\CosmoWhisper-Windows\CosmoWhisper\CosmoWhisper.csproj" (target "BeforeCompile" depends on it):
   1:7>Done building target "GenerateAssemblyInfo" in project "CosmoWhisper.csproj".
   1:7>Target "BeforeCompile" in file "C:\Program Files\dotnet\sdk\8.0.417\Microsoft.Common.CurrentVersion.targets" from project "C:\Users\louis\OneDrive\Documents\GitHub\CosmoWhisper-Native\CosmoWhisper-Windows\CosmoWhisper\CosmoWhisper.csproj" (target "Compile" depends on it):
   1:7>Done building target "BeforeCompile" in project "CosmoWhisper.csproj".
       Target "_TimeStampBeforeCompile" skipped, due to false condition; ('$(RunPostBuildEvent)'=='OnOutputUpdated' or ('$(RegisterForComInterop)'=='true' and '$(OutputType)'=='library')) was evaluated as (''=='OnOutputUpdated' or (''=='true' and 'WinExe'=='library')).
       Target "ResolveAssemblyReferences" skipped. Previously built successfully.
   1:7>Target "_GenerateCompileDependencyCache" in file "C:\Program Files\dotnet\sdk\8.0.417\Microsoft.Common.CurrentVersion.targets" from project "C:\Users\louis\OneDrive\Documents\GitHub\CosmoWhisper-Native\CosmoWhisper-Windows\CosmoWhisper\CosmoWhisper.csproj" (target "Compile" depends on it):
       Task "Hash"
       Done executing task "Hash".
       Task "WriteLinesToFile"
         Skipping write to file "obj\Debug\net8.0-windows10.0.19041.0\CosmoWhisper.csproj.CoreCompileInputs.cache" because content would not change.
       Done executing task "WriteLinesToFile".
   1:7>Done building target "_GenerateCompileDependencyCache" in project "CosmoWhisper.csproj".
       Target "_ComputeNonExistentFileProperty" skipped, due to false condition; (('$(BuildingInsideVisualStudio)' == 'true') and ('$(BuildingOutOfProcess)' != 'true') and (('$(BuildingProject)' == 'false') or ('$(UseHostCompilerIfAvailable)' == 'true'))) was evaluated as (('' == 'true') and ('' != 'true') and (('true' == 'false') or ('true' == 'true'))).
       Target "ResolveCodeAnalysisRuleSet" skipped, due to false condition; ('$(CodeAnalysisRuleSet)' != '') was evaluated as ('' != '').
       Target "ShimReferencePathsWhenCommonTargetsDoesNotUnderstandReferenceAssemblies" skipped, due to false condition; ('@(ReferencePathWithRefAssemblies)' == '') was evaluated as ('C:\Program Files\dotnet\packs\Microsoft.WindowsDesktop.App.Ref\8.0.23\ref\net8.0\Accessibility.dll;C:\Program Files\dotnet\packs\Microsoft.NETCore.App.Ref\8.0.23\ref\net8.0\Microsoft.CSharp.dll;C:\Program Files\dotnet\packs\Microsoft.NETCore.App.Ref\8.0.23\ref\net8.0\Microsoft.VisualBasic.Core.dll;...' == '').
   1:7>Target "_BeforeVBCSCoreCompile" in file "C:\Program Files\dotnet\sdk\8.0.417\Roslyn\Microsoft.Managed.Core.targets" from project "C:\Users\louis\OneDrive\Documents\GitHub\CosmoWhisper-Native\CosmoWhisper-Windows\CosmoWhisper\CosmoWhisper.csproj" (target "CoreCompile" depends on it):
   1:7>Done building target "_BeforeVBCSCoreCompile" in project "CosmoWhisper.csproj".
       Target "AdjustDefaultPlatformTargetForNetFrameworkExeWithNoNativeCopyLocalItems" skipped, due to false condition; ('$(_UsingDefaultPlatformTarget)' == 'true' and
                            '$(_UsingDefaultRuntimeIdentifier)' == 'true') was evaluated as ('true' == 'true' and
                            '' == 'true').
       Target "_DisableDiagnosticTracing" skipped, due to false condition; ('$(DisableDiagnosticTracing)' == 'true') was evaluated as ('' == 'true').
   1:7>Target "GenerateTargetPlatformDefineConstants" in file "C:\Program Files\dotnet\sdk\8.0.417\Sdks\Microsoft.NET.Sdk\targets\Microsoft.NET.Sdk.BeforeCommon.targets" from project "C:\Users\louis\OneDrive\Documents\GitHub\CosmoWhisper-Native\CosmoWhisper-Windows\CosmoWhisper\CosmoWhisper.csproj" (target "AddImplicitDefineConstants" depends on it):
   1:7>Done building target "GenerateTargetPlatformDefineConstants" in project "CosmoWhisper.csproj".
   1:7>Target "GenerateNETCompatibleDefineConstants" in file "C:\Program Files\dotnet\sdk\8.0.417\Sdks\Microsoft.NET.Sdk\targets\Microsoft.NET.Sdk.BeforeCommon.targets" from project "C:\Users\louis\OneDrive\Documents\GitHub\CosmoWhisper-Native\CosmoWhisper-Windows\CosmoWhisper\CosmoWhisper.csproj" (target "AddImplicitDefineConstants" depends on it):
   1:7>Done building target "GenerateNETCompatibleDefineConstants" in project "CosmoWhisper.csproj".
   1:7>Target "GeneratePlatformCompatibleDefineConstants" in file "C:\Program Files\dotnet\sdk\8.0.417\Sdks\Microsoft.NET.Sdk\targets\Microsoft.NET.Sdk.BeforeCommon.targets" from project "C:\Users\louis\OneDrive\Documents\GitHub\CosmoWhisper-Native\CosmoWhisper-Windows\CosmoWhisper\CosmoWhisper.csproj" (target "AddImplicitDefineConstants" depends on it):
   1:7>Done building target "GeneratePlatformCompatibleDefineConstants" in project "CosmoWhisper.csproj".
       Target "_DisableDiagnosticTracing" skipped, due to false condition; ('$(DisableDiagnosticTracing)' == 'true') was evaluated as ('' == 'true').
   1:7>Target "AddImplicitDefineConstants" in file "C:\Program Files\dotnet\sdk\8.0.417\Sdks\Microsoft.NET.Sdk\targets\Microsoft.NET.Sdk.BeforeCommon.targets" from project "C:\Users\louis\OneDrive\Documents\GitHub\CosmoWhisper-Native\CosmoWhisper-Windows\CosmoWhisper\CosmoWhisper.csproj" (target "CoreCompile" depends on it):
   1:7>Done building target "AddImplicitDefineConstants" in project "CosmoWhisper.csproj".
       Target "ShimReferencePathsWhenCommonTargetsDoesNotUnderstandReferenceAssemblies" skipped, due to false condition; ('@(ReferencePathWithRefAssemblies)' == '') was evaluated as ('C:\Program Files\dotnet\packs\Microsoft.WindowsDesktop.App.Ref\8.0.23\ref\net8.0\Accessibility.dll;C:\Program Files\dotnet\packs\Microsoft.NETCore.App.Ref\8.0.23\ref\net8.0\Microsoft.CSharp.dll;C:\Program Files\dotnet\packs\Microsoft.NETCore.App.Ref\8.0.23\ref\net8.0\Microsoft.VisualBasic.Core.dll;...' == '').
   1:7>Target "_ComputeSkipAnalyzers" in file "C:\Program Files\dotnet\sdk\8.0.417\Roslyn\Microsoft.Managed.Core.targets" from project "C:\Users\louis\OneDrive\Documents\GitHub\CosmoWhisper-Native\CosmoWhisper-Windows\CosmoWhisper\CosmoWhisper.csproj" (target "CoreCompile" depends on it):
       Task "ShowMessageForImplicitlySkipAnalyzers" skipped, due to false condition; ('$(_ImplicitlySkipAnalyzers)' == 'true') was evaluated as ('' == 'true').
   1:7>Done building target "_ComputeSkipAnalyzers" in project "CosmoWhisper.csproj".
       Target "_SetPathMapFromSourceRoots" skipped, due to false condition; ('$(DeterministicSourcePaths)' == 'true') was evaluated as ('' == 'true').
       Target "CreateCompilerGeneratedFilesOutputPath" skipped, due to false condition; ('$(EmitCompilerGeneratedFiles)' == 'true' and !('$(DesignTimeBuild)' == 'true' OR '$(BuildingProject)' != 'true')) was evaluated as ('false' == 'true' and !('' == 'true' OR 'true' != 'true')).
       Target "BeforeCompile" skipped. Previously built successfully.
       Target "InitializeSourceControlInformationFromSourceControlManager" skipped. Previously built successfully.
   1:7>Target "SetEmbeddedFilesFromSourceControlManagerUntrackedFiles" in file "C:\Program Files\dotnet\sdk\8.0.417\Sdks\Microsoft.Build.Tasks.Git\build\Microsoft.Build.Tasks.Git.targets" from project "C:\Users\louis\OneDrive\Documents\GitHub\CosmoWhisper-Native\CosmoWhisper-Windows\CosmoWhisper\CosmoWhisper.csproj" (target "_SetEmbeddedFilesFromSourceControlManagerUntrackedFiles" depends on it):
       Using "Microsoft.Build.Tasks.Git.GetUntrackedFiles" task from assembly "C:\Program Files\dotnet\sdk\8.0.417\Sdks\Microsoft.Build.Tasks.Git\build\..\tools\core\Microsoft.Build.Tasks.Git.dll".
       Task "Microsoft.Build.Tasks.Git.GetUntrackedFiles"
         SourceLink: Reusing cached git repository information.
       Done executing task "Microsoft.Build.Tasks.Git.GetUntrackedFiles".
   1:7>Done building target "SetEmbeddedFilesFromSourceControlManagerUntrackedFiles" in project "CosmoWhisper.csproj".
   1:7>Target "_SetEmbeddedFilesFromSourceControlManagerUntrackedFiles" in file "C:\Program Files\dotnet\sdk\8.0.417\Sdks\Microsoft.SourceLink.Common\build\Microsoft.SourceLink.Common.targets" from project "C:\Users\louis\OneDrive\Documents\GitHub\CosmoWhisper-Native\CosmoWhisper-Windows\CosmoWhisper\CosmoWhisper.csproj" (target "CoreCompile" depends on it):
   1:7>Done building target "_SetEmbeddedFilesFromSourceControlManagerUntrackedFiles" in project "CosmoWhisper.csproj".
       Target "InitializeSourceControlInformation" skipped. Previously built successfully.
   1:7>Target "_SetSourceLinkFilePath" in file "C:\Program Files\dotnet\sdk\8.0.417\Sdks\Microsoft.SourceLink.Common\build\Microsoft.SourceLink.Common.targets" from project "C:\Users\louis\OneDrive\Documents\GitHub\CosmoWhisper-Native\CosmoWhisper-Windows\CosmoWhisper\CosmoWhisper.csproj" (target "_GenerateSourceLinkFile" depends on it):
   1:7>Done building target "_SetSourceLinkFilePath" in project "CosmoWhisper.csproj".
       Target "InitializeSourceControlInformation" skipped. Previously built successfully.
   1:7>Target "_InitializeSourceRootMappedPathsFromSourceControl" in file "C:\Program Files\dotnet\sdk\8.0.417\Roslyn\Microsoft.Managed.Core.targets" from project "C:\Users\louis\OneDrive\Documents\GitHub\CosmoWhisper-Native\CosmoWhisper-Windows\CosmoWhisper\CosmoWhisper.csproj" (target "InitializeSourceRootMappedPaths" depends on it):
   1:7>Done building target "_InitializeSourceRootMappedPathsFromSourceControl" in project "CosmoWhisper.csproj".
   1:7>Target "InitializeSourceRootMappedPaths" in file "C:\Program Files\dotnet\sdk\8.0.417\Roslyn\Microsoft.Managed.Core.targets" from project "C:\Users\louis\OneDrive\Documents\GitHub\CosmoWhisper-Native\CosmoWhisper-Windows\CosmoWhisper\CosmoWhisper.csproj" (target "_InitializeSourceRootMappedPathsOpt" depends on it):
       Using "Microsoft.CodeAnalysis.BuildTasks.MapSourceRoots" task from assembly "C:\Program Files\dotnet\sdk\8.0.417\Roslyn\Microsoft.Build.Tasks.CodeAnalysis.dll".
       Task "Microsoft.CodeAnalysis.BuildTasks.MapSourceRoots"
       Done executing task "Microsoft.CodeAnalysis.BuildTasks.MapSourceRoots".
   1:7>Done building target "InitializeSourceRootMappedPaths" in project "CosmoWhisper.csproj".
   1:7>Target "_InitializeSourceRootMappedPathsOpt" in file "C:\Program Files\dotnet\sdk\8.0.417\Sdks\Microsoft.SourceLink.Common\build\Microsoft.SourceLink.Common.targets" from project "C:\Users\louis\OneDrive\Documents\GitHub\CosmoWhisper-Native\CosmoWhisper-Windows\CosmoWhisper\CosmoWhisper.csproj" (target "_GenerateSourceLinkFile" depends on it):
   1:7>Done building target "_InitializeSourceRootMappedPathsOpt" in project "CosmoWhisper.csproj".
   1:7>Target "_InitializeGitHubSourceLinkUrl" in file "C:\Program Files\dotnet\sdk\8.0.417\Sdks\Microsoft.SourceLink.GitHub\build\Microsoft.SourceLink.GitHub.targets" from project "C:\Users\louis\OneDrive\Documents\GitHub\CosmoWhisper-Native\CosmoWhisper-Windows\CosmoWhisper\CosmoWhisper.csproj" (target "_GenerateSourceLinkFile" depends on it):
       Building target "_InitializeGitHubSourceLinkUrl" completely.
       No input files were specified.
       Using "Microsoft.SourceLink.GitHub.GetSourceLinkUrl" task from assembly "C:\Program Files\dotnet\sdk\8.0.417\Sdks\Microsoft.SourceLink.GitHub\build\..\tools\core\Microsoft.SourceLink.GitHub.dll".
       Task "Microsoft.SourceLink.GitHub.GetSourceLinkUrl"
       Done executing task "Microsoft.SourceLink.GitHub.GetSourceLinkUrl".
   1:7>Done building target "_InitializeGitHubSourceLinkUrl" in project "CosmoWhisper.csproj".
   1:7>Target "_InitializeGitHubSourceLinkUrl" in file "C:\Program Files\dotnet\sdk\8.0.417\Sdks\Microsoft.SourceLink.GitHub\build\Microsoft.SourceLink.GitHub.targets" from project "C:\Users\louis\OneDrive\Documents\GitHub\CosmoWhisper-Native\CosmoWhisper-Windows\CosmoWhisper\CosmoWhisper.csproj" (target "_GenerateSourceLinkFile" depends on it):
       Building target "_InitializeGitHubSourceLinkUrl" completely.
       No input files were specified.
       Task "Microsoft.SourceLink.GitHub.GetSourceLinkUrl"
       Done executing task "Microsoft.SourceLink.GitHub.GetSourceLinkUrl".
   1:7>Done building target "_InitializeGitHubSourceLinkUrl" in project "CosmoWhisper.csproj".
   1:7>Target "_InitializeGitLabSourceLinkUrl" in file "C:\Program Files\dotnet\sdk\8.0.417\Sdks\Microsoft.SourceLink.GitLab\build\Microsoft.SourceLink.GitLab.targets" from project "C:\Users\louis\OneDrive\Documents\GitHub\CosmoWhisper-Native\CosmoWhisper-Windows\CosmoWhisper\CosmoWhisper.csproj" (target "_GenerateSourceLinkFile" depends on it):
       Building target "_InitializeGitLabSourceLinkUrl" completely.
       No input files were specified.
       Using "Microsoft.SourceLink.GitLab.GetSourceLinkUrl" task from assembly "C:\Program Files\dotnet\sdk\8.0.417\Sdks\Microsoft.SourceLink.GitLab\build\..\tools\core\Microsoft.SourceLink.GitLab.dll".
       Task "Microsoft.SourceLink.GitLab.GetSourceLinkUrl"
       Done executing task "Microsoft.SourceLink.GitLab.GetSourceLinkUrl".
   1:7>Done building target "_InitializeGitLabSourceLinkUrl" in project "CosmoWhisper.csproj".
   1:7>Target "_InitializeGitLabSourceLinkUrl" in file "C:\Program Files\dotnet\sdk\8.0.417\Sdks\Microsoft.SourceLink.GitLab\build\Microsoft.SourceLink.GitLab.targets" from project "C:\Users\louis\OneDrive\Documents\GitHub\CosmoWhisper-Native\CosmoWhisper-Windows\CosmoWhisper\CosmoWhisper.csproj" (target "_GenerateSourceLinkFile" depends on it):
       Building target "_InitializeGitLabSourceLinkUrl" completely.
       No input files were specified.
       Task "Microsoft.SourceLink.GitLab.GetSourceLinkUrl"
       Done executing task "Microsoft.SourceLink.GitLab.GetSourceLinkUrl".
   1:7>Done building target "_InitializeGitLabSourceLinkUrl" in project "CosmoWhisper.csproj".
   1:7>Target "_InitializeAzureReposGitSourceLinkUrl" in file "C:\Program Files\dotnet\sdk\8.0.417\Sdks\Microsoft.SourceLink.AzureRepos.Git\build\Microsoft.SourceLink.AzureRepos.Git.targets" from project "C:\Users\louis\OneDrive\Documents\GitHub\CosmoWhisper-Native\CosmoWhisper-Windows\CosmoWhisper\CosmoWhisper.csproj" (target "_GenerateSourceLinkFile" depends on it):
       Building target "_InitializeAzureReposGitSourceLinkUrl" completely.
       No input files were specified.
       Using "Microsoft.SourceLink.AzureRepos.Git.GetSourceLinkUrl" task from assembly "C:\Program Files\dotnet\sdk\8.0.417\Sdks\Microsoft.SourceLink.AzureRepos.Git\build\..\tools\core\Microsoft.SourceLink.AzureRepos.Git.dll".
       Task "Microsoft.SourceLink.AzureRepos.Git.GetSourceLinkUrl"
       Done executing task "Microsoft.SourceLink.AzureRepos.Git.GetSourceLinkUrl".
   1:7>Done building target "_InitializeAzureReposGitSourceLinkUrl" in project "CosmoWhisper.csproj".
   1:7>Target "_InitializeAzureReposGitSourceLinkUrl" in file "C:\Program Files\dotnet\sdk\8.0.417\Sdks\Microsoft.SourceLink.AzureRepos.Git\build\Microsoft.SourceLink.AzureRepos.Git.targets" from project "C:\Users\louis\OneDrive\Documents\GitHub\CosmoWhisper-Native\CosmoWhisper-Windows\CosmoWhisper\CosmoWhisper.csproj" (target "_GenerateSourceLinkFile" depends on it):
       Building target "_InitializeAzureReposGitSourceLinkUrl" completely.
       No input files were specified.
       Task "Microsoft.SourceLink.AzureRepos.Git.GetSourceLinkUrl"
       Done executing task "Microsoft.SourceLink.AzureRepos.Git.GetSourceLinkUrl".
   1:7>Done building target "_InitializeAzureReposGitSourceLinkUrl" in project "CosmoWhisper.csproj".
   1:7>Target "_InitializeBitbucketGitSourceLinkUrl" in file "C:\Program Files\dotnet\sdk\8.0.417\Sdks\Microsoft.SourceLink.Bitbucket.Git\build\Microsoft.SourceLink.Bitbucket.Git.targets" from project "C:\Users\louis\OneDrive\Documents\GitHub\CosmoWhisper-Native\CosmoWhisper-Windows\CosmoWhisper\CosmoWhisper.csproj" (target "_GenerateSourceLinkFile" depends on it):
       Building target "_InitializeBitbucketGitSourceLinkUrl" completely.
       No input files were specified.
       Using "Microsoft.SourceLink.Bitbucket.Git.GetSourceLinkUrl" task from assembly "C:\Program Files\dotnet\sdk\8.0.417\Sdks\Microsoft.SourceLink.Bitbucket.Git\build\..\tools\core\Microsoft.SourceLink.Bitbucket.Git.dll".
       Task "Microsoft.SourceLink.Bitbucket.Git.GetSourceLinkUrl"
       Done executing task "Microsoft.SourceLink.Bitbucket.Git.GetSourceLinkUrl".
   1:7>Done building target "_InitializeBitbucketGitSourceLinkUrl" in project "CosmoWhisper.csproj".
   1:7>Target "_InitializeBitbucketGitSourceLinkUrl" in file "C:\Program Files\dotnet\sdk\8.0.417\Sdks\Microsoft.SourceLink.Bitbucket.Git\build\Microsoft.SourceLink.Bitbucket.Git.targets" from project "C:\Users\louis\OneDrive\Documents\GitHub\CosmoWhisper-Native\CosmoWhisper-Windows\CosmoWhisper\CosmoWhisper.csproj" (target "_GenerateSourceLinkFile" depends on it):
       Building target "_InitializeBitbucketGitSourceLinkUrl" completely.
       No input files were specified.
       Task "Microsoft.SourceLink.Bitbucket.Git.GetSourceLinkUrl"
       Done executing task "Microsoft.SourceLink.Bitbucket.Git.GetSourceLinkUrl".
   1:7>Done building target "_InitializeBitbucketGitSourceLinkUrl" in project "CosmoWhisper.csproj".
   1:7>Target "_GenerateSourceLinkFile" in file "C:\Program Files\dotnet\sdk\8.0.417\Sdks\Microsoft.SourceLink.Common\build\Microsoft.SourceLink.Common.targets" from project "C:\Users\louis\OneDrive\Documents\GitHub\CosmoWhisper-Native\CosmoWhisper-Windows\CosmoWhisper\CosmoWhisper.csproj" (target "GenerateSourceLinkFile" depends on it):
       Building target "_GenerateSourceLinkFile" completely.
       No input files were specified.
       Using "Microsoft.SourceLink.Common.GenerateSourceLinkFile" task from assembly "C:\Program Files\dotnet\sdk\8.0.417\Sdks\Microsoft.SourceLink.Common\build\..\tools\core\Microsoft.SourceLink.Common.dll".
       Task "Microsoft.SourceLink.Common.GenerateSourceLinkFile"
         Source Link file 'obj\Debug\net8.0-windows10.0.19041.0\CosmoWhisper.sourcelink.json' is up-to-date.
       Done executing task "Microsoft.SourceLink.Common.GenerateSourceLinkFile".
   1:7>Done building target "_GenerateSourceLinkFile" in project "CosmoWhisper.csproj".
   1:7>Target "GenerateSourceLinkFile" in file "C:\Program Files\dotnet\sdk\8.0.417\Sdks\Microsoft.SourceLink.Common\build\Microsoft.SourceLink.Common.targets" from project "C:\Users\louis\OneDrive\Documents\GitHub\CosmoWhisper-Native\CosmoWhisper-Windows\CosmoWhisper\CosmoWhisper.csproj" (target "CoreCompile" depends on it):
   1:7>Done building target "GenerateSourceLinkFile" in project "CosmoWhisper.csproj".
   1:7>Target "AddGlobalAnalyzerConfigForPackage_MicrosoftCodeAnalysisNetAnalyzers" in file "C:\Program Files\dotnet\sdk\8.0.417\Sdks\Microsoft.NET.Sdk\analyzers\build\Microsoft.CodeAnalysis.NetAnalyzers.targets" from project "C:\Users\louis\OneDrive\Documents\GitHub\CosmoWhisper-Native\CosmoWhisper-Windows\CosmoWhisper\CosmoWhisper.csproj" (target "CoreCompile" depends on it):
   1:7>Done building target "AddGlobalAnalyzerConfigForPackage_MicrosoftCodeAnalysisNetAnalyzers" in project "CosmoWhisper.csproj".
       Target "AddGlobalAnalyzerConfigForPackage_MicrosoftCodeAnalysisNetAnalyzersDesign" skipped, due to false condition; ('$(SkipGlobalAnalyzerConfigForPackage)' != 'true' and ('$(AnalysisLevelDesign)' != '' or '$(AnalysisModeDesign)' != '')) was evaluated as ('' != 'true' and ('' != '' or '' != '')).
       Target "AddGlobalAnalyzerConfigForPackage_MicrosoftCodeAnalysisNetAnalyzersDocumentation" skipped, due to false condition; ('$(SkipGlobalAnalyzerConfigForPackage)' != 'true' and ('$(AnalysisLevelDocumentation)' != '' or '$(AnalysisModeDocumentation)' != '')) was evaluated as ('' != 'true' and ('' != '' or '' != '')).
       Target "AddGlobalAnalyzerConfigForPackage_MicrosoftCodeAnalysisNetAnalyzersGlobalization" skipped, due to false condition; ('$(SkipGlobalAnalyzerConfigForPackage)' != 'true' and ('$(AnalysisLevelGlobalization)' != '' or '$(AnalysisModeGlobalization)' != '')) was evaluated as ('' != 'true' and ('' != '' or '' != '')).
       Target "AddGlobalAnalyzerConfigForPackage_MicrosoftCodeAnalysisNetAnalyzersInteroperability" skipped, due to false condition; ('$(SkipGlobalAnalyzerConfigForPackage)' != 'true' and ('$(AnalysisLevelInteroperability)' != '' or '$(AnalysisModeInteroperability)' != '')) was evaluated as ('' != 'true' and ('' != '' or '' != '')).
       Target "AddGlobalAnalyzerConfigForPackage_MicrosoftCodeAnalysisNetAnalyzersMaintainability" skipped, due to false condition; ('$(SkipGlobalAnalyzerConfigForPackage)' != 'true' and ('$(AnalysisLevelMaintainability)' != '' or '$(AnalysisModeMaintainability)' != '')) was evaluated as ('' != 'true' and ('' != '' or '' != '')).
       Target "AddGlobalAnalyzerConfigForPackage_MicrosoftCodeAnalysisNetAnalyzersNaming" skipped, due to false condition; ('$(SkipGlobalAnalyzerConfigForPackage)' != 'true' and ('$(AnalysisLevelNaming)' != '' or '$(AnalysisModeNaming)' != '')) was evaluated as ('' != 'true' and ('' != '' or '' != '')).
       Target "AddGlobalAnalyzerConfigForPackage_MicrosoftCodeAnalysisNetAnalyzersPerformance" skipped, due to false condition; ('$(SkipGlobalAnalyzerConfigForPackage)' != 'true' and ('$(AnalysisLevelPerformance)' != '' or '$(AnalysisModePerformance)' != '')) was evaluated as ('' != 'true' and ('' != '' or '' != '')).
       Target "AddGlobalAnalyzerConfigForPackage_MicrosoftCodeAnalysisNetAnalyzersReliability" skipped, due to false condition; ('$(SkipGlobalAnalyzerConfigForPackage)' != 'true' and ('$(AnalysisLevelReliability)' != '' or '$(AnalysisModeReliability)' != '')) was evaluated as ('' != 'true' and ('' != '' or '' != '')).
       Target "AddGlobalAnalyzerConfigForPackage_MicrosoftCodeAnalysisNetAnalyzersSecurity" skipped, due to false condition; ('$(SkipGlobalAnalyzerConfigForPackage)' != 'true' and ('$(AnalysisLevelSecurity)' != '' or '$(AnalysisModeSecurity)' != '')) was evaluated as ('' != 'true' and ('' != '' or '' != '')).
       Target "AddGlobalAnalyzerConfigForPackage_MicrosoftCodeAnalysisNetAnalyzersUsage" skipped, due to false condition; ('$(SkipGlobalAnalyzerConfigForPackage)' != 'true' and ('$(AnalysisLevelUsage)' != '' or '$(AnalysisModeUsage)' != '')) was evaluated as ('' != 'true' and ('' != '' or '' != '')).
       Target "_CodeAnalysisTreatWarningsAsErrors" skipped, due to false condition; ('$(DesignTimeBuild)' == 'true' OR '$(BuildingProject)' != 'true') was evaluated as ('' == 'true' OR 'true' != 'true').
   1:7>Target "_ReportUpgradeNetAnalyzersNuGetWarning" in file "C:\Program Files\dotnet\sdk\8.0.417\Sdks\Microsoft.NET.Sdk\analyzers\build\Microsoft.CodeAnalysis.NetAnalyzers.targets" from project "C:\Users\louis\OneDrive\Documents\GitHub\CosmoWhisper-Native\CosmoWhisper-Windows\CosmoWhisper\CosmoWhisper.csproj" (target "CoreCompile" depends on it):
       Task "Warning" skipped, due to false condition; ('$(_NETAnalyzersNuGetAssemblyVersion)' != '' AND
                                '$(_NETAnalyzersSDKAssemblyVersion)' != '' AND
                                 $(_NETAnalyzersNuGetAssemblyVersion) < $(_NETAnalyzersSDKAssemblyVersion)) was evaluated as ('' != '' AND
                                '8.0.0' != '' AND
                                  < 8.0.0).
   1:7>Done building target "_ReportUpgradeNetAnalyzersNuGetWarning" in project "CosmoWhisper.csproj".
   1:7>Target "RemoveDuplicateAnalyzers" in file "C:\Program Files\dotnet\sdk\8.0.417\Sdks\Microsoft.NET.Sdk.WindowsDesktop\targets\Microsoft.WinFX.targets" from project "C:\Users\louis\OneDrive\Documents\GitHub\CosmoWhisper-Native\CosmoWhisper-Windows\CosmoWhisper\CosmoWhisper.csproj" (target "CoreCompile" depends on it):
   1:7>Done building target "RemoveDuplicateAnalyzers" in project "CosmoWhisper.csproj".
   1:7>Target "CoreCompile" in file "C:\Program Files\dotnet\sdk\8.0.417\Roslyn\Microsoft.CSharp.Core.targets" from project "C:\Users\louis\OneDrive\Documents\GitHub\CosmoWhisper-Native\CosmoWhisper-Windows\CosmoWhisper\CosmoWhisper.csproj" (target "Compile" depends on it):
       Skipping target "CoreCompile" because all output files are up-to-date with respect to the input files.
       Input files: 
           App.xaml.cs
           AssemblyInfo.cs
           Controllers\BaseViewController.cs
           Controllers\DashboardController.cs
           Controllers\IntelligenceController.cs
           Controllers\MicrophoneController.cs
           Controllers\NarrationController.cs
           Controllers\NavigationController.cs
           Controllers\PreferencesController.cs
           Controllers\ThemeController.cs
           Controllers\VocabularyController.cs
           DashboardWindow.xaml.cs
           File\FileOperator.cs
           MainWindow.xaml.cs
           Managers\AudioRecorder.cs
           Managers\BackendService.cs
           Managers\BlurManager.cs
           Managers\CommandController.cs
           Managers\HotKeyManager.cs
           Managers\InputController.cs
           Managers\LicenseManager.cs
           Managers\MouseButtonManager.cs
           Managers\NarrationManager.cs
           Managers\PreferenceManager.cs
           Managers\ProtocolHandler.cs
           Managers\RegionalSpellingManager.cs
           Managers\SmartCommandHandler.cs
           Managers\SoundManager.cs
           Managers\TrayManager.cs
           Managers\VocabularyManager.cs
           Manus\ManusAgent.cs
           Models\VocabularyItem.cs
           Planning\PlanningTool.cs
           Services\AIService.cs
           Views\MicrophoneView.xaml.cs
           Views\ScriptsView.xaml.cs
           WidgetWindow.xaml.cs
           obj\Debug\net8.0-windows10.0.19041.0\CosmoWhisper.GlobalUsings.g.cs
           C:\Users\louis\OneDrive\Documents\GitHub\CosmoWhisper-Native\CosmoWhisper-Windows\CosmoWhisper\obj\Debug\net8.0-windows10.0.19041.0\DashboardWindow.g.cs
           C:\Users\louis\OneDrive\Documents\GitHub\CosmoWhisper-Native\CosmoWhisper-Windows\CosmoWhisper\obj\Debug\net8.0-windows10.0.19041.0\MainWindow.g.cs
           C:\Users\louis\OneDrive\Documents\GitHub\CosmoWhisper-Native\CosmoWhisper-Windows\CosmoWhisper\obj\Debug\net8.0-windows10.0.19041.0\Views\MicrophoneView.g.cs
           C:\Users\louis\OneDrive\Documents\GitHub\CosmoWhisper-Native\CosmoWhisper-Windows\CosmoWhisper\obj\Debug\net8.0-windows10.0.19041.0\Views\ScriptsView.g.cs
           C:\Users\louis\OneDrive\Documents\GitHub\CosmoWhisper-Native\CosmoWhisper-Windows\CosmoWhisper\obj\Debug\net8.0-windows10.0.19041.0\WidgetWindow.g.cs
           C:\Users\louis\OneDrive\Documents\GitHub\CosmoWhisper-Native\CosmoWhisper-Windows\CosmoWhisper\obj\Debug\net8.0-windows10.0.19041.0\App.g.cs
           C:\Users\louis\OneDrive\Documents\GitHub\CosmoWhisper-Native\CosmoWhisper-Windows\CosmoWhisper\obj\Debug\net8.0-windows10.0.19041.0\CosmoWhisperNative_Content.g.cs
           obj\Debug\net8.0-windows10.0.19041.0\.NETCoreApp,Version=v8.0.AssemblyAttributes.cs
           obj\Debug\net8.0-windows10.0.19041.0\CosmoWhisper.AssemblyInfo.cs
           obj\Debug\net8.0-windows10.0.19041.0\CosmoWhisperNative.g.resources
           C:\Program Files\dotnet\packs\Microsoft.WindowsDesktop.App.Ref\8.0.23\ref\net8.0\Accessibility.dll
           C:\Program Files\dotnet\packs\Microsoft.NETCore.App.Ref\8.0.23\ref\net8.0\Microsoft.CSharp.dll
           C:\Program Files\dotnet\packs\Microsoft.NETCore.App.Ref\8.0.23\ref\net8.0\Microsoft.VisualBasic.Core.dll
           C:\Program Files\dotnet\packs\Microsoft.WindowsDesktop.App.Ref\8.0.23\ref\net8.0\Microsoft.VisualBasic.dll
           C:\Program Files\dotnet\packs\Microsoft.WindowsDesktop.App.Ref\8.0.23\ref\net8.0\Microsoft.VisualBasic.Forms.dll
           C:\Program Files\dotnet\packs\Microsoft.NETCore.App.Ref\8.0.23\ref\net8.0\Microsoft.Win32.Primitives.dll
           C:\Program Files\dotnet\packs\Microsoft.WindowsDesktop.App.Ref\8.0.23\ref\net8.0\Microsoft.Win32.Registry.AccessControl.dll
           C:\Program Files\dotnet\packs\Microsoft.NETCore.App.Ref\8.0.23\ref\net8.0\Microsoft.Win32.Registry.dll
           C:\Program Files\dotnet\packs\Microsoft.WindowsDesktop.App.Ref\8.0.23\ref\net8.0\Microsoft.Win32.SystemEvents.dll
           C:\Users\louis\.nuget\packages\microsoft.windows.sdk.net.ref\10.0.19041.56\lib\net8.0\Microsoft.Windows.SDK.NET.dll
           C:\Program Files\dotnet\packs\Microsoft.NETCore.App.Ref\8.0.23\ref\net8.0\mscorlib.dll
           C:\Users\louis\.nuget\packages\naudio.asio\2.2.1\lib\netstandard2.0\NAudio.Asio.dll
           C:\Users\louis\.nuget\packages\naudio.core\2.2.1\lib\netstandard2.0\NAudio.Core.dll
           C:\Users\louis\.nuget\packages\naudio\2.2.1\lib\net6.0-windows7.0\NAudio.dll
           C:\Users\louis\.nuget\packages\naudio.midi\2.2.1\lib\netstandard2.0\NAudio.Midi.dll
           C:\Users\louis\.nuget\packages\naudio.wasapi\2.2.1\lib\netstandard2.0\NAudio.Wasapi.dll
           C:\Users\louis\.nuget\packages\naudio.winforms\2.2.1\lib\netcoreapp3.1\NAudio.WinForms.dll
           C:\Users\louis\.nuget\packages\naudio.winmm\2.2.1\lib\netstandard2.0\NAudio.WinMM.dll
           C:\Program Files\dotnet\packs\Microsoft.NETCore.App.Ref\8.0.23\ref\net8.0\netstandard.dll
           C:\Program Files\dotnet\packs\Microsoft.WindowsDesktop.App.Ref\8.0.23\ref\net8.0\PresentationCore.dll
           C:\Program Files\dotnet\packs\Microsoft.WindowsDesktop.App.Ref\8.0.23\ref\net8.0\PresentationFramework.Aero.dll
           C:\Program Files\dotnet\packs\Microsoft.WindowsDesktop.App.Ref\8.0.23\ref\net8.0\PresentationFramework.Aero2.dll
           C:\Program Files\dotnet\packs\Microsoft.WindowsDesktop.App.Ref\8.0.23\ref\net8.0\PresentationFramework.AeroLite.dll
           C:\Program Files\dotnet\packs\Microsoft.WindowsDesktop.App.Ref\8.0.23\ref\net8.0\PresentationFramework.Classic.dll
           C:\Program Files\dotnet\packs\Microsoft.WindowsDesktop.App.Ref\8.0.23\ref\net8.0\PresentationFramework.dll
           C:\Program Files\dotnet\packs\Microsoft.WindowsDesktop.App.Ref\8.0.23\ref\net8.0\PresentationFramework.Luna.dll
           C:\Program Files\dotnet\packs\Microsoft.WindowsDesktop.App.Ref\8.0.23\ref\net8.0\PresentationFramework.Royale.dll
           C:\Program Files\dotnet\packs\Microsoft.WindowsDesktop.App.Ref\8.0.23\ref\net8.0\PresentationUI.dll
           C:\Program Files\dotnet\packs\Microsoft.WindowsDesktop.App.Ref\8.0.23\ref\net8.0\ReachFramework.dll
           C:\Program Files\dotnet\packs\Microsoft.NETCore.App.Ref\8.0.23\ref\net8.0\System.AppContext.dll
           C:\Program Files\dotnet\packs\Microsoft.NETCore.App.Ref\8.0.23\ref\net8.0\System.Buffers.dll
           C:\Program Files\dotnet\packs\Microsoft.WindowsDesktop.App.Ref\8.0.23\ref\net8.0\System.CodeDom.dll
           C:\Program Files\dotnet\packs\Microsoft.NETCore.App.Ref\8.0.23\ref\net8.0\System.Collections.Concurrent.dll
           C:\Program Files\dotnet\packs\Microsoft.NETCore.App.Ref\8.0.23\ref\net8.0\System.Collections.dll
           C:\Program Files\dotnet\packs\Microsoft.NETCore.App.Ref\8.0.23\ref\net8.0\System.Collections.Immutable.dll
           C:\Program Files\dotnet\packs\Microsoft.NETCore.App.Ref\8.0.23\ref\net8.0\System.Collections.NonGeneric.dll
           C:\Program Files\dotnet\packs\Microsoft.NETCore.App.Ref\8.0.23\ref\net8.0\System.Collections.Specialized.dll
           C:\Program Files\dotnet\packs\Microsoft.NETCore.App.Ref\8.0.23\ref\net8.0\System.ComponentModel.Annotations.dll
           C:\Program Files\dotnet\packs\Microsoft.NETCore.App.Ref\8.0.23\ref\net8.0\System.ComponentModel.DataAnnotations.dll
           C:\Program Files\dotnet\packs\Microsoft.NETCore.App.Ref\8.0.23\ref\net8.0\System.ComponentModel.dll
           C:\Program Files\dotnet\packs\Microsoft.NETCore.App.Ref\8.0.23\ref\net8.0\System.ComponentModel.EventBasedAsync.dll
           C:\Program Files\dotnet\packs\Microsoft.NETCore.App.Ref\8.0.23\ref\net8.0\System.ComponentModel.Primitives.dll
           C:\Program Files\dotnet\packs\Microsoft.NETCore.App.Ref\8.0.23\ref\net8.0\System.ComponentModel.TypeConverter.dll
           C:\Program Files\dotnet\packs\Microsoft.WindowsDesktop.App.Ref\8.0.23\ref\net8.0\System.Configuration.ConfigurationManager.dll
           C:\Program Files\dotnet\packs\Microsoft.NETCore.App.Ref\8.0.23\ref\net8.0\System.Configuration.dll
           C:\Program Files\dotnet\packs\Microsoft.NETCore.App.Ref\8.0.23\ref\net8.0\System.Console.dll
           C:\Program Files\dotnet\packs\Microsoft.NETCore.App.Ref\8.0.23\ref\net8.0\System.Core.dll
           C:\Program Files\dotnet\packs\Microsoft.NETCore.App.Ref\8.0.23\ref\net8.0\System.Data.Common.dll
           C:\Program Files\dotnet\packs\Microsoft.NETCore.App.Ref\8.0.23\ref\net8.0\System.Data.DataSetExtensions.dll
           C:\Program Files\dotnet\packs\Microsoft.NETCore.App.Ref\8.0.23\ref\net8.0\System.Data.dll
           C:\Program Files\dotnet\packs\Microsoft.WindowsDesktop.App.Ref\8.0.23\ref\net8.0\System.Design.dll
           C:\Program Files\dotnet\packs\Microsoft.NETCore.App.Ref\8.0.23\ref\net8.0\System.Diagnostics.Contracts.dll
           C:\Program Files\dotnet\packs\Microsoft.NETCore.App.Ref\8.0.23\ref\net8.0\System.Diagnostics.Debug.dll
           C:\Program Files\dotnet\packs\Microsoft.NETCore.App.Ref\8.0.23\ref\net8.0\System.Diagnostics.DiagnosticSource.dll
           C:\Program Files\dotnet\packs\Microsoft.WindowsDesktop.App.Ref\8.0.23\ref\net8.0\System.Diagnostics.EventLog.dll
           C:\Program Files\dotnet\packs\Microsoft.NETCore.App.Ref\8.0.23\ref\net8.0\System.Diagnostics.FileVersionInfo.dll
           C:\Program Files\dotnet\packs\Microsoft.WindowsDesktop.App.Ref\8.0.23\ref\net8.0\System.Diagnostics.PerformanceCounter.dll
           C:\Program Files\dotnet\packs\Microsoft.NETCore.App.Ref\8.0.23\ref\net8.0\System.Diagnostics.Process.dll
           C:\Program Files\dotnet\packs\Microsoft.NETCore.App.Ref\8.0.23\ref\net8.0\System.Diagnostics.StackTrace.dll
           C:\Program Files\dotnet\packs\Microsoft.NETCore.App.Ref\8.0.23\ref\net8.0\System.Diagnostics.TextWriterTraceListener.dll
           C:\Program Files\dotnet\packs\Microsoft.NETCore.App.Ref\8.0.23\ref\net8.0\System.Diagnostics.Tools.dll
           C:\Program Files\dotnet\packs\Microsoft.NETCore.App.Ref\8.0.23\ref\net8.0\System.Diagnostics.TraceSource.dll
           C:\Program Files\dotnet\packs\Microsoft.NETCore.App.Ref\8.0.23\ref\net8.0\System.Diagnostics.Tracing.dll
           C:\Program Files\dotnet\packs\Microsoft.WindowsDesktop.App.Ref\8.0.23\ref\net8.0\System.DirectoryServices.dll
           C:\Program Files\dotnet\packs\Microsoft.NETCore.App.Ref\8.0.23\ref\net8.0\System.dll
           C:\Program Files\dotnet\packs\Microsoft.WindowsDesktop.App.Ref\8.0.23\ref\net8.0\System.Drawing.Common.dll
           C:\Program Files\dotnet\packs\Microsoft.WindowsDesktop.App.Ref\8.0.23\ref\net8.0\System.Drawing.Design.dll
           C:\Program Files\dotnet\packs\Microsoft.WindowsDesktop.App.Ref\8.0.23\ref\net8.0\System.Drawing.dll
           C:\Program Files\dotnet\packs\Microsoft.NETCore.App.Ref\8.0.23\ref\net8.0\System.Drawing.Primitives.dll
           C:\Program Files\dotnet\packs\Microsoft.NETCore.App.Ref\8.0.23\ref\net8.0\System.Dynamic.Runtime.dll
           C:\Program Files\dotnet\packs\Microsoft.NETCore.App.Ref\8.0.23\ref\net8.0\System.Formats.Asn1.dll
           C:\Program Files\dotnet\packs\Microsoft.NETCore.App.Ref\8.0.23\ref\net8.0\System.Formats.Tar.dll
           C:\Program Files\dotnet\packs\Microsoft.NETCore.App.Ref\8.0.23\ref\net8.0\System.Globalization.Calendars.dll
           C:\Program Files\dotnet\packs\Microsoft.NETCore.App.Ref\8.0.23\ref\net8.0\System.Globalization.dll
           C:\Program Files\dotnet\packs\Microsoft.NETCore.App.Ref\8.0.23\ref\net8.0\System.Globalization.Extensions.dll
           C:\Program Files\dotnet\packs\Microsoft.NETCore.App.Ref\8.0.23\ref\net8.0\System.IO.Compression.Brotli.dll
           C:\Program Files\dotnet\packs\Microsoft.NETCore.App.Ref\8.0.23\ref\net8.0\System.IO.Compression.dll
           C:\Program Files\dotnet\packs\Microsoft.NETCore.App.Ref\8.0.23\ref\net8.0\System.IO.Compression.FileSystem.dll
           C:\Program Files\dotnet\packs\Microsoft.NETCore.App.Ref\8.0.23\ref\net8.0\System.IO.Compression.ZipFile.dll
           C:\Program Files\dotnet\packs\Microsoft.NETCore.App.Ref\8.0.23\ref\net8.0\System.IO.dll
           C:\Program Files\dotnet\packs\Microsoft.NETCore.App.Ref\8.0.23\ref\net8.0\System.IO.FileSystem.AccessControl.dll
           C:\Program Files\dotnet\packs\Microsoft.NETCore.App.Ref\8.0.23\ref\net8.0\System.IO.FileSystem.dll
           C:\Program Files\dotnet\packs\Microsoft.NETCore.App.Ref\8.0.23\ref\net8.0\System.IO.FileSystem.DriveInfo.dll
           C:\Program Files\dotnet\packs\Microsoft.NETCore.App.Ref\8.0.23\ref\net8.0\System.IO.FileSystem.Primitives.dll
           C:\Program Files\dotnet\packs\Microsoft.NETCore.App.Ref\8.0.23\ref\net8.0\System.IO.FileSystem.Watcher.dll
           C:\Program Files\dotnet\packs\Microsoft.NETCore.App.Ref\8.0.23\ref\net8.0\System.IO.IsolatedStorage.dll
           C:\Program Files\dotnet\packs\Microsoft.NETCore.App.Ref\8.0.23\ref\net8.0\System.IO.MemoryMappedFiles.dll
           C:\Program Files\dotnet\packs\Microsoft.WindowsDesktop.App.Ref\8.0.23\ref\net8.0\System.IO.Packaging.dll
           C:\Program Files\dotnet\packs\Microsoft.NETCore.App.Ref\8.0.23\ref\net8.0\System.IO.Pipes.AccessControl.dll
           C:\Program Files\dotnet\packs\Microsoft.NETCore.App.Ref\8.0.23\ref\net8.0\System.IO.Pipes.dll
           C:\Program Files\dotnet\packs\Microsoft.NETCore.App.Ref\8.0.23\ref\net8.0\System.IO.UnmanagedMemoryStream.dll
           C:\Program Files\dotnet\packs\Microsoft.NETCore.App.Ref\8.0.23\ref\net8.0\System.Linq.dll
           C:\Program Files\dotnet\packs\Microsoft.NETCore.App.Ref\8.0.23\ref\net8.0\System.Linq.Expressions.dll
           C:\Program Files\dotnet\packs\Microsoft.NETCore.App.Ref\8.0.23\ref\net8.0\System.Linq.Parallel.dll
           C:\Program Files\dotnet\packs\Microsoft.NETCore.App.Ref\8.0.23\ref\net8.0\System.Linq.Queryable.dll
           C:\Program Files\dotnet\packs\Microsoft.NETCore.App.Ref\8.0.23\ref\net8.0\System.Memory.dll
           C:\Program Files\dotnet\packs\Microsoft.NETCore.App.Ref\8.0.23\ref\net8.0\System.Net.dll
           C:\Program Files\dotnet\packs\Microsoft.NETCore.App.Ref\8.0.23\ref\net8.0\System.Net.Http.dll
           C:\Program Files\dotnet\packs\Microsoft.NETCore.App.Ref\8.0.23\ref\net8.0\System.Net.Http.Json.dll
           C:\Program Files\dotnet\packs\Microsoft.NETCore.App.Ref\8.0.23\ref\net8.0\System.Net.HttpListener.dll
           C:\Program Files\dotnet\packs\Microsoft.NETCore.App.Ref\8.0.23\ref\net8.0\System.Net.Mail.dll
           C:\Program Files\dotnet\packs\Microsoft.NETCore.App.Ref\8.0.23\ref\net8.0\System.Net.NameResolution.dll
           C:\Program Files\dotnet\packs\Microsoft.NETCore.App.Ref\8.0.23\ref\net8.0\System.Net.NetworkInformation.dll
           C:\Program Files\dotnet\packs\Microsoft.NETCore.App.Ref\8.0.23\ref\net8.0\System.Net.Ping.dll
           C:\Program Files\dotnet\packs\Microsoft.NETCore.App.Ref\8.0.23\ref\net8.0\System.Net.Primitives.dll
           C:\Program Files\dotnet\packs\Microsoft.NETCore.App.Ref\8.0.23\ref\net8.0\System.Net.Quic.dll
           C:\Program Files\dotnet\packs\Microsoft.NETCore.App.Ref\8.0.23\ref\net8.0\System.Net.Requests.dll
           C:\Program Files\dotnet\packs\Microsoft.NETCore.App.Ref\8.0.23\ref\net8.0\System.Net.Security.dll
           C:\Program Files\dotnet\packs\Microsoft.NETCore.App.Ref\8.0.23\ref\net8.0\System.Net.ServicePoint.dll
           C:\Program Files\dotnet\packs\Microsoft.NETCore.App.Ref\8.0.23\ref\net8.0\System.Net.Sockets.dll
           C:\Program Files\dotnet\packs\Microsoft.NETCore.App.Ref\8.0.23\ref\net8.0\System.Net.WebClient.dll
           C:\Program Files\dotnet\packs\Microsoft.NETCore.App.Ref\8.0.23\ref\net8.0\System.Net.WebHeaderCollection.dll
           C:\Program Files\dotnet\packs\Microsoft.NETCore.App.Ref\8.0.23\ref\net8.0\System.Net.WebProxy.dll
           C:\Program Files\dotnet\packs\Microsoft.NETCore.App.Ref\8.0.23\ref\net8.0\System.Net.WebSockets.Client.dll
           C:\Program Files\dotnet\packs\Microsoft.NETCore.App.Ref\8.0.23\ref\net8.0\System.Net.WebSockets.dll
           C:\Program Files\dotnet\packs\Microsoft.NETCore.App.Ref\8.0.23\ref\net8.0\System.Numerics.dll
           C:\Program Files\dotnet\packs\Microsoft.NETCore.App.Ref\8.0.23\ref\net8.0\System.Numerics.Vectors.dll
           C:\Program Files\dotnet\packs\Microsoft.NETCore.App.Ref\8.0.23\ref\net8.0\System.ObjectModel.dll
           C:\Program Files\dotnet\packs\Microsoft.WindowsDesktop.App.Ref\8.0.23\ref\net8.0\System.Printing.dll
           C:\Program Files\dotnet\packs\Microsoft.NETCore.App.Ref\8.0.23\ref\net8.0\System.Reflection.DispatchProxy.dll
           C:\Program Files\dotnet\packs\Microsoft.NETCore.App.Ref\8.0.23\ref\net8.0\System.Reflection.dll
           C:\Program Files\dotnet\packs\Microsoft.NETCore.App.Ref\8.0.23\ref\net8.0\System.Reflection.Emit.dll
           C:\Program Files\dotnet\packs\Microsoft.NETCore.App.Ref\8.0.23\ref\net8.0\System.Reflection.Emit.ILGeneration.dll
           C:\Program Files\dotnet\packs\Microsoft.NETCore.App.Ref\8.0.23\ref\net8.0\System.Reflection.Emit.Lightweight.dll
           C:\Program Files\dotnet\packs\Microsoft.NETCore.App.Ref\8.0.23\ref\net8.0\System.Reflection.Extensions.dll
           C:\Program Files\dotnet\packs\Microsoft.NETCore.App.Ref\8.0.23\ref\net8.0\System.Reflection.Metadata.dll
           C:\Program Files\dotnet\packs\Microsoft.NETCore.App.Ref\8.0.23\ref\net8.0\System.Reflection.Primitives.dll
           C:\Program Files\dotnet\packs\Microsoft.NETCore.App.Ref\8.0.23\ref\net8.0\System.Reflection.TypeExtensions.dll
           C:\Program Files\dotnet\packs\Microsoft.WindowsDesktop.App.Ref\8.0.23\ref\net8.0\System.Resources.Extensions.dll
           C:\Program Files\dotnet\packs\Microsoft.NETCore.App.Ref\8.0.23\ref\net8.0\System.Resources.Reader.dll
           C:\Program Files\dotnet\packs\Microsoft.NETCore.App.Ref\8.0.23\ref\net8.0\System.Resources.ResourceManager.dll
           C:\Program Files\dotnet\packs\Microsoft.NETCore.App.Ref\8.0.23\ref\net8.0\System.Resources.Writer.dll
           C:\Program Files\dotnet\packs\Microsoft.NETCore.App.Ref\8.0.23\ref\net8.0\System.Runtime.CompilerServices.Unsafe.dll
           C:\Program Files\dotnet\packs\Microsoft.NETCore.App.Ref\8.0.23\ref\net8.0\System.Runtime.CompilerServices.VisualC.dll
           C:\Program Files\dotnet\packs\Microsoft.NETCore.App.Ref\8.0.23\ref\net8.0\System.Runtime.dll
           C:\Program Files\dotnet\packs\Microsoft.NETCore.App.Ref\8.0.23\ref\net8.0\System.Runtime.Extensions.dll
           C:\Program Files\dotnet\packs\Microsoft.NETCore.App.Ref\8.0.23\ref\net8.0\System.Runtime.Handles.dll
           C:\Program Files\dotnet\packs\Microsoft.NETCore.App.Ref\8.0.23\ref\net8.0\System.Runtime.InteropServices.dll
           C:\Program Files\dotnet\packs\Microsoft.NETCore.App.Ref\8.0.23\ref\net8.0\System.Runtime.InteropServices.JavaScript.dll
           C:\Program Files\dotnet\packs\Microsoft.NETCore.App.Ref\8.0.23\ref\net8.0\System.Runtime.InteropServices.RuntimeInformation.dll
           C:\Program Files\dotnet\packs\Microsoft.NETCore.App.Ref\8.0.23\ref\net8.0\System.Runtime.Intrinsics.dll
           C:\Program Files\dotnet\packs\Microsoft.NETCore.App.Ref\8.0.23\ref\net8.0\System.Runtime.Loader.dll
           C:\Program Files\dotnet\packs\Microsoft.NETCore.App.Ref\8.0.23\ref\net8.0\System.Runtime.Numerics.dll
           C:\Program Files\dotnet\packs\Microsoft.NETCore.App.Ref\8.0.23\ref\net8.0\System.Runtime.Serialization.dll
           C:\Program Files\dotnet\packs\Microsoft.NETCore.App.Ref\8.0.23\ref\net8.0\System.Runtime.Serialization.Formatters.dll
           C:\Program Files\dotnet\packs\Microsoft.NETCore.App.Ref\8.0.23\ref\net8.0\System.Runtime.Serialization.Json.dll
           C:\Program Files\dotnet\packs\Microsoft.NETCore.App.Ref\8.0.23\ref\net8.0\System.Runtime.Serialization.Primitives.dll
           C:\Program Files\dotnet\packs\Microsoft.NETCore.App.Ref\8.0.23\ref\net8.0\System.Runtime.Serialization.Xml.dll
           C:\Program Files\dotnet\packs\Microsoft.NETCore.App.Ref\8.0.23\ref\net8.0\System.Security.AccessControl.dll
           C:\Program Files\dotnet\packs\Microsoft.NETCore.App.Ref\8.0.23\ref\net8.0\System.Security.Claims.dll
           C:\Program Files\dotnet\packs\Microsoft.NETCore.App.Ref\8.0.23\ref\net8.0\System.Security.Cryptography.Algorithms.dll
           C:\Program Files\dotnet\packs\Microsoft.NETCore.App.Ref\8.0.23\ref\net8.0\System.Security.Cryptography.Cng.dll
           C:\Program Files\dotnet\packs\Microsoft.NETCore.App.Ref\8.0.23\ref\net8.0\System.Security.Cryptography.Csp.dll
           C:\Program Files\dotnet\packs\Microsoft.NETCore.App.Ref\8.0.23\ref\net8.0\System.Security.Cryptography.dll
           C:\Program Files\dotnet\packs\Microsoft.NETCore.App.Ref\8.0.23\ref\net8.0\System.Security.Cryptography.Encoding.dll
           C:\Program Files\dotnet\packs\Microsoft.NETCore.App.Ref\8.0.23\ref\net8.0\System.Security.Cryptography.OpenSsl.dll
           C:\Program Files\dotnet\packs\Microsoft.WindowsDesktop.App.Ref\8.0.23\ref\net8.0\System.Security.Cryptography.Pkcs.dll
           C:\Program Files\dotnet\packs\Microsoft.NETCore.App.Ref\8.0.23\ref\net8.0\System.Security.Cryptography.Primitives.dll
           C:\Program Files\dotnet\packs\Microsoft.WindowsDesktop.App.Ref\8.0.23\ref\net8.0\System.Security.Cryptography.ProtectedData.dll
           C:\Program Files\dotnet\packs\Microsoft.NETCore.App.Ref\8.0.23\ref\net8.0\System.Security.Cryptography.X509Certificates.dll
           C:\Program Files\dotnet\packs\Microsoft.WindowsDesktop.App.Ref\8.0.23\ref\net8.0\System.Security.Cryptography.Xml.dll
           C:\Program Files\dotnet\packs\Microsoft.NETCore.App.Ref\8.0.23\ref\net8.0\System.Security.dll
           C:\Program Files\dotnet\packs\Microsoft.WindowsDesktop.App.Ref\8.0.23\ref\net8.0\System.Security.Permissions.dll
           C:\Program Files\dotnet\packs\Microsoft.NETCore.App.Ref\8.0.23\ref\net8.0\System.Security.Principal.dll
           C:\Program Files\dotnet\packs\Microsoft.NETCore.App.Ref\8.0.23\ref\net8.0\System.Security.Principal.Windows.dll
           C:\Program Files\dotnet\packs\Microsoft.NETCore.App.Ref\8.0.23\ref\net8.0\System.Security.SecureString.dll
           C:\Program Files\dotnet\packs\Microsoft.NETCore.App.Ref\8.0.23\ref\net8.0\System.ServiceModel.Web.dll
           C:\Program Files\dotnet\packs\Microsoft.NETCore.App.Ref\8.0.23\ref\net8.0\System.ServiceProcess.dll
           C:\Program Files\dotnet\packs\Microsoft.NETCore.App.Ref\8.0.23\ref\net8.0\System.Text.Encoding.CodePages.dll
           C:\Program Files\dotnet\packs\Microsoft.NETCore.App.Ref\8.0.23\ref\net8.0\System.Text.Encoding.dll
           C:\Program Files\dotnet\packs\Microsoft.NETCore.App.Ref\8.0.23\ref\net8.0\System.Text.Encoding.Extensions.dll
           C:\Program Files\dotnet\packs\Microsoft.NETCore.App.Ref\8.0.23\ref\net8.0\System.Text.Encodings.Web.dll
           C:\Program Files\dotnet\packs\Microsoft.NETCore.App.Ref\8.0.23\ref\net8.0\System.Text.Json.dll
           C:\Program Files\dotnet\packs\Microsoft.NETCore.App.Ref\8.0.23\ref\net8.0\System.Text.RegularExpressions.dll
           C:\Program Files\dotnet\packs\Microsoft.WindowsDesktop.App.Ref\8.0.23\ref\net8.0\System.Threading.AccessControl.dll
           C:\Program Files\dotnet\packs\Microsoft.NETCore.App.Ref\8.0.23\ref\net8.0\System.Threading.Channels.dll
           C:\Program Files\dotnet\packs\Microsoft.NETCore.App.Ref\8.0.23\ref\net8.0\System.Threading.dll
           C:\Program Files\dotnet\packs\Microsoft.NETCore.App.Ref\8.0.23\ref\net8.0\System.Threading.Overlapped.dll
           C:\Program Files\dotnet\packs\Microsoft.NETCore.App.Ref\8.0.23\ref\net8.0\System.Threading.Tasks.Dataflow.dll
           C:\Program Files\dotnet\packs\Microsoft.NETCore.App.Ref\8.0.23\ref\net8.0\System.Threading.Tasks.dll
           C:\Program Files\dotnet\packs\Microsoft.NETCore.App.Ref\8.0.23\ref\net8.0\System.Threading.Tasks.Extensions.dll
           C:\Program Files\dotnet\packs\Microsoft.NETCore.App.Ref\8.0.23\ref\net8.0\System.Threading.Tasks.Parallel.dll
           C:\Program Files\dotnet\packs\Microsoft.NETCore.App.Ref\8.0.23\ref\net8.0\System.Threading.Thread.dll
           C:\Program Files\dotnet\packs\Microsoft.NETCore.App.Ref\8.0.23\ref\net8.0\System.Threading.ThreadPool.dll
           C:\Program Files\dotnet\packs\Microsoft.NETCore.App.Ref\8.0.23\ref\net8.0\System.Threading.Timer.dll
           C:\Program Files\dotnet\packs\Microsoft.NETCore.App.Ref\8.0.23\ref\net8.0\System.Transactions.dll
           C:\Program Files\dotnet\packs\Microsoft.NETCore.App.Ref\8.0.23\ref\net8.0\System.Transactions.Local.dll
           C:\Program Files\dotnet\packs\Microsoft.NETCore.App.Ref\8.0.23\ref\net8.0\System.ValueTuple.dll
           C:\Program Files\dotnet\packs\Microsoft.NETCore.App.Ref\8.0.23\ref\net8.0\System.Web.dll
           C:\Program Files\dotnet\packs\Microsoft.NETCore.App.Ref\8.0.23\ref\net8.0\System.Web.HttpUtility.dll
           C:\Program Files\dotnet\packs\Microsoft.WindowsDesktop.App.Ref\8.0.23\ref\net8.0\System.Windows.Controls.Ribbon.dll
           C:\Program Files\dotnet\packs\Microsoft.NETCore.App.Ref\8.0.23\ref\net8.0\System.Windows.dll
           C:\Program Files\dotnet\packs\Microsoft.WindowsDesktop.App.Ref\8.0.23\ref\net8.0\System.Windows.Extensions.dll
           C:\Program Files\dotnet\packs\Microsoft.WindowsDesktop.App.Ref\8.0.23\ref\net8.0\System.Windows.Forms.Design.dll
           C:\Program Files\dotnet\packs\Microsoft.WindowsDesktop.App.Ref\8.0.23\ref\net8.0\System.Windows.Forms.Design.Editors.dll
           C:\Program Files\dotnet\packs\Microsoft.WindowsDesktop.App.Ref\8.0.23\ref\net8.0\System.Windows.Forms.dll
           C:\Program Files\dotnet\packs\Microsoft.WindowsDesktop.App.Ref\8.0.23\ref\net8.0\System.Windows.Forms.Primitives.dll
           C:\Program Files\dotnet\packs\Microsoft.WindowsDesktop.App.Ref\8.0.23\ref\net8.0\System.Windows.Input.Manipulations.dll
           C:\Program Files\dotnet\packs\Microsoft.WindowsDesktop.App.Ref\8.0.23\ref\net8.0\System.Windows.Presentation.dll
           C:\Program Files\dotnet\packs\Microsoft.WindowsDesktop.App.Ref\8.0.23\ref\net8.0\System.Xaml.dll
           C:\Program Files\dotnet\packs\Microsoft.NETCore.App.Ref\8.0.23\ref\net8.0\System.Xml.dll
           C:\Program Files\dotnet\packs\Microsoft.NETCore.App.Ref\8.0.23\ref\net8.0\System.Xml.Linq.dll
           C:\Program Files\dotnet\packs\Microsoft.NETCore.App.Ref\8.0.23\ref\net8.0\System.Xml.ReaderWriter.dll
           C:\Program Files\dotnet\packs\Microsoft.NETCore.App.Ref\8.0.23\ref\net8.0\System.Xml.Serialization.dll
           C:\Program Files\dotnet\packs\Microsoft.NETCore.App.Ref\8.0.23\ref\net8.0\System.Xml.XDocument.dll
           C:\Program Files\dotnet\packs\Microsoft.NETCore.App.Ref\8.0.23\ref\net8.0\System.Xml.XmlDocument.dll
           C:\Program Files\dotnet\packs\Microsoft.NETCore.App.Ref\8.0.23\ref\net8.0\System.Xml.XmlSerializer.dll
           C:\Program Files\dotnet\packs\Microsoft.NETCore.App.Ref\8.0.23\ref\net8.0\System.Xml.XPath.dll
           C:\Program Files\dotnet\packs\Microsoft.NETCore.App.Ref\8.0.23\ref\net8.0\System.Xml.XPath.XDocument.dll
           C:\Program Files\dotnet\packs\Microsoft.WindowsDesktop.App.Ref\8.0.23\ref\net8.0\UIAutomationClient.dll
           C:\Program Files\dotnet\packs\Microsoft.WindowsDesktop.App.Ref\8.0.23\ref\net8.0\UIAutomationClientSideProviders.dll
           C:\Program Files\dotnet\packs\Microsoft.WindowsDesktop.App.Ref\8.0.23\ref\net8.0\UIAutomationProvider.dll
           C:\Program Files\dotnet\packs\Microsoft.WindowsDesktop.App.Ref\8.0.23\ref\net8.0\UIAutomationTypes.dll
           C:\Program Files\dotnet\packs\Microsoft.WindowsDesktop.App.Ref\8.0.23\ref\net8.0\WindowsBase.dll
           C:\Program Files\dotnet\packs\Microsoft.WindowsDesktop.App.Ref\8.0.23\ref\net8.0\WindowsFormsIntegration.dll
           C:\Users\louis\.nuget\packages\microsoft.windows.sdk.net.ref\10.0.19041.56\lib\net8.0\WinRT.Runtime.dll
           obj\Debug\net8.0-windows10.0.19041.0\CosmoWhisper.csproj.CoreCompileInputs.cache
           app.manifest
           C:\Program Files\dotnet\sdk\8.0.417\Sdks\Microsoft.NET.Sdk\targets\..\analyzers\Microsoft.CodeAnalysis.CSharp.NetAnalyzers.dll
           C:\Program Files\dotnet\sdk\8.0.417\Sdks\Microsoft.NET.Sdk\targets\..\analyzers\Microsoft.CodeAnalysis.NetAnalyzers.dll
           C:\Program Files\dotnet\packs\Microsoft.NETCore.App.Ref\8.0.23\analyzers/dotnet/cs/Microsoft.Interop.ComInterfaceGenerator.dll
           C:\Program Files\dotnet\packs\Microsoft.NETCore.App.Ref\8.0.23\analyzers/dotnet/cs/Microsoft.Interop.JavaScript.JSImportGenerator.dll
           C:\Program Files\dotnet\packs\Microsoft.NETCore.App.Ref\8.0.23\analyzers/dotnet/cs/Microsoft.Interop.LibraryImportGenerator.dll
           C:\Program Files\dotnet\packs\Microsoft.NETCore.App.Ref\8.0.23\analyzers/dotnet/cs/Microsoft.Interop.SourceGeneration.dll
           C:\Program Files\dotnet\packs\Microsoft.NETCore.App.Ref\8.0.23\analyzers/dotnet/cs/System.Text.Json.SourceGeneration.dll
           C:\Program Files\dotnet\packs\Microsoft.NETCore.App.Ref\8.0.23\analyzers/dotnet/cs/System.Text.RegularExpressions.Generator.dll
           C:\Program Files\dotnet\packs\Microsoft.WindowsDesktop.App.Ref\8.0.23\analyzers/dotnet/System.Windows.Forms.Analyzers.dll
           C:\Program Files\dotnet\packs\Microsoft.WindowsDesktop.App.Ref\8.0.23\analyzers/dotnet/cs/System.Windows.Forms.Analyzers.CSharp.dll
           C:\Users\louis\.nuget\packages\microsoft.windows.sdk.net.ref\10.0.19041.56\analyzers/dotnet/cs/WinRT.SourceGenerator.dll
           obj\Debug\net8.0-windows10.0.19041.0\CosmoWhisper.GeneratedMSBuildEditorConfig.editorconfig
           C:\Program Files\dotnet\sdk\8.0.417\Sdks\Microsoft.NET.Sdk\analyzers\build\config\analysislevel_8_default.globalconfig
           C:\Users\louis\OneDrive\Documents\GitHub\CosmoWhisper-Native\CosmoWhisper-Windows\CosmoWhisper\obj\CosmoWhisper.csproj.nuget.g.targets
           C:\Program Files\dotnet\sdk\8.0.417\Current\Microsoft.Common.targets\ImportAfter\Microsoft.TestPlatform.ImportAfter.targets
           app.ico
           obj\Debug\net8.0-windows10.0.19041.0\CosmoWhisper.sourcelink.json
       Output files: 
           obj\Debug\net8.0-windows10.0.19041.0\CosmoWhisperNative.dll
           obj\Debug\net8.0-windows10.0.19041.0\refint\CosmoWhisperNative.dll
           obj\Debug\net8.0-windows10.0.19041.0\CosmoWhisperNative.pdb
   1:7>Done building target "CoreCompile" in project "CosmoWhisper.csproj".
       Target "_TouchLastBuildWithSkipAnalyzers" skipped, due to false condition; ('$(_SkipAnalyzers)' == 'true') was evaluated as ('' == 'true').
       Target "_TimeStampAfterCompile" skipped, due to false condition; ('$(RunPostBuildEvent)'=='OnOutputUpdated' or ('$(RegisterForComInterop)'=='true' and '$(OutputType)'=='library')) was evaluated as (''=='OnOutputUpdated' or (''=='true' and 'WinExe'=='library')).
   1:7>Target "AfterCompile" in file "C:\Program Files\dotnet\sdk\8.0.417\Microsoft.Common.CurrentVersion.targets" from project "C:\Users\louis\OneDrive\Documents\GitHub\CosmoWhisper-Native\CosmoWhisper-Windows\CosmoWhisper\CosmoWhisper.csproj" (target "Compile" depends on it):
   1:7>Done building target "AfterCompile" in project "CosmoWhisper.csproj".
       Target "_ChooseAppHost" skipped. Previously built successfully.
       Target "CoreCompile" skipped. Previously built successfully.
   1:7>Target "_CreateAppHost" in file "C:\Program Files\dotnet\sdk\8.0.417\Sdks\Microsoft.NET.Sdk\targets\Microsoft.NET.Sdk.targets" from project "C:\Users\louis\OneDrive\Documents\GitHub\CosmoWhisper-Native\CosmoWhisper-Windows\CosmoWhisper\CosmoWhisper.csproj" (target "Compile" depends on it):
       Skipping target "_CreateAppHost" because all output files are up-to-date with respect to the input files.
       Input files: 
           obj\Debug\net8.0-windows10.0.19041.0\CosmoWhisperNative.dll
           C:\Program Files\dotnet\packs\Microsoft.NETCore.App.Host.win-x64\8.0.23\runtimes\win-x64\native\apphost.exe
       Output files: C:\Users\louis\OneDrive\Documents\GitHub\CosmoWhisper-Native\CosmoWhisper-Windows\CosmoWhisper\obj\Debug\net8.0-windows10.0.19041.0\apphost.exe
   1:7>Done building target "_CreateAppHost" in project "CosmoWhisper.csproj".
       Target "_CreateComHost" skipped, due to false condition; ('$(ComputeNETCoreBuildOutputFiles)' == 'true' and
                            '$(ComHostIntermediatePath)' != '' and
                            Exists('@(IntermediateAssembly)') and
                            Exists('$(ComHostSourcePath)')) was evaluated as ('true' == 'true' and
                            '' != '' and
                            Exists('obj\Debug\net8.0-windows10.0.19041.0\CosmoWhisperNative.dll') and
                            Exists('C:\Program Files\dotnet\packs\Microsoft.NETCore.App.Host.win-x64\8.0.23\runtimes\win-x64\native\comhost.dll')).
       Target "_GetIjwHostPaths" skipped, due to false condition; ('$(UseIJWHost)' == 'true') was evaluated as ('' == 'true').
       Target "PrepareResourcesForSatelliteAssemblies" skipped, due to false condition; ('$(UICulture)' != '') was evaluated as ('' != '').
       Target "MergeLocalizationDirectives" skipped, due to false condition; ('@(GeneratedLocalizationFiles)' !='') was evaluated as ('' !='').
   1:7>Target "AfterCompileWinFX" in file "C:\Program Files\dotnet\sdk\8.0.417\Sdks\Microsoft.NET.Sdk.WindowsDesktop\targets\Microsoft.WinFX.targets" from project "C:\Users\louis\OneDrive\Documents\GitHub\CosmoWhisper-Native\CosmoWhisper-Windows\CosmoWhisper\CosmoWhisper.csproj" (target "_AfterCompileWinFXInternal" depends on it):
   1:7>Done building target "AfterCompileWinFX" in project "CosmoWhisper.csproj".
   1:7>Target "_AfterCompileWinFXInternal" in file "C:\Program Files\dotnet\sdk\8.0.417\Sdks\Microsoft.NET.Sdk.WindowsDesktop\targets\Microsoft.WinFX.targets" from project "C:\Users\louis\OneDrive\Documents\GitHub\CosmoWhisper-Native\CosmoWhisper-Windows\CosmoWhisper\CosmoWhisper.csproj" (target "Compile" depends on it):
   1:7>Done building target "_AfterCompileWinFXInternal" in project "CosmoWhisper.csproj".
   1:7>Target "Compile" in file "C:\Program Files\dotnet\sdk\8.0.417\Microsoft.Common.CurrentVersion.targets" from project "C:\Users\louis\OneDrive\Documents\GitHub\CosmoWhisper-Native\CosmoWhisper-Windows\CosmoWhisper\CosmoWhisper.csproj" (target "CoreBuild" depends on it):
   1:7>Done building target "Compile" in project "CosmoWhisper.csproj".
       Target "ExportWindowsMDFile" skipped, due to false condition; ('$(ExportWinMDFile)' == 'true') was evaluated as ('' == 'true').
       Target "UnmanagedUnregistration" skipped, due to false condition; ((('$(_AssemblyTimestampBeforeCompile)' != '$(_AssemblyTimestampAfterCompile)' or '$(RegisterForComInterop)' != 'true' or '$(OutputType)' != 'library') or
                           ('$(_AssemblyTimestampBeforeCompile)' == '')) and
                          Exists('@(_UnmanagedRegistrationCache)')) was evaluated as ((('' != '' or '' != 'true' or 'WinExe' != 'library') or
                           ('' == '')) and
                          Exists('obj\CosmoWhisper.csproj.UnmanagedRegistration.cache')).
       Target "GenerateSerializationAssemblies" skipped, due to false condition; ('$(_SGenGenerateSerializationAssembliesConfig)' == 'On' or ('@(WebReferenceUrl)'!='' and '$(_SGenGenerateSerializationAssembliesConfig)' == 'Auto')) was evaluated as ('Off' == 'On' or (''!='' and 'Off' == 'Auto')).
   1:7>Target "_GenerateSatelliteAssemblyInputs" in file "C:\Program Files\dotnet\sdk\8.0.417\Microsoft.Common.CurrentVersion.targets" from project "C:\Users\louis\OneDrive\Documents\GitHub\CosmoWhisper-Native\CosmoWhisper-Windows\CosmoWhisper\CosmoWhisper.csproj" (target "CreateSatelliteAssemblies" depends on it):
       Task "Warning" skipped, due to false condition; ('@(ManifestResourceWithCulture)'!='' and '%(ManifestResourceWithCulture.EmittedForCompatibilityOnly)'=='') was evaluated as (''!='' and ''=='').
       Task "Warning" skipped, due to false condition; ('@(ManifestNonResxWithCultureOnDisk)'!='' and '%(ManifestNonResxWithCultureOnDisk.EmittedForCompatibilityOnly)'=='') was evaluated as (''!='' and ''=='').
   1:7>Done building target "_GenerateSatelliteAssemblyInputs" in project "CosmoWhisper.csproj".
       Target "CreateManifestResourceNames" skipped. Previously built successfully.
   1:7>Target "ComputeIntermediateSatelliteAssemblies" in file "C:\Program Files\dotnet\sdk\8.0.417\Microsoft.Common.CurrentVersion.targets" from project "C:\Users\louis\OneDrive\Documents\GitHub\CosmoWhisper-Native\CosmoWhisper-Windows\CosmoWhisper\CosmoWhisper.csproj" (target "CreateSatelliteAssemblies" depends on it):
   1:7>Done building target "ComputeIntermediateSatelliteAssemblies" in project "CosmoWhisper.csproj".
       Target "GenerateSatelliteAssemblies" skipped, due to false condition; ('@(_SatelliteAssemblyResourceInputs)' != '' and '$(GenerateSatelliteAssembliesForCore)' != 'true') was evaluated as ('' != '' and 'true' != 'true').
       Target "CoreGenerateSatelliteAssemblies" skipped, due to false condition; ('@(_SatelliteAssemblyResourceInputs)' != ''  and '$(GenerateSatelliteAssembliesForCore)' == 'true' ) was evaluated as ('' != ''  and 'true' == 'true' ).
   1:7>Target "CreateSatelliteAssemblies" in file "C:\Program Files\dotnet\sdk\8.0.417\Microsoft.Common.CurrentVersion.targets" from project "C:\Users\louis\OneDrive\Documents\GitHub\CosmoWhisper-Native\CosmoWhisper-Windows\CosmoWhisper\CosmoWhisper.csproj" (target "CoreBuild" depends on it):
   1:7>Done building target "CreateSatelliteAssemblies" in project "CosmoWhisper.csproj".
       Target "GenerateManifests" skipped, due to false condition; ('$(GenerateClickOnceManifests)'=='true' or '@(NativeReference)'!='' or '@(ResolvedIsolatedComModules)'!='' or '$(GenerateAppxManifest)' == 'true') was evaluated as (''=='true' or ''!='' or ''!='' or '' == 'true').
   1:7>Target "GetTargetPathWithTargetPlatformMoniker" in file "C:\Program Files\dotnet\sdk\8.0.417\Microsoft.Common.CurrentVersion.targets" from project "C:\Users\louis\OneDrive\Documents\GitHub\CosmoWhisper-Native\CosmoWhisper-Windows\CosmoWhisper\CosmoWhisper.csproj" (target "GetTargetPath" depends on it):
   1:7>Done building target "GetTargetPathWithTargetPlatformMoniker" in project "CosmoWhisper.csproj".
   1:7>Target "GetTargetPath" in file "C:\Program Files\dotnet\sdk\8.0.417\Microsoft.Common.CurrentVersion.targets" from project "C:\Users\louis\OneDrive\Documents\GitHub\CosmoWhisper-Native\CosmoWhisper-Windows\CosmoWhisper\CosmoWhisper.csproj" (target "CoreBuild" depends on it):
   1:7>Done building target "GetTargetPath" in project "CosmoWhisper.csproj".
       Target "ComputeIntermediateSatelliteAssemblies" skipped. Previously built successfully.
   1:7>Target "_CopyFilesMarkedCopyLocal" in file "C:\Program Files\dotnet\sdk\8.0.417\Microsoft.Common.CurrentVersion.targets" from project "C:\Users\louis\OneDrive\Documents\GitHub\CosmoWhisper-Native\CosmoWhisper-Windows\CosmoWhisper\CosmoWhisper.csproj" (target "CopyFilesToOutputDirectory" depends on it):
       Using "Copy" task from assembly "Microsoft.Build.Tasks.Core, Version=15.1.0.0, Culture=neutral, PublicKeyToken=b03f5f7f11d50a3a".
       Task "Copy"
         Did not copy from file "C:\Users\louis\.nuget\packages\naudio\2.2.1\lib\net6.0-windows7.0\NAudio.dll" to file "bin\Debug\net8.0-windows10.0.19041.0\NAudio.dll" because the "SkipUnchangedFiles" parameter was set to "true" in the project and the files' sizes and timestamps match.
         Did not copy from file "C:\Users\louis\.nuget\packages\naudio.wasapi\2.2.1\lib\netstandard2.0\NAudio.Wasapi.dll" to file "bin\Debug\net8.0-windows10.0.19041.0\NAudio.Wasapi.dll" because the "SkipUnchangedFiles" parameter was set to "true" in the project and the files' sizes and timestamps match.
         Did not copy from file "C:\Users\louis\.nuget\packages\naudio.asio\2.2.1\lib\netstandard2.0\NAudio.Asio.dll" to file "bin\Debug\net8.0-windows10.0.19041.0\NAudio.Asio.dll" because the "SkipUnchangedFiles" parameter was set to "true" in the project and the files' sizes and timestamps match.
         Did not copy from file "C:\Users\louis\.nuget\packages\naudio.core\2.2.1\lib\netstandard2.0\NAudio.Core.dll" to file "bin\Debug\net8.0-windows10.0.19041.0\NAudio.Core.dll" because the "SkipUnchangedFiles" parameter was set to "true" in the project and the files' sizes and timestamps match.
         Did not copy from file "C:\Users\louis\.nuget\packages\naudio.winforms\2.2.1\lib\netcoreapp3.1\NAudio.WinForms.dll" to file "bin\Debug\net8.0-windows10.0.19041.0\NAudio.WinForms.dll" because the "SkipUnchangedFiles" parameter was set to "true" in the project and the files' sizes and timestamps match.
         Did not copy from file "C:\Users\louis\.nuget\packages\naudio.midi\2.2.1\lib\netstandard2.0\NAudio.Midi.dll" to file "bin\Debug\net8.0-windows10.0.19041.0\NAudio.Midi.dll" because the "SkipUnchangedFiles" parameter was set to "true" in the project and the files' sizes and timestamps match.
         Did not copy from file "C:\Users\louis\.nuget\packages\naudio.winmm\2.2.1\lib\netstandard2.0\NAudio.WinMM.dll" to file "bin\Debug\net8.0-windows10.0.19041.0\NAudio.WinMM.dll" because the "SkipUnchangedFiles" parameter was set to "true" in the project and the files' sizes and timestamps match.
         Did not copy from file "C:\Users\louis\.nuget\packages\microsoft.windows.sdk.net.ref\10.0.19041.56\lib\net8.0\Microsoft.Windows.SDK.NET.dll" to file "bin\Debug\net8.0-windows10.0.19041.0\Microsoft.Windows.SDK.NET.dll" because the "SkipUnchangedFiles" parameter was set to "true" in the project and the files' sizes and timestamps match.
         Did not copy from file "C:\Users\louis\.nuget\packages\microsoft.windows.sdk.net.ref\10.0.19041.56\lib\net8.0\WinRT.Runtime.dll" to file "bin\Debug\net8.0-windows10.0.19041.0\WinRT.Runtime.dll" because the "SkipUnchangedFiles" parameter was set to "true" in the project and the files' sizes and timestamps match.
       Done executing task "Copy".
       Task "Touch" skipped, due to false condition; ('@(ReferencesCopiedInThisBuild)' != '' and '$(WroteAtLeastOneFile)' == 'true') was evaluated as ('bin\Debug\net8.0-windows10.0.19041.0\NAudio.dll;bin\Debug\net8.0-windows10.0.19041.0\NAudio.Asio.dll;bin\Debug\net8.0-windows10.0.19041.0\NAudio.Core.dll;...' != '' and 'False' == 'true').
   1:7>Done building target "_CopyFilesMarkedCopyLocal" in project "CosmoWhisper.csproj".
       Target "AssignTargetPaths" skipped. Previously built successfully.
       Target "AssignProjectConfiguration" skipped, due to false condition; ('$(CurrentSolutionConfigurationContents)' != '' or '@(ProjectReference)'!='') was evaluated as ('' != '' or ''!='').
       Target "_SplitProjectReferencesByFileExistence" skipped. Previously built successfully.
       Target "_GetProjectReferenceTargetFrameworkProperties" skipped. Previously built successfully.
   1:7>Target "_PopulateCommonStateForGetCopyToOutputDirectoryItems" in file "C:\Program Files\dotnet\sdk\8.0.417\Microsoft.Common.CurrentVersion.targets" from project "C:\Users\louis\OneDrive\Documents\GitHub\CosmoWhisper-Native\CosmoWhisper-Windows\CosmoWhisper\CosmoWhisper.csproj" (target "GetCopyToOutputDirectoryItems" depends on it):
   1:7>Done building target "_PopulateCommonStateForGetCopyToOutputDirectoryItems" in project "CosmoWhisper.csproj".
   1:7>Target "AddDepsJsonAndRuntimeConfigToCopyItemsForReferencingProjects" in file "C:\Program Files\dotnet\sdk\8.0.417\Sdks\Microsoft.NET.Sdk\targets\Microsoft.NET.Sdk.targets" from project "C:\Users\louis\OneDrive\Documents\GitHub\CosmoWhisper-Native\CosmoWhisper-Windows\CosmoWhisper\CosmoWhisper.csproj" (target "GetCopyToOutputDirectoryItems" depends on it):
   1:7>Done building target "AddDepsJsonAndRuntimeConfigToCopyItemsForReferencingProjects" in project "CosmoWhisper.csproj".
   1:7>Target "GetCopyToOutputDirectoryItems" in file "C:\Program Files\dotnet\sdk\8.0.417\Microsoft.Common.CurrentVersion.targets" from project "C:\Users\louis\OneDrive\Documents\GitHub\CosmoWhisper-Native\CosmoWhisper-Windows\CosmoWhisper\CosmoWhisper.csproj" (target "_CopySourceItemsToOutputDirectory" depends on it):
       Using "CallTarget" task from assembly "Microsoft.Build.Tasks.Core, Version=15.1.0.0, Culture=neutral, PublicKeyToken=b03f5f7f11d50a3a".
       Task "CallTarget"
       Target "_PopulateCommonStateForGetCopyToOutputDirectoryItems" skipped. Previously built successfully.
       Target "_AddOutputPathToGlobalPropertiesToRemove" skipped. Previously built successfully.
   1:7>Target "_GetCopyToOutputDirectoryItemsFromTransitiveProjectReferences" in file "C:\Program Files\dotnet\sdk\8.0.417\Microsoft.Common.CurrentVersion.targets" from project "C:\Users\louis\OneDrive\Documents\GitHub\CosmoWhisper-Native\CosmoWhisper-Windows\CosmoWhisper\CosmoWhisper.csproj" (target "GetCopyToOutputDirectoryItems" depends on it):
       Task "MSBuild" skipped, due to false condition; ('@(_MSBuildProjectReferenceExistent)' != '' and '$(_GetChildProjectCopyToOutputDirectoryItems)' == 'true' and '%(_MSBuildProjectReferenceExistent.Private)' != 'false' and '$(UseCommonOutputDirectory)' != 'true') was evaluated as ('' != '' and 'true' == 'true' and '' != 'false' and 'false' != 'true').
       Task "AssignTargetPath"
       Done executing task "AssignTargetPath".
   1:7>Done building target "_GetCopyToOutputDirectoryItemsFromTransitiveProjectReferences" in project "CosmoWhisper.csproj".
       Done executing task "CallTarget".
       Task "CallTarget"
       Target "AssignTargetPaths" skipped. Previously built successfully.
       Target "_PopulateCommonStateForGetCopyToOutputDirectoryItems" skipped. Previously built successfully.
   1:7>Target "_GetCopyToOutputDirectoryItemsFromThisProject" in file "C:\Program Files\dotnet\sdk\8.0.417\Microsoft.Common.CurrentVersion.targets" from project "C:\Users\louis\OneDrive\Documents\GitHub\CosmoWhisper-Native\CosmoWhisper-Windows\CosmoWhisper\CosmoWhisper.csproj" (target "GetCopyToOutputDirectoryItems" depends on it):
       Task "AssignTargetPath"
       Done executing task "AssignTargetPath".
   1:7>Done building target "_GetCopyToOutputDirectoryItemsFromThisProject" in project "CosmoWhisper.csproj".
       Done executing task "CallTarget".
   1:7>Done building target "GetCopyToOutputDirectoryItems" in project "CosmoWhisper.csproj".
   1:7>Target "_CopyOutOfDateSourceItemsToOutputDirectory" in file "C:\Program Files\dotnet\sdk\8.0.417\Microsoft.Common.CurrentVersion.targets" from project "C:\Users\louis\OneDrive\Documents\GitHub\CosmoWhisper-Native\CosmoWhisper-Windows\CosmoWhisper\CosmoWhisper.csproj" (target "_CopySourceItemsToOutputDirectory" depends on it):
       Building target "_CopyOutOfDateSourceItemsToOutputDirectory" partially, because some output files are out of date with respect to their input files.
       [_SourceItemsToCopyToOutputDirectory: Input=C:\Users\louis\OneDrive\Documents\GitHub\CosmoWhisper-Native\CosmoWhisper-Windows\CosmoWhisper\obj\Debug\net8.0-windows10.0.19041.0\apphost.exe, Output=bin\Debug\net8.0-windows10.0.19041.0\CosmoWhisperNative.exe] Input file is newer than output file.
       Task "Copy"
         Copying file from "C:\Users\louis\OneDrive\Documents\GitHub\CosmoWhisper-Native\CosmoWhisper-Windows\CosmoWhisper\obj\Debug\net8.0-windows10.0.19041.0\apphost.exe" to "C:\Users\louis\OneDrive\Documents\GitHub\CosmoWhisper-Native\CosmoWhisper-Windows\CosmoWhisper\bin\Debug\net8.0-windows10.0.19041.0\CosmoWhisperNative.exe".
   1:7>C:\Program Files\dotnet\sdk\8.0.417\Microsoft.Common.CurrentVersion.targets(5321,5): warning MSB3026: Could not copy "C:\Users\louis\OneDrive\Documents\GitHub\CosmoWhisper-Native\CosmoWhisper-Windows\CosmoWhisper\obj\Debug\net8.0-windows10.0.19041.0\apphost.exe" to "bin\Debug\net8.0-windows10.0.19041.0\CosmoWhisperNative.exe". Beginning retry 1 in 1000ms. The process cannot access the file 'C:\Users\louis\OneDrive\Documents\GitHub\CosmoWhisper-Native\CosmoWhisper-Windows\CosmoWhisper\bin\Debug\net8.0-windows10.0.19041.0\CosmoWhisperNative.exe' because it is being used by another process. The file is locked by: "CosmoWhisperNative (14648)" [C:\Users\louis\OneDrive\Documents\GitHub\CosmoWhisper-Native\CosmoWhisper-Windows\CosmoWhisper\CosmoWhisper.csproj]
         Copying file from "C:\Users\louis\OneDrive\Documents\GitHub\CosmoWhisper-Native\CosmoWhisper-Windows\CosmoWhisper\obj\Debug\net8.0-windows10.0.19041.0\apphost.exe" to "C:\Users\louis\OneDrive\Documents\GitHub\CosmoWhisper-Native\CosmoWhisper-Windows\CosmoWhisper\bin\Debug\net8.0-windows10.0.19041.0\CosmoWhisperNative.exe".
   1:7>C:\Program Files\dotnet\sdk\8.0.417\Microsoft.Common.CurrentVersion.targets(5321,5): warning MSB3026: Could not copy "C:\Users\louis\OneDrive\Documents\GitHub\CosmoWhisper-Native\CosmoWhisper-Windows\CosmoWhisper\obj\Debug\net8.0-windows10.0.19041.0\apphost.exe" to "bin\Debug\net8.0-windows10.0.19041.0\CosmoWhisperNative.exe". Beginning retry 2 in 1000ms. The process cannot access the file 'C:\Users\louis\OneDrive\Documents\GitHub\CosmoWhisper-Native\CosmoWhisper-Windows\CosmoWhisper\bin\Debug\net8.0-windows10.0.19041.0\CosmoWhisperNative.exe' because it is being used by another process. The file is locked by: "CosmoWhisperNative (14648)" [C:\Users\louis\OneDrive\Documents\GitHub\CosmoWhisper-Native\CosmoWhisper-Windows\CosmoWhisper\CosmoWhisper.csproj]
         Copying file from "C:\Users\louis\OneDrive\Documents\GitHub\CosmoWhisper-Native\CosmoWhisper-Windows\CosmoWhisper\obj\Debug\net8.0-windows10.0.19041.0\apphost.exe" to "C:\Users\louis\OneDrive\Documents\GitHub\CosmoWhisper-Native\CosmoWhisper-Windows\CosmoWhisper\bin\Debug\net8.0-windows10.0.19041.0\CosmoWhisperNative.exe".
   1:7>C:\Program Files\dotnet\sdk\8.0.417\Microsoft.Common.CurrentVersion.targets(5321,5): warning MSB3026: Could not copy "C:\Users\louis\OneDrive\Documents\GitHub\CosmoWhisper-Native\CosmoWhisper-Windows\CosmoWhisper\obj\Debug\net8.0-windows10.0.19041.0\apphost.exe" to "bin\Debug\net8.0-windows10.0.19041.0\CosmoWhisperNative.exe". Beginning retry 3 in 1000ms. The process cannot access the file 'C:\Users\louis\OneDrive\Documents\GitHub\CosmoWhisper-Native\CosmoWhisper-Windows\CosmoWhisper\bin\Debug\net8.0-windows10.0.19041.0\CosmoWhisperNative.exe' because it is being used by another process. The file is locked by: "CosmoWhisperNative (14648)" [C:\Users\louis\OneDrive\Documents\GitHub\CosmoWhisper-Native\CosmoWhisper-Windows\CosmoWhisper\CosmoWhisper.csproj]
         Copying file from "C:\Users\louis\OneDrive\Documents\GitHub\CosmoWhisper-Native\CosmoWhisper-Windows\CosmoWhisper\obj\Debug\net8.0-windows10.0.19041.0\apphost.exe" to "C:\Users\louis\OneDrive\Documents\GitHub\CosmoWhisper-Native\CosmoWhisper-Windows\CosmoWhisper\bin\Debug\net8.0-windows10.0.19041.0\CosmoWhisperNative.exe".
   1:7>C:\Program Files\dotnet\sdk\8.0.417\Microsoft.Common.CurrentVersion.targets(5321,5): warning MSB3026: Could not copy "C:\Users\louis\OneDrive\Documents\GitHub\CosmoWhisper-Native\CosmoWhisper-Windows\CosmoWhisper\obj\Debug\net8.0-windows10.0.19041.0\apphost.exe" to "bin\Debug\net8.0-windows10.0.19041.0\CosmoWhisperNative.exe". Beginning retry 4 in 1000ms. The process cannot access the file 'C:\Users\louis\OneDrive\Documents\GitHub\CosmoWhisper-Native\CosmoWhisper-Windows\CosmoWhisper\bin\Debug\net8.0-windows10.0.19041.0\CosmoWhisperNative.exe' because it is being used by another process. The file is locked by: "CosmoWhisperNative (14648)" [C:\Users\louis\OneDrive\Documents\GitHub\CosmoWhisper-Native\CosmoWhisper-Windows\CosmoWhisper\CosmoWhisper.csproj]
         Copying file from "C:\Users\louis\OneDrive\Documents\GitHub\CosmoWhisper-Native\CosmoWhisper-Windows\CosmoWhisper\obj\Debug\net8.0-windows10.0.19041.0\apphost.exe" to "C:\Users\louis\OneDrive\Documents\GitHub\CosmoWhisper-Native\CosmoWhisper-Windows\CosmoWhisper\bin\Debug\net8.0-windows10.0.19041.0\CosmoWhisperNative.exe".
   1:7>C:\Program Files\dotnet\sdk\8.0.417\Microsoft.Common.CurrentVersion.targets(5321,5): warning MSB3026: Could not copy "C:\Users\louis\OneDrive\Documents\GitHub\CosmoWhisper-Native\CosmoWhisper-Windows\CosmoWhisper\obj\Debug\net8.0-windows10.0.19041.0\apphost.exe" to "bin\Debug\net8.0-windows10.0.19041.0\CosmoWhisperNative.exe". Beginning retry 5 in 1000ms. The process cannot access the file 'C:\Users\louis\OneDrive\Documents\GitHub\CosmoWhisper-Native\CosmoWhisper-Windows\CosmoWhisper\bin\Debug\net8.0-windows10.0.19041.0\CosmoWhisperNative.exe' because it is being used by another process. The file is locked by: "CosmoWhisperNative (14648)" [C:\Users\louis\OneDrive\Documents\GitHub\CosmoWhisper-Native\CosmoWhisper-Windows\CosmoWhisper\CosmoWhisper.csproj]
         Copying file from "C:\Users\louis\OneDrive\Documents\GitHub\CosmoWhisper-Native\CosmoWhisper-Windows\CosmoWhisper\obj\Debug\net8.0-windows10.0.19041.0\apphost.exe" to "C:\Users\louis\OneDrive\Documents\GitHub\CosmoWhisper-Native\CosmoWhisper-Windows\CosmoWhisper\bin\Debug\net8.0-windows10.0.19041.0\CosmoWhisperNative.exe".
   1:7>C:\Program Files\dotnet\sdk\8.0.417\Microsoft.Common.CurrentVersion.targets(5321,5): warning MSB3026: Could not copy "C:\Users\louis\OneDrive\Documents\GitHub\CosmoWhisper-Native\CosmoWhisper-Windows\CosmoWhisper\obj\Debug\net8.0-windows10.0.19041.0\apphost.exe" to "bin\Debug\net8.0-windows10.0.19041.0\CosmoWhisperNative.exe". Beginning retry 6 in 1000ms. The process cannot access the file 'C:\Users\louis\OneDrive\Documents\GitHub\CosmoWhisper-Native\CosmoWhisper-Windows\CosmoWhisper\bin\Debug\net8.0-windows10.0.19041.0\CosmoWhisperNative.exe' because it is being used by another process. The file is locked by: "CosmoWhisperNative (14648)" [C:\Users\louis\OneDrive\Documents\GitHub\CosmoWhisper-Native\CosmoWhisper-Windows\CosmoWhisper\CosmoWhisper.csproj]
         Copying file from "C:\Users\louis\OneDrive\Documents\GitHub\CosmoWhisper-Native\CosmoWhisper-Windows\CosmoWhisper\obj\Debug\net8.0-windows10.0.19041.0\apphost.exe" to "C:\Users\louis\OneDrive\Documents\GitHub\CosmoWhisper-Native\CosmoWhisper-Windows\CosmoWhisper\bin\Debug\net8.0-windows10.0.19041.0\CosmoWhisperNative.exe".
   1:7>C:\Program Files\dotnet\sdk\8.0.417\Microsoft.Common.CurrentVersion.targets(5321,5): warning MSB3026: Could not copy "C:\Users\louis\OneDrive\Documents\GitHub\CosmoWhisper-Native\CosmoWhisper-Windows\CosmoWhisper\obj\Debug\net8.0-windows10.0.19041.0\apphost.exe" to "bin\Debug\net8.0-windows10.0.19041.0\CosmoWhisperNative.exe". Beginning retry 7 in 1000ms. The process cannot access the file 'C:\Users\louis\OneDrive\Documents\GitHub\CosmoWhisper-Native\CosmoWhisper-Windows\CosmoWhisper\bin\Debug\net8.0-windows10.0.19041.0\CosmoWhisperNative.exe' because it is being used by another process. The file is locked by: "CosmoWhisperNative (14648)" [C:\Users\louis\OneDrive\Documents\GitHub\CosmoWhisper-Native\CosmoWhisper-Windows\CosmoWhisper\CosmoWhisper.csproj]
         Copying file from "C:\Users\louis\OneDrive\Documents\GitHub\CosmoWhisper-Native\CosmoWhisper-Windows\CosmoWhisper\obj\Debug\net8.0-windows10.0.19041.0\apphost.exe" to "C:\Users\louis\OneDrive\Documents\GitHub\CosmoWhisper-Native\CosmoWhisper-Windows\CosmoWhisper\bin\Debug\net8.0-windows10.0.19041.0\CosmoWhisperNative.exe".
   1:7>C:\Program Files\dotnet\sdk\8.0.417\Microsoft.Common.CurrentVersion.targets(5321,5): warning MSB3026: Could not copy "C:\Users\louis\OneDrive\Documents\GitHub\CosmoWhisper-Native\CosmoWhisper-Windows\CosmoWhisper\obj\Debug\net8.0-windows10.0.19041.0\apphost.exe" to "bin\Debug\net8.0-windows10.0.19041.0\CosmoWhisperNative.exe". Beginning retry 8 in 1000ms. The process cannot access the file 'C:\Users\louis\OneDrive\Documents\GitHub\CosmoWhisper-Native\CosmoWhisper-Windows\CosmoWhisper\bin\Debug\net8.0-windows10.0.19041.0\CosmoWhisperNative.exe' because it is being used by another process. The file is locked by: "CosmoWhisperNative (14648)" [C:\Users\louis\OneDrive\Documents\GitHub\CosmoWhisper-Native\CosmoWhisper-Windows\CosmoWhisper\CosmoWhisper.csproj]
         Copying file from "C:\Users\louis\OneDrive\Documents\GitHub\CosmoWhisper-Native\CosmoWhisper-Windows\CosmoWhisper\obj\Debug\net8.0-windows10.0.19041.0\apphost.exe" to "C:\Users\louis\OneDrive\Documents\GitHub\CosmoWhisper-Native\CosmoWhisper-Windows\CosmoWhisper\bin\Debug\net8.0-windows10.0.19041.0\CosmoWhisperNative.exe".
   1:7>C:\Program Files\dotnet\sdk\8.0.417\Microsoft.Common.CurrentVersion.targets(5321,5): warning MSB3026: Could not copy "C:\Users\louis\OneDrive\Documents\GitHub\CosmoWhisper-Native\CosmoWhisper-Windows\CosmoWhisper\obj\Debug\net8.0-windows10.0.19041.0\apphost.exe" to "bin\Debug\net8.0-windows10.0.19041.0\CosmoWhisperNative.exe". Beginning retry 9 in 1000ms. The process cannot access the file 'C:\Users\louis\OneDrive\Documents\GitHub\CosmoWhisper-Native\CosmoWhisper-Windows\CosmoWhisper\bin\Debug\net8.0-windows10.0.19041.0\CosmoWhisperNative.exe' because it is being used by another process. The file is locked by: "CosmoWhisperNative (14648)" [C:\Users\louis\OneDrive\Documents\GitHub\CosmoWhisper-Native\CosmoWhisper-Windows\CosmoWhisper\CosmoWhisper.csproj]
         Copying file from "C:\Users\louis\OneDrive\Documents\GitHub\CosmoWhisper-Native\CosmoWhisper-Windows\CosmoWhisper\obj\Debug\net8.0-windows10.0.19041.0\apphost.exe" to "C:\Users\louis\OneDrive\Documents\GitHub\CosmoWhisper-Native\CosmoWhisper-Windows\CosmoWhisper\bin\Debug\net8.0-windows10.0.19041.0\CosmoWhisperNative.exe".
   1:7>C:\Program Files\dotnet\sdk\8.0.417\Microsoft.Common.CurrentVersion.targets(5321,5): warning MSB3026: Could not copy "C:\Users\louis\OneDrive\Documents\GitHub\CosmoWhisper-Native\CosmoWhisper-Windows\CosmoWhisper\obj\Debug\net8.0-windows10.0.19041.0\apphost.exe" to "bin\Debug\net8.0-windows10.0.19041.0\CosmoWhisperNative.exe". Beginning retry 10 in 1000ms. The process cannot access the file 'C:\Users\louis\OneDrive\Documents\GitHub\CosmoWhisper-Native\CosmoWhisper-Windows\CosmoWhisper\bin\Debug\net8.0-windows10.0.19041.0\CosmoWhisperNative.exe' because it is being used by another process. The file is locked by: "CosmoWhisperNative (14648)" [C:\Users\louis\OneDrive\Documents\GitHub\CosmoWhisper-Native\CosmoWhisper-Windows\CosmoWhisper\CosmoWhisper.csproj]
         Copying file from "C:\Users\louis\OneDrive\Documents\GitHub\CosmoWhisper-Native\CosmoWhisper-Windows\CosmoWhisper\obj\Debug\net8.0-windows10.0.19041.0\apphost.exe" to "C:\Users\louis\OneDrive\Documents\GitHub\CosmoWhisper-Native\CosmoWhisper-Windows\CosmoWhisper\bin\Debug\net8.0-windows10.0.19041.0\CosmoWhisperNative.exe".
   1:7>C:\Program Files\dotnet\sdk\8.0.417\Microsoft.Common.CurrentVersion.targets(5321,5): error MSB3027: Could not copy "C:\Users\louis\OneDrive\Documents\GitHub\CosmoWhisper-Native\CosmoWhisper-Windows\CosmoWhisper\obj\Debug\net8.0-windows10.0.19041.0\apphost.exe" to "bin\Debug\net8.0-windows10.0.19041.0\CosmoWhisperNative.exe". Exceeded retry count of 10. Failed. The file is locked by: "CosmoWhisperNative (14648)" [C:\Users\louis\OneDrive\Documents\GitHub\CosmoWhisper-Native\CosmoWhisper-Windows\CosmoWhisper\CosmoWhisper.csproj]
   1:7>C:\Program Files\dotnet\sdk\8.0.417\Microsoft.Common.CurrentVersion.targets(5321,5): error MSB3021: Unable to copy file "C:\Users\louis\OneDrive\Documents\GitHub\CosmoWhisper-Native\CosmoWhisper-Windows\CosmoWhisper\obj\Debug\net8.0-windows10.0.19041.0\apphost.exe" to "bin\Debug\net8.0-windows10.0.19041.0\CosmoWhisperNative.exe". The process cannot access the file 'C:\Users\louis\OneDrive\Documents\GitHub\CosmoWhisper-Native\CosmoWhisper-Windows\CosmoWhisper\bin\Debug\net8.0-windows10.0.19041.0\CosmoWhisperNative.exe' because it is being used by another process. [C:\Users\louis\OneDrive\Documents\GitHub\CosmoWhisper-Native\CosmoWhisper-Windows\CosmoWhisper\CosmoWhisper.csproj]
       Done executing task "Copy" -- FAILED.
   1:7>Done building target "_CopyOutOfDateSourceItemsToOutputDirectory" in project "CosmoWhisper.csproj" -- FAILED.
   1:7>Target "_CheckForCompileOutputs" in file "C:\Program Files\dotnet\sdk\8.0.417\Microsoft.Common.CurrentVersion.targets" from project "C:\Users\louis\OneDrive\Documents\GitHub\CosmoWhisper-Native\CosmoWhisper-Windows\CosmoWhisper\CosmoWhisper.csproj" (target "_CleanGetCurrentAndPriorFileWrites" depends on it):
   1:7>Done building target "_CheckForCompileOutputs" in project "CosmoWhisper.csproj".
       Target "_SGenCheckForOutputs" skipped, due to false condition; ('$(_SGenGenerateSerializationAssembliesConfig)' == 'On' or ('@(WebReferenceUrl)'!='' and '$(_SGenGenerateSerializationAssembliesConfig)' == 'Auto')) was evaluated as ('Off' == 'On' or (''!='' and 'Off' == 'Auto')).
   1:7>Target "_CleanGetCurrentAndPriorFileWrites" in file "C:\Program Files\dotnet\sdk\8.0.417\Microsoft.Common.CurrentVersion.targets" from project "C:\Users\louis\OneDrive\Documents\GitHub\CosmoWhisper-Native\CosmoWhisper-Windows\CosmoWhisper\CosmoWhisper.csproj" (target "_CleanRecordFileWrites" depends on it):
       Using "ReadLinesFromFile" task from assembly "Microsoft.Build.Tasks.Core, Version=15.1.0.0, Culture=neutral, PublicKeyToken=b03f5f7f11d50a3a".
       Task "ReadLinesFromFile"
       Done executing task "ReadLinesFromFile".
       Task "ConvertToAbsolutePath"
       Done executing task "ConvertToAbsolutePath".
       Using "FindUnderPath" task from assembly "Microsoft.Build.Tasks.Core, Version=15.1.0.0, Culture=neutral, PublicKeyToken=b03f5f7f11d50a3a".
       Task "FindUnderPath"
         Comparison path is "C:\Users\louis\OneDrive\Documents\GitHub\CosmoWhisper-Native\CosmoWhisper-Windows\CosmoWhisper".
       Done executing task "FindUnderPath".
       Task "FindUnderPath"
         Comparison path is "bin\Debug\net8.0-windows10.0.19041.0\".
       Done executing task "FindUnderPath".
       Task "FindUnderPath"
         Comparison path is "obj\Debug\net8.0-windows10.0.19041.0\".
       Done executing task "FindUnderPath".
       Task "RemoveDuplicates"
       Done executing task "RemoveDuplicates".
   1:7>Done building target "_CleanGetCurrentAndPriorFileWrites" in project "CosmoWhisper.csproj".
   1:7>Target "_CleanRecordFileWrites" in file "C:\Program Files\dotnet\sdk\8.0.417\Microsoft.Common.CurrentVersion.targets" from project "C:\Users\louis\OneDrive\Documents\GitHub\CosmoWhisper-Native\CosmoWhisper-Windows\CosmoWhisper\CosmoWhisper.csproj" (target "CoreBuild" depends on it):
       Task "RemoveDuplicates"
       Done executing task "RemoveDuplicates".
       Task "MakeDir"
       Done executing task "MakeDir".
       Task "WriteLinesToFile"
         Skipping write to file "obj\Debug\net8.0-windows10.0.19041.0\CosmoWhisper.csproj.FileListAbsolute.txt" because content would not change.
       Done executing task "WriteLinesToFile".
   1:7>Done building target "_CleanRecordFileWrites" in project "CosmoWhisper.csproj".
   1:7>Done Building Project "C:\Users\louis\OneDrive\Documents\GitHub\CosmoWhisper-Native\CosmoWhisper-Windows\CosmoWhisper\CosmoWhisper.csproj" (default targets) -- FAILED.

Build FAILED.

       "C:\Users\louis\OneDrive\Documents\GitHub\CosmoWhisper-Native\CosmoWhisper-Windows\CosmoWhisper\CosmoWhisper.csproj" (default target) (1:7) ->
       (_CopyOutOfDateSourceItemsToOutputDirectory target) -> 
         C:\Program Files\dotnet\sdk\8.0.417\Microsoft.Common.CurrentVersion.targets(5321,5): warning MSB3026: Could not copy "C:\Users\louis\OneDrive\Documents\GitHub\CosmoWhisper-Native\CosmoWhisper-Windows\CosmoWhisper\obj\Debug\net8.0-windows10.0.19041.0\apphost.exe" to "bin\Debug\net8.0-windows10.0.19041.0\CosmoWhisperNative.exe". Beginning retry 1 in 1000ms. The process cannot access the file 'C:\Users\louis\OneDrive\Documents\GitHub\CosmoWhisper-Native\CosmoWhisper-Windows\CosmoWhisper\bin\Debug\net8.0-windows10.0.19041.0\CosmoWhisperNative.exe' because it is being used by another process. The file is locked by: "CosmoWhisperNative (14648)" [C:\Users\louis\OneDrive\Documents\GitHub\CosmoWhisper-Native\CosmoWhisper-Windows\CosmoWhisper\CosmoWhisper.csproj]
         C:\Program Files\dotnet\sdk\8.0.417\Microsoft.Common.CurrentVersion.targets(5321,5): warning MSB3026: Could not copy "C:\Users\louis\OneDrive\Documents\GitHub\CosmoWhisper-Native\CosmoWhisper-Windows\CosmoWhisper\obj\Debug\net8.0-windows10.0.19041.0\apphost.exe" to "bin\Debug\net8.0-windows10.0.19041.0\CosmoWhisperNative.exe". Beginning retry 2 in 1000ms. The process cannot access the file 'C:\Users\louis\OneDrive\Documents\GitHub\CosmoWhisper-Native\CosmoWhisper-Windows\CosmoWhisper\bin\Debug\net8.0-windows10.0.19041.0\CosmoWhisperNative.exe' because it is being used by another process. The file is locked by: "CosmoWhisperNative (14648)" [C:\Users\louis\OneDrive\Documents\GitHub\CosmoWhisper-Native\CosmoWhisper-Windows\CosmoWhisper\CosmoWhisper.csproj]
         C:\Program Files\dotnet\sdk\8.0.417\Microsoft.Common.CurrentVersion.targets(5321,5): warning MSB3026: Could not copy "C:\Users\louis\OneDrive\Documents\GitHub\CosmoWhisper-Native\CosmoWhisper-Windows\CosmoWhisper\obj\Debug\net8.0-windows10.0.19041.0\apphost.exe" to "bin\Debug\net8.0-windows10.0.19041.0\CosmoWhisperNative.exe". Beginning retry 3 in 1000ms. The process cannot access the file 'C:\Users\louis\OneDrive\Documents\GitHub\CosmoWhisper-Native\CosmoWhisper-Windows\CosmoWhisper\bin\Debug\net8.0-windows10.0.19041.0\CosmoWhisperNative.exe' because it is being used by another process. The file is locked by: "CosmoWhisperNative (14648)" [C:\Users\louis\OneDrive\Documents\GitHub\CosmoWhisper-Native\CosmoWhisper-Windows\CosmoWhisper\CosmoWhisper.csproj]
         C:\Program Files\dotnet\sdk\8.0.417\Microsoft.Common.CurrentVersion.targets(5321,5): warning MSB3026: Could not copy "C:\Users\louis\OneDrive\Documents\GitHub\CosmoWhisper-Native\CosmoWhisper-Windows\CosmoWhisper\obj\Debug\net8.0-windows10.0.19041.0\apphost.exe" to "bin\Debug\net8.0-windows10.0.19041.0\CosmoWhisperNative.exe". Beginning retry 4 in 1000ms. The process cannot access the file 'C:\Users\louis\OneDrive\Documents\GitHub\CosmoWhisper-Native\CosmoWhisper-Windows\CosmoWhisper\bin\Debug\net8.0-windows10.0.19041.0\CosmoWhisperNative.exe' because it is being used by another process. The file is locked by: "CosmoWhisperNative (14648)" [C:\Users\louis\OneDrive\Documents\GitHub\CosmoWhisper-Native\CosmoWhisper-Windows\CosmoWhisper\CosmoWhisper.csproj]
         C:\Program Files\dotnet\sdk\8.0.417\Microsoft.Common.CurrentVersion.targets(5321,5): warning MSB3026: Could not copy "C:\Users\louis\OneDrive\Documents\GitHub\CosmoWhisper-Native\CosmoWhisper-Windows\CosmoWhisper\obj\Debug\net8.0-windows10.0.19041.0\apphost.exe" to "bin\Debug\net8.0-windows10.0.19041.0\CosmoWhisperNative.exe". Beginning retry 5 in 1000ms. The process cannot access the file 'C:\Users\louis\OneDrive\Documents\GitHub\CosmoWhisper-Native\CosmoWhisper-Windows\CosmoWhisper\bin\Debug\net8.0-windows10.0.19041.0\CosmoWhisperNative.exe' because it is being used by another process. The file is locked by: "CosmoWhisperNative (14648)" [C:\Users\louis\OneDrive\Documents\GitHub\CosmoWhisper-Native\CosmoWhisper-Windows\CosmoWhisper\CosmoWhisper.csproj]
         C:\Program Files\dotnet\sdk\8.0.417\Microsoft.Common.CurrentVersion.targets(5321,5): warning MSB3026: Could not copy "C:\Users\louis\OneDrive\Documents\GitHub\CosmoWhisper-Native\CosmoWhisper-Windows\CosmoWhisper\obj\Debug\net8.0-windows10.0.19041.0\apphost.exe" to "bin\Debug\net8.0-windows10.0.19041.0\CosmoWhisperNative.exe". Beginning retry 6 in 1000ms. The process cannot access the file 'C:\Users\louis\OneDrive\Documents\GitHub\CosmoWhisper-Native\CosmoWhisper-Windows\CosmoWhisper\bin\Debug\net8.0-windows10.0.19041.0\CosmoWhisperNative.exe' because it is being used by another process. The file is locked by: "CosmoWhisperNative (14648)" [C:\Users\louis\OneDrive\Documents\GitHub\CosmoWhisper-Native\CosmoWhisper-Windows\CosmoWhisper\CosmoWhisper.csproj]
         C:\Program Files\dotnet\sdk\8.0.417\Microsoft.Common.CurrentVersion.targets(5321,5): warning MSB3026: Could not copy "C:\Users\louis\OneDrive\Documents\GitHub\CosmoWhisper-Native\CosmoWhisper-Windows\CosmoWhisper\obj\Debug\net8.0-windows10.0.19041.0\apphost.exe" to "bin\Debug\net8.0-windows10.0.19041.0\CosmoWhisperNative.exe". Beginning retry 7 in 1000ms. The process cannot access the file 'C:\Users\louis\OneDrive\Documents\GitHub\CosmoWhisper-Native\CosmoWhisper-Windows\CosmoWhisper\bin\Debug\net8.0-windows10.0.19041.0\CosmoWhisperNative.exe' because it is being used by another process. The file is locked by: "CosmoWhisperNative (14648)" [C:\Users\louis\OneDrive\Documents\GitHub\CosmoWhisper-Native\CosmoWhisper-Windows\CosmoWhisper\CosmoWhisper.csproj]
         C:\Program Files\dotnet\sdk\8.0.417\Microsoft.Common.CurrentVersion.targets(5321,5): warning MSB3026: Could not copy "C:\Users\louis\OneDrive\Documents\GitHub\CosmoWhisper-Native\CosmoWhisper-Windows\CosmoWhisper\obj\Debug\net8.0-windows10.0.19041.0\apphost.exe" to "bin\Debug\net8.0-windows10.0.19041.0\CosmoWhisperNative.exe". Beginning retry 8 in 1000ms. The process cannot access the file 'C:\Users\louis\OneDrive\Documents\GitHub\CosmoWhisper-Native\CosmoWhisper-Windows\CosmoWhisper\bin\Debug\net8.0-windows10.0.19041.0\CosmoWhisperNative.exe' because it is being used by another process. The file is locked by: "CosmoWhisperNative (14648)" [C:\Users\louis\OneDrive\Documents\GitHub\CosmoWhisper-Native\CosmoWhisper-Windows\CosmoWhisper\CosmoWhisper.csproj]
         C:\Program Files\dotnet\sdk\8.0.417\Microsoft.Common.CurrentVersion.targets(5321,5): warning MSB3026: Could not copy "C:\Users\louis\OneDrive\Documents\GitHub\CosmoWhisper-Native\CosmoWhisper-Windows\CosmoWhisper\obj\Debug\net8.0-windows10.0.19041.0\apphost.exe" to "bin\Debug\net8.0-windows10.0.19041.0\CosmoWhisperNative.exe". Beginning retry 9 in 1000ms. The process cannot access the file 'C:\Users\louis\OneDrive\Documents\GitHub\CosmoWhisper-Native\CosmoWhisper-Windows\CosmoWhisper\bin\Debug\net8.0-windows10.0.19041.0\CosmoWhisperNative.exe' because it is being used by another process. The file is locked by: "CosmoWhisperNative (14648)" [C:\Users\louis\OneDrive\Documents\GitHub\CosmoWhisper-Native\CosmoWhisper-Windows\CosmoWhisper\CosmoWhisper.csproj]
         C:\Program Files\dotnet\sdk\8.0.417\Microsoft.Common.CurrentVersion.targets(5321,5): warning MSB3026: Could not copy "C:\Users\louis\OneDrive\Documents\GitHub\CosmoWhisper-Native\CosmoWhisper-Windows\CosmoWhisper\obj\Debug\net8.0-windows10.0.19041.0\apphost.exe" to "bin\Debug\net8.0-windows10.0.19041.0\CosmoWhisperNative.exe". Beginning retry 10 in 1000ms. The process cannot access the file 'C:\Users\louis\OneDrive\Documents\GitHub\CosmoWhisper-Native\CosmoWhisper-Windows\CosmoWhisper\bin\Debug\net8.0-windows10.0.19041.0\CosmoWhisperNative.exe' because it is being used by another process. The file is locked by: "CosmoWhisperNative (14648)" [C:\Users\louis\OneDrive\Documents\GitHub\CosmoWhisper-Native\CosmoWhisper-Windows\CosmoWhisper\CosmoWhisper.csproj]


       "C:\Users\louis\OneDrive\Documents\GitHub\CosmoWhisper-Native\CosmoWhisper-Windows\CosmoWhisper\CosmoWhisper.csproj" (default target) (1:7) ->
       (_CopyOutOfDateSourceItemsToOutputDirectory target) -> 
         C:\Program Files\dotnet\sdk\8.0.417\Microsoft.Common.CurrentVersion.targets(5321,5): error MSB3027: Could not copy "C:\Users\louis\OneDrive\Documents\GitHub\CosmoWhisper-Native\CosmoWhisper-Windows\CosmoWhisper\obj\Debug\net8.0-windows10.0.19041.0\apphost.exe" to "bin\Debug\net8.0-windows10.0.19041.0\CosmoWhisperNative.exe". Exceeded retry count of 10. Failed. The file is locked by: "CosmoWhisperNative (14648)" [C:\Users\louis\OneDrive\Documents\GitHub\CosmoWhisper-Native\CosmoWhisper-Windows\CosmoWhisper\CosmoWhisper.csproj]
         C:\Program Files\dotnet\sdk\8.0.417\Microsoft.Common.CurrentVersion.targets(5321,5): error MSB3021: Unable to copy file "C:\Users\louis\OneDrive\Documents\GitHub\CosmoWhisper-Native\CosmoWhisper-Windows\CosmoWhisper\obj\Debug\net8.0-windows10.0.19041.0\apphost.exe" to "bin\Debug\net8.0-windows10.0.19041.0\CosmoWhisperNative.exe". The process cannot access the file 'C:\Users\louis\OneDrive\Documents\GitHub\CosmoWhisper-Native\CosmoWhisper-Windows\CosmoWhisper\bin\Debug\net8.0-windows10.0.19041.0\CosmoWhisperNative.exe' because it is being used by another process. [C:\Users\louis\OneDrive\Documents\GitHub\CosmoWhisper-Native\CosmoWhisper-Windows\CosmoWhisper\CosmoWhisper.csproj]

    10 Warning(s)
    2 Error(s)

Time Elapsed 00:00:12.46
